timestamp,pair,action,confidence,recommended_shares,notional,estimated_profit,estimated_profit_bps,predicted_tracking_error,liquidity_score,persistence_score,regime,regime_confidence,applied_alert_tracking_error_pct,applied_confidence_threshold,reason,executed,hit,realized_net_profit,realized_net_profit_bps,realized_spread_capture,entry_timestamp,exit_timestamp
2026-05-08 18:30:00+00:00,SPY_^GSPC,HOLD,0.39051549904493643,0,0.0,0.0,0.0,7.157769340467775e-05,1.0,0.5555208930334794,Unknown,0.0,0.05,0.7,Signal below confidence or profit threshold; no capital allocation recommended under conservative risk rules.,False,False,0.0,0.0,0.0,2026-05-08 18:30:00+00:00,2026-05-08 18:30:00+00:00
2026-05-08 18:30:00+00:00,QQQ_^NDX,HOLD,0.3221893858006552,0,0.0,0.0,0.0,7.514107184891712e-05,1.0,0.3238078728367205,Unknown,0.0,0.05,0.7,Signal below confidence or profit threshold; no capital allocation recommended under conservative risk rules.,False,False,0.0,0.0,0.0,2026-05-08 18:30:00+00:00,2026-05-08 18:30:00+00:00
2026-05-08 18:35:00+00:00,SPY_^GSPC,HOLD,0.3908589332514504,0,0.0,0.0,0.0,7.202792668155016e-05,1.0,0.5561654145253343,Unknown,0.0,0.05,0.7,Signal below confidence or profit threshold; no capital allocation recommended under conservative risk rules.,False,False,0.0,0.0,0.0,2026-05-08 18:35:00+00:00,2026-05-08 18:35:00+00:00
2026-05-08 18:35:00+00:00,QQQ_^NDX,HOLD,0.3212977161542322,0,0.0,0.0,0.0,7.462309106286166e-05,1.0,0.3214111748887055,Unknown,0.0,0.05,0.7,Signal below confidence or profit threshold; no capital allocation recommended under conservative risk rules.,False,False,0.0,0.0,0.0,2026-05-08 18:35:00+00:00,2026-05-08 18:35:00+00:00
2026-05-08 18:40:00+00:00,URTH_ACWI,HOLD,0.2636905517973254,0,0.0,0.0,0.0,0.00028908604892775375,0.02361039433705648,0.5420215220688764,Unknown,0.0,0.05,0.7,Signal below confidence or profit threshold; no capital allocation recommended under conservative risk rules.,False,False,0.0,0.0,0.0,2026-05-08 18:40:00+00:00,2026-05-08 18:40:00+00:00
2026-05-08 18:40:00+00:00,SPY_^GSPC,HOLD,0.36630485499727405,0,0.0,0.0,0.0,6.843311630470916e-05,1.0,0.4783127207634588,Unknown,0.0,0.05,0.7,Signal below confidence or profit threshold; no capital allocation recommended under conservative risk rules.,False,False,0.0,0.0,0.0,2026-05-08 18:40:00+00:00,2026-05-08 18:40:00+00:00
2026-05-08 18:40:00+00:00,QQQ_^NDX,HOLD,0.29874958730108764,0,0.0,0.0,0.0,7.84822760261919e-05,1.0,0.2419627620856344,Unknown,0.0,0.05,0.7,Signal below confidence or profit threshold; no capital allocation recommended under conservative risk rules.,False,False,0.0,0.0,0.0,2026-05-08 18:40:00+00:00,2026-05-08 18:40:00+00:00
2026-05-08 18:45:00+00:00,SPY_^GSPC,HOLD,0.3662709700382946,0,0.0,0.0,0.0,6.837412126371463e-05,1.0,0.47826532094574353,Unknown,0.0,0.05,0.7,Signal below confidence or profit threshold; no capital allocation recommended under conservative risk rules.,False,False,0.0,0.0,0.0,2026-05-08 18:45:00+00:00,2026-05-08 18:45:00+00:00
2026-05-08 18:45:00+00:00,QQQ_^NDX,HOLD,0.3241393067898651,0,0.0,0.0,0.0,8.198667364153867e-05,1.0,0.3227013852533961,Unknown,0.0,0.05,0.7,Signal below confidence or profit threshold; no capital allocation recommended under conservative risk rules.,False,False,0.0,0.0,0.0,2026-05-08 18:45:00+00:00,2026-05-08 18:45:00+00:00
2026-05-08 18:45:00+00:00,URTH_ACWI,HOLD,0.280178702213137,0,0.0,0.0,0.0,0.0003421645650299924,0.022745338353678386,0.5385825984413464,Unknown,0.0,0.05,0.7,Signal below confidence or profit threshold; no capital allocation recommended under conservative risk rules.,False,False,0.0,0.0,0.0,2026-05-08 18:45:00+00:00,2026-05-08 18:45:00+00:00
2026-05-08 18:50:00+00:00,QQQ_^NDX,HOLD,0.2978839216742467,0,0.0,0.0,0.0,7.276754485214852e-05,1.0,0.24542691130065736,Unknown,0.0,0.05,0.7,Signal below confidence or profit threshold; no capital allocation recommended under conservative risk rules.,False,False,0.0,0.0,0.0,2026-05-08 18:50:00+00:00,2026-05-08 18:50:00+00:00
2026-05-08 18:50:00+00:00,SPY_^GSPC,HOLD,0.3450895548941426,0,0.0,0.0,0.0,7.57386629876736e-05,1.0,0.399477779660838,Unknown,0.0,0.05,0.7,Signal below confidence or profit threshold; no capital allocation recommended under conservative risk rules.,False,False,0.0,0.0,0.0,2026-05-08 18:50:00+00:00,2026-05-08 18:50:00+00:00
2026-05-08 18:50:00+00:00,URTH_ACWI,HOLD,0.2795205001535129,0,0.0,0.0,0.0,0.000337610504605238,0.029741705541178384,0.5367844139228819,Unknown,0.0,0.05,0.7,Signal below confidence or profit threshold; no capital allocation recommended under conservative risk rules.,False,False,0.0,0.0,0.0,2026-05-08 18:50:00+00:00,2026-05-08 18:50:00+00:00
2026-05-08 18:55:00+00:00,SPY_^GSPC,HOLD,0.3205068281795434,0,0.0,0.0,0.0,7.205361426385449e-05,1.0,0.3216298558608619,Unknown,0.0,0.05,0.7,Signal below confidence or profit threshold; no capital allocation recommended under conservative risk rules.,False,False,0.0,0.0,0.0,2026-05-08 18:55:00+00:00,2026-05-08 18:55:00+00:00
2026-05-08 18:55:00+00:00,QQQ_^NDX,HOLD,0.324308931153933,0,0.0,0.0,0.0,8.04356080577436e-05,1.0,0.324990206004506,Unknown,0.0,0.05,0.7,Signal below confidence or profit threshold; no capital allocation recommended under conservative risk rules.,False,False,0.0,0.0,0.0,2026-05-08 18:55:00+00:00,2026-05-08 18:55:00+00:00
2026-05-08 18:55:00+00:00,URTH_ACWI,HOLD,0.28092820658237305,0,0.0,0.0,0.0,0.0003435548816483193,0.031059868990275064,0.5339931296718166,Unknown,0.0,0.05,0.7,Signal below confidence or profit threshold; no capital allocation recommended under conservative risk rules.,False,False,0.0,0.0,0.0,2026-05-08 18:55:00+00:00,2026-05-08 18:55:00+00:00
2026-05-08 19:00:00+00:00,QQQ_^NDX,HOLD,0.3260196740309794,0,0.0,0.0,0.0,8.271002961564952e-05,1.0,0.32816554719698743,Unknown,0.0,0.05,0.7,Signal below confidence or profit threshold; no capital allocation recommended under conservative risk rules.,False,False,0.0,0.0,0.0,2026-05-08 19:00:00+00:00,2026-05-08 19:00:00+00:00
2026-05-08 19:00:00+00:00,SPY_^GSPC,HOLD,0.32081077521168616,0,0.0,0.0,0.0,7.327304663541649e-05,1.0,0.32128808777737994,Unknown,0.0,0.05,0.7,Signal below confidence or profit threshold; no capital allocation recommended under conservative risk rules.,False,False,0.0,0.0,0.0,2026-05-08 19:00:00+00:00,2026-05-08 19:00:00+00:00
2026-05-08 19:05:00+00:00,QQQ_^NDX,HOLD,0.3023975585591562,0,0.0,0.0,0.0,8.356073355614483e-05,1.0,0.24847993569035975,Unknown,0.0,0.05,0.7,Signal below confidence or profit threshold; no capital allocation recommended under conservative risk rules.,False,False,0.0,0.0,0.0,2026-05-08 19:05:00+00:00,2026-05-08 19:05:00+00:00
2026-05-08 19:05:00+00:00,URTH_ACWI,HOLD,0.2729483151361105,0,0.0,0.0,0.0,0.0003316275332732935,0.027934553258768716,0.5227296446441964,Unknown,0.0,0.05,0.7,Signal below confidence or profit threshold; no capital allocation recommended under conservative risk rules.,False,False,0.0,0.0,0.0,2026-05-08 19:05:00+00:00,2026-05-08 19:05:00+00:00
2026-05-08 19:05:00+00:00,SPY_^GSPC,HOLD,0.2966788385464849,0,0.0,0.0,0.0,7.179933218760344e-05,1.0,0.24248575939094588,Unknown,0.0,0.05,0.7,Signal below confidence or profit threshold; no capital allocation recommended under conservative risk rules.,False,False,0.0,0.0,0.0,2026-05-08 19:05:00+00:00,2026-05-08 19:05:00+00:00
2026-05-08 19:10:00+00:00,SPY_^GSPC,HOLD,0.2959918788754913,0,0.0,0.0,0.0,6.896035274152045e-05,1.0,0.2433503154277259,Unknown,0.0,0.05,0.7,Signal below confidence or profit threshold; no capital allocation recommended under conservative risk rules.,False,False,0.0,0.0,0.0,2026-05-08 19:10:00+00:00,2026-05-08 19:10:00+00:00
2026-05-08 19:10:00+00:00,QQQ_^NDX,HOLD,0.3021265690377678,0,0.0,0.0,0.0,8.240845969271568e-05,1.0,0.2488569415784308,Unknown,0.0,0.05,0.7,Signal below confidence or profit threshold; no capital allocation recommended under conservative risk rules.,False,False,0.0,0.0,0.0,2026-05-08 19:10:00+00:00,2026-05-08 19:10:00+00:00
2026-05-08 19:15:00+00:00,URTH_ACWI,HOLD,0.2517312727049999,0,0.0,0.0,0.0,0.0002737685036812106,0.026181867804260253,0.5174624375013699,Unknown,0.0,0.05,0.7,Signal below confidence or profit threshold; no capital allocation recommended under conservative risk rules.,False,False,0.0,0.0,0.0,2026-05-08 19:15:00+00:00,2026-05-08 19:15:00+00:00
2026-05-08 19:15:00+00:00,SPY_^GSPC,HOLD,0.3173700179160824,0,0.0,0.0,0.0,6.522113084305337e-05,1.0,0.31876546989465976,Unknown,0.0,0.05,0.7,Signal below confidence or profit threshold; no capital allocation recommended under conservative risk rules.,False,False,0.0,0.0,0.0,2026-05-08 19:15:00+00:00,2026-05-08 19:15:00+00:00
2026-05-08 19:15:00+00:00,QQQ_^NDX,HOLD,0.30075502832471435,0,0.0,0.0,0.0,7.967567100599813e-05,1.0,0.24732157107571645,Unknown,0.0,0.05,0.7,Signal below confidence or profit threshold; no capital allocation recommended under conservative risk rules.,False,False,0.0,0.0,0.0,2026-05-08 19:15:00+00:00,2026-05-08 19:15:00+00:00
2026-05-08 19:20:00+00:00,URTH_ACWI,HOLD,0.2590927681534032,0,0.0,0.0,0.0,0.0002898889025964003,0.0253858765218099,0.5246198621674705,Unknown,0.0,0.05,0.7,Signal below confidence or profit threshold; no capital allocation recommended under conservative risk rules.,False,False,0.0,0.0,0.0,2026-05-08 19:20:00+00:00,2026-05-08 19:20:00+00:00
2026-05-08 19:20:00+00:00,QQQ_^NDX,HOLD,0.30163729099905795,0,0.0,0.0,0.0,8.165914952304073e-05,1.0,0.24805858163792563,Unknown,0.0,0.05,0.7,Signal below confidence or profit threshold; no capital allocation recommended under conservative risk rules.,False,False,0.0,0.0,0.0,2026-05-08 19:20:00+00:00,2026-05-08 19:20:00+00:00
2026-05-08 19:20:00+00:00,SPY_^GSPC,HOLD,0.2945518395620938,0,0.0,0.0,0.0,6.807377719414697e-05,1.0,0.23953526832459376,Unknown,0.0,0.05,0.7,Signal below confidence or profit threshold; no capital allocation recommended under conservative risk rules.,False,False,0.0,0.0,0.0,2026-05-08 19:20:00+00:00,2026-05-08 19:20:00+00:00
2026-05-08 19:25:00+00:00,SPY_^GSPC,HOLD,0.31923504370839845,0,0.0,0.0,0.0,7.142654800615943e-05,1.0,0.3180873145767066,Unknown,0.0,0.05,0.7,Signal below confidence or profit threshold; no capital allocation recommended under conservative risk rules.,False,False,0.0,0.0,0.0,2026-05-08 19:25:00+00:00,2026-05-08 19:25:00+00:00
2026-05-08 19:25:00+00:00,QQQ_^NDX,HOLD,0.32521882105142164,0,0.0,0.0,0.0,7.987790577735176e-05,1.0,0.3286428415299034,Unknown,0.0,0.05,0.7,Signal below confidence or profit threshold; no capital allocation recommended under conservative risk rules.,False,False,0.0,0.0,0.0,2026-05-08 19:25:00+00:00,2026-05-08 19:25:00+00:00
2026-05-08 19:25:00+00:00,URTH_ACWI,HOLD,0.2261496261150593,0,0.0,0.0,0.0,0.0002606217628727574,0.024953952520243326,0.44761638217808275,Unknown,0.0,0.05,0.7,Signal below confidence or profit threshold; no capital allocation recommended under conservative risk rules.,False,False,0.0,0.0,0.0,2026-05-08 19:25:00+00:00,2026-05-08 19:25:00+00:00
2026-05-08 19:30:00+00:00,URTH_ACWI,HOLD,0.23944276110080695,0,0.0,0.0,0.0,0.00024150263054363092,0.027080499568583168,0.5117526144640445,Unknown,0.0,0.05,0.7,Signal below confidence or profit threshold; no capital allocation recommended under conservative risk rules.,False,False,0.0,0.0,0.0,2026-05-08 19:30:00+00:00,2026-05-08 19:30:00+00:00
2026-05-08 19:30:00+00:00,QQQ_^NDX,HOLD,0.30318573420442113,0,0.0,0.0,0.0,8.445080958671628e-05,1.0,0.2501182144739412,Unknown,0.0,0.05,0.7,Signal below confidence or profit threshold; no capital allocation recommended under conservative risk rules.,False,False,0.0,0.0,0.0,2026-05-08 19:30:00+00:00,2026-05-08 19:30:00+00:00
2026-05-08 19:30:00+00:00,SPY_^GSPC,HOLD,0.3198790581530727,0,0.0,0.0,0.0,7.371953069895668e-05,1.0,0.31768627084473494,Unknown,0.0,0.05,0.7,Signal below confidence or profit threshold; no capital allocation recommended under conservative risk rules.,False,False,0.0,0.0,0.0,2026-05-08 19:30:00+00:00,2026-05-08 19:30:00+00:00
2026-05-08 19:35:00+00:00,SPY_^GSPC,HOLD,0.3436623543522505,0,0.0,0.0,0.0,7.457484254391451e-05,1.0,0.39601357834759665,Unknown,0.0,0.05,0.7,Signal below confidence or profit threshold; no capital allocation recommended under conservative risk rules.,False,False,0.0,0.0,0.0,2026-05-08 19:35:00+00:00,2026-05-08 19:35:00+00:00
2026-05-08 19:35:00+00:00,QQQ_^NDX,HOLD,0.3033464916658137,0,0.0,0.0,0.0,8.420488966353403e-05,1.0,0.25092731703767446,Unknown,0.0,0.05,0.7,Signal below confidence or profit threshold; no capital allocation recommended under conservative risk rules.,False,False,0.0,0.0,0.0,2026-05-08 19:35:00+00:00,2026-05-08 19:35:00+00:00
2026-05-08 19:35:00+00:00,URTH_ACWI,HOLD,0.21259912670665163,0,0.0,0.0,0.0,0.00023234142952016404,0.028586246689961754,0.4314491139842376,Unknown,0.0,0.05,0.7,Signal below confidence or profit threshold; no capital allocation recommended under conservative risk rules.,False,False,0.0,0.0,0.0,2026-05-08 19:35:00+00:00,2026-05-08 19:35:00+00:00
2026-05-08 19:40:00+00:00,SPY_^GSPC,HOLD,0.34224348238981306,0,0.0,0.0,0.0,7.020791979326553e-05,1.0,0.39613614152908194,Unknown,0.0,0.05,0.7,Signal below confidence or profit threshold; no capital allocation recommended under conservative risk rules.,False,False,0.0,0.0,0.0,2026-05-08 19:40:00+00:00,2026-05-08 19:40:00+00:00
2026-05-08 19:40:00+00:00,QQQ_^NDX,HOLD,0.30256401916683007,0,0.0,0.0,0.0,8.340771259030436e-05,1.0,0.24920482767798435,Unknown,0.0,0.05,0.7,Signal below confidence or profit threshold; no capital allocation recommended under conservative risk rules.,False,False,0.0,0.0,0.0,2026-05-08 19:40:00+00:00,2026-05-08 19:40:00+00:00
2026-05-08 19:40:00+00:00,URTH_ACWI,HOLD,0.20529314466814624,0,0.0,0.0,0.0,0.00020940460191478695,0.031361495963745115,0.4307310383460053,Unknown,0.0,0.05,0.7,Signal below confidence or profit threshold; no capital allocation recommended under conservative risk rules.,False,False,0.0,0.0,0.0,2026-05-08 19:40:00+00:00,2026-05-08 19:40:00+00:00
2026-05-08 19:45:00+00:00,SPY_^GSPC,HOLD,0.34132001684989366,0,0.0,0.0,0.0,6.69493825781955e-05,1.0,0.39667851996831716,Unknown,0.0,0.05,0.7,Signal below confidence or profit threshold; no capital allocation recommended under conservative risk rules.,False,False,0.0,0.0,0.0,2026-05-08 19:45:00+00:00,2026-05-08 19:45:00+00:00
2026-05-08 19:45:00+00:00,QQQ_^NDX,HOLD,0.2998623983926775,0,0.0,0.0,0.0,7.84976629726808e-05,1.0,0.24565503578372408,Unknown,0.0,0.05,0.7,Signal below confidence or profit threshold; no capital allocation recommended under conservative risk rules.,False,False,0.0,0.0,0.0,2026-05-08 19:45:00+00:00,2026-05-08 19:45:00+00:00
2026-05-08 19:45:00+00:00,URTH_ACWI,HOLD,0.2112521766502021,0,0.0,0.0,0.0,0.000221074823386899,0.03283035036376953,0.43664832927271735,Unknown,0.0,0.05,0.7,Signal below confidence or profit threshold; no capital allocation recommended under conservative risk rules.,False,False,0.0,0.0,0.0,2026-05-08 19:45:00+00:00,2026-05-08 19:45:00+00:00
2026-05-08 19:50:00+00:00,SPY_^GSPC,HOLD,0.34229001164271006,0,0.0,0.0,0.0,6.901171023614292e-05,1.0,0.3976203607688747,Unknown,0.0,0.05,0.7,Signal below confidence or profit threshold; no capital allocation recommended under conservative risk rules.,False,False,0.0,0.0,0.0,2026-05-08 19:50:00+00:00,2026-05-08 19:50:00+00:00
2026-05-08 19:50:00+00:00,URTH_ACWI,HOLD,0.2209864156986863,0,0.0,0.0,0.0,0.000247541343654258,0.032727726298980714,0.4397569640693473,Unknown,0.0,0.05,0.7,Signal below confidence or profit threshold; no capital allocation recommended under conservative risk rules.,False,False,0.0,0.0,0.0,2026-05-08 19:50:00+00:00,2026-05-08 19:50:00+00:00
2026-05-08 19:50:00+00:00,QQQ_^NDX,HOLD,0.3017602043011241,0,0.0,0.0,0.0,8.267130070299553e-05,1.0,0.2473436802226408,Unknown,0.0,0.05,0.7,Signal below confidence or profit threshold; no capital allocation recommended under conservative risk rules.,False,False,0.0,0.0,0.0,2026-05-08 19:50:00+00:00,2026-05-08 19:50:00+00:00
2026-05-08 19:55:00+00:00,SPY_^GSPC,HOLD,0.3422667244556859,0,0.0,0.0,0.0,6.455315784926873e-05,1.0,0.4024966839086544,Unknown,0.0,0.05,0.7,Signal below confidence or profit threshold; no capital allocation recommended under conservative risk rules.,False,False,0.0,0.0,0.0,2026-05-08 19:55:00+00:00,2026-05-08 19:55:00+00:00
2026-05-08 19:55:00+00:00,URTH_ACWI,HOLD,0.205761942674145,0,0.0,0.0,0.0,0.00025134455273582957,0.05371329685043335,0.37079255241816156,Unknown,0.0,0.05,0.7,Signal below confidence or profit threshold; no capital allocation recommended under conservative risk rules.,False,False,0.0,0.0,0.0,2026-05-08 19:55:00+00:00,2026-05-08 19:55:00+00:00
2026-05-08 19:55:00+00:00,QQQ_^NDX,HOLD,0.30244240541147904,0,0.0,0.0,0.0,8.042896576775115e-05,1.0,0.25210916718520654,Unknown,0.0,0.05,0.7,Signal below confidence or profit threshold; no capital allocation recommended under conservative risk rules.,False,False,0.0,0.0,0.0,2026-05-08 19:55:00+00:00,2026-05-08 19:55:00+00:00
2026-05-11 12:40:00+00:00,BNKE.L_^STOXX50E,HOLD,0.2491395338703742,0,0.0,0.0,0.0,0.0002705779265004262,0.0007652412703450521,0.5293128114983217,Unknown,0.0,0.05,0.7,Signal below confidence or profit threshold; no capital allocation recommended under conservative risk rules.,False,False,0.0,0.0,0.0,2026-05-11 12:40:00+00:00,2026-05-11 12:40:00+00:00
2026-05-11 12:55:00+00:00,BNKE.L_^STOXX50E,HOLD,0.2228852521153668,0,0.0,0.0,0.0,0.0002767172222455785,0.0010158145928955077,0.43481005038309406,Unknown,0.0,0.05,0.7,Signal below confidence or profit threshold; no capital allocation recommended under conservative risk rules.,False,False,0.0,0.0,0.0,2026-05-11 12:55:00+00:00,2026-05-11 12:55:00+00:00
2026-05-11 13:05:00+00:00,BNKE.L_^STOXX50E,HOLD,0.22839772424782614,0,0.0,0.0,0.0,0.0002723117841479672,0.0010144011325073242,0.4580808310177854,Unknown,0.0,0.05,0.7,Signal below confidence or profit threshold; no capital allocation recommended under conservative risk rules.,False,False,0.0,0.0,0.0,2026-05-11 13:05:00+00:00,2026-05-11 13:05:00+00:00
2026-05-11 13:15:00+00:00,BNKE.L_^STOXX50E,HOLD,0.24467707193436672,0,0.0,0.0,0.0,0.0002409183532099947,0.0010096865102132162,0.5472300563188639,Unknown,0.0,0.05,0.7,Signal below confidence or profit threshold; no capital allocation recommended under conservative risk rules.,False,False,0.0,0.0,0.0,2026-05-11 13:15:00+00:00,2026-05-11 13:15:00+00:00
2026-05-11 13:20:00+00:00,BNKE.L_^STOXX50E,HOLD,0.2751893831247707,0,0.0,0.0,0.0,0.0002699428145256913,0.0011018948361206054,0.6166268866077206,Unknown,0.0,0.05,0.7,Signal below confidence or profit threshold; no capital allocation recommended under conservative risk rules.,False,False,0.0,0.0,0.0,2026-05-11 13:20:00+00:00,2026-05-11 13:20:00+00:00
2026-05-11 13:25:00+00:00,BNKE.L_^STOXX50E,HOLD,0.290725806559983,0,0.0,0.0,0.0,0.0002661981256117434,0.0010649663858032226,0.6726003491519152,Unknown,0.0,0.05,0.7,Signal below confidence or profit threshold; no capital allocation recommended under conservative risk rules.,False,False,0.0,0.0,0.0,2026-05-11 13:25:00+00:00,2026-05-11 13:25:00+00:00
2026-05-11 13:30:00+00:00,SPY_^GSPC,HOLD,0.3458513837459697,0,0.0,0.0,0.0,7.343138912238755e-05,1.0,0.40458084679502393,Unknown,0.0,0.05,0.7,Signal below confidence or profit threshold; no capital allocation recommended under conservative risk rules.,False,False,0.0,0.0,0.0,2026-05-11 13:30:00+00:00,2026-05-11 13:30:00+00:00
2026-05-11 13:30:00+00:00,QQQ_^NDX,HOLD,0.3397510671940146,0,0.0,0.0,0.0,0.00011560424551674075,1.0,0.33738772896144775,Unknown,0.0,0.05,0.7,Signal below confidence or profit threshold; no capital allocation recommended under conservative risk rules.,False,False,0.0,0.0,0.0,2026-05-11 13:30:00+00:00,2026-05-11 13:30:00+00:00
2026-05-11 13:30:00+00:00,URTH_ACWI,HOLD,0.23531850319935768,0,0.0,0.0,0.0,0.000255246369238861,0.05778576916666667,0.46226408762134674,Unknown,0.0,0.05,0.7,Signal below confidence or profit threshold; no capital allocation recommended under conservative risk rules.,False,False,0.0,0.0,0.0,2026-05-11 13:30:00+00:00,2026-05-11 13:30:00+00:00
2026-05-11 13:35:00+00:00,URTH_ACWI,HOLD,0.2232916570688546,0,0.0,0.0,0.0,0.00022294706936431624,0.05614331144765218,0.45915768330406254,Unknown,0.0,0.05,0.7,Signal below confidence or profit threshold; no capital allocation recommended under conservative risk rules.,False,False,0.0,0.0,0.0,2026-05-11 13:35:00+00:00,2026-05-11 13:35:00+00:00
2026-05-11 13:35:00+00:00,BNKE.L_^STOXX50E,HOLD,0.24599468249737366,0,0.0,0.0,0.0,0.00024947420329258976,0.0014955082024129232,0.5417917103089818,Unknown,0.0,0.05,0.7,Signal below confidence or profit threshold; no capital allocation recommended under conservative risk rules.,False,False,0.0,0.0,0.0,2026-05-11 13:35:00+00:00,2026-05-11 13:35:00+00:00
2026-05-11 13:35:00+00:00,QQQ_^NDX,HOLD,0.3487830007207303,0,0.0,0.0,0.0,0.0001337859779858101,1.0,0.3472922490848675,Unknown,0.0,0.05,0.7,Signal below confidence or profit threshold; no capital allocation recommended under conservative risk rules.,False,False,0.0,0.0,0.0,2026-05-11 13:35:00+00:00,2026-05-11 13:35:00+00:00
2026-05-11 13:35:00+00:00,SPY_^GSPC,HOLD,0.34681646006251493,0,0.0,0.0,0.0,7.415705552969311e-05,1.0,0.4069914718420574,Unknown,0.0,0.05,0.7,Signal below confidence or profit threshold; no capital allocation recommended under conservative risk rules.,False,False,0.0,0.0,0.0,2026-05-11 13:35:00+00:00,2026-05-11 13:35:00+00:00
2026-05-11 13:40:00+00:00,URTH_ACWI,HOLD,0.23716732807680552,0,0.0,0.0,0.0,0.00026364712881538863,0.05537052428914388,0.4607028231572684,Unknown,0.0,0.05,0.7,Signal below confidence or profit threshold; no capital allocation recommended under conservative risk rules.,False,False,0.0,0.0,0.0,2026-05-11 13:40:00+00:00,2026-05-11 13:40:00+00:00
2026-05-11 13:40:00+00:00,SPY_^GSPC,HOLD,0.3471620294387525,0,0.0,0.0,0.0,7.363294201491092e-05,1.0,0.4087257181126072,Unknown,0.0,0.05,0.7,Signal below confidence or profit threshold; no capital allocation recommended under conservative risk rules.,False,False,0.0,0.0,0.0,2026-05-11 13:40:00+00:00,2026-05-11 13:40:00+00:00
2026-05-11 13:40:00+00:00,QQQ_^NDX,HOLD,0.32417074326356055,0,0.0,0.0,0.0,0.0001322139809709738,1.0,0.2669980542441198,Unknown,0.0,0.05,0.7,Signal below confidence or profit threshold; no capital allocation recommended under conservative risk rules.,False,False,0.0,0.0,0.0,2026-05-11 13:40:00+00:00,2026-05-11 13:40:00+00:00
2026-05-11 13:40:00+00:00,BNKE.L_^STOXX50E,HOLD,0.24754901692413253,0,0.0,0.0,0.0,0.00024560091912016995,0.0012353123634847004,0.5514499380379299,Unknown,0.0,0.05,0.7,Signal below confidence or profit threshold; no capital allocation recommended under conservative risk rules.,False,False,0.0,0.0,0.0,2026-05-11 13:40:00+00:00,2026-05-11 13:40:00+00:00
2026-05-11 13:45:00+00:00,QQQ_^NDX,HOLD,0.3474368904146686,0,0.0,0.0,0.0,0.00013420470966826848,1.0,0.34233995730637473,Unknown,0.0,0.05,0.7,Signal below confidence or profit threshold; no capital allocation recommended under conservative risk rules.,False,False,0.0,0.0,0.0,2026-05-11 13:45:00+00:00,2026-05-11 13:45:00+00:00
2026-05-11 13:45:00+00:00,URTH_ACWI,HOLD,0.22884088537284944,0,0.0,0.0,0.0,0.00023347254189115302,0.06047523818191528,0.4630721903536068,Unknown,0.0,0.05,0.7,Signal below confidence or profit threshold; no capital allocation recommended under conservative risk rules.,False,False,0.0,0.0,0.0,2026-05-11 13:45:00+00:00,2026-05-11 13:45:00+00:00
2026-05-11 13:45:00+00:00,SPY_^GSPC,HOLD,0.3471314582934865,0,0.0,0.0,0.0,7.232775982537287e-05,1.0,0.4100740167278741,Unknown,0.0,0.05,0.7,Signal below confidence or profit threshold; no capital allocation recommended under conservative risk rules.,False,False,0.0,0.0,0.0,2026-05-11 13:45:00+00:00,2026-05-11 13:45:00+00:00
2026-05-11 13:50:00+00:00,SPY_^GSPC,HOLD,0.3282650091327939,0,0.0,0.0,0.0,8.490043125682537e-05,1.0,0.3332162179350626,Unknown,0.0,0.05,0.7,Signal below confidence or profit threshold; no capital allocation recommended under conservative risk rules.,False,False,0.0,0.0,0.0,2026-05-11 13:50:00+00:00,2026-05-11 13:50:00+00:00
2026-05-11 13:50:00+00:00,URTH_ACWI,HOLD,0.27163163999811335,0,0.0,0.0,0.0,0.0002799923857145956,0.06122724703475952,0.5535179845098765,Unknown,0.0,0.05,0.7,Signal below confidence or profit threshold; no capital allocation recommended under conservative risk rules.,False,False,0.0,0.0,0.0,2026-05-11 13:50:00+00:00,2026-05-11 13:50:00+00:00
2026-05-11 13:50:00+00:00,QQQ_^NDX,HOLD,0.37279716312967326,0,0.0,0.0,0.0,0.00013685334070280994,1.0,0.423931276318011,Unknown,0.0,0.05,0.7,Signal below confidence or profit threshold; no capital allocation recommended under conservative risk rules.,False,False,0.0,0.0,0.0,2026-05-11 13:50:00+00:00,2026-05-11 13:50:00+00:00
2026-05-11 13:55:00+00:00,BNK.PA_^FCHI,HOLD,0.2595478426525686,0,0.0,0.0,0.0,0.00026108879073524354,0.0007992864502970378,0.5745279615025377,Unknown,0.0,0.05,0.7,Signal below confidence or profit threshold; no capital allocation recommended under conservative risk rules.,False,False,0.0,0.0,0.0,2026-05-11 13:55:00+00:00,2026-05-11 13:55:00+00:00
2026-05-11 13:55:00+00:00,QQQ_^NDX,HOLD,0.3748523877127682,0,0.0,0.0,0.0,0.00014232776837513984,1.0,0.4246993275146274,Unknown,0.0,0.05,0.7,Signal below confidence or profit threshold; no capital allocation recommended under conservative risk rules.,False,False,0.0,0.0,0.0,2026-05-11 13:55:00+00:00,2026-05-11 13:55:00+00:00
2026-05-11 13:55:00+00:00,URTH_ACWI,HOLD,0.2490592794297209,0,0.0,0.0,0.0,0.00026734214900286924,0.06935318011245728,0.4869153124653546,Unknown,0.0,0.05,0.7,Signal below confidence or profit threshold; no capital allocation recommended under conservative risk rules.,False,False,0.0,0.0,0.0,2026-05-11 13:55:00+00:00,2026-05-11 13:55:00+00:00
2026-05-11 13:55:00+00:00,BNKE.L_^STOXX50E,HOLD,0.2735819867030486,0,0.0,0.0,0.0,0.00024099532439927007,0.0016694275474039713,0.6430544213127038,Unknown,0.0,0.05,0.7,Signal below confidence or profit threshold; no capital allocation recommended under conservative risk rules.,False,False,0.0,0.0,0.0,2026-05-11 13:55:00+00:00,2026-05-11 13:55:00+00:00
2026-05-11 13:55:00+00:00,SPY_^GSPC,HOLD,0.35759197429874534,0,0.0,0.0,0.0,0.00010032186656327919,1.0,0.4138378403699519,Unknown,0.0,0.05,0.7,Signal below confidence or profit threshold; no capital allocation recommended under conservative risk rules.,False,False,0.0,0.0,0.0,2026-05-11 13:55:00+00:00,2026-05-11 13:55:00+00:00
2026-05-11 14:00:00+00:00,SPY_^GSPC,HOLD,0.35773500589762863,0,0.0,0.0,0.0,0.00010116368922491719,1.0,0.41337925385329866,Unknown,0.0,0.05,0.7,Signal below confidence or profit threshold; no capital allocation recommended under conservative risk rules.,False,False,0.0,0.0,0.0,2026-05-11 14:00:00+00:00,2026-05-11 14:00:00+00:00
2026-05-11 14:00:00+00:00,URTH_ACWI,HOLD,0.25622469687521177,0,0.0,0.0,0.0,0.00029200547564005915,0.06631740332697551,0.48542019221043425,Unknown,0.0,0.05,0.7,Signal below confidence or profit threshold; no capital allocation recommended under conservative risk rules.,False,False,0.0,0.0,0.0,2026-05-11 14:00:00+00:00,2026-05-11 14:00:00+00:00
2026-05-11 14:00:00+00:00,BNKE.L_^STOXX50E,HOLD,0.2708179951570585,0,0.0,0.0,0.0,0.00023459830498562666,0.0013563175610351562,0.6411576554988088,Unknown,0.0,0.05,0.7,Signal below confidence or profit threshold; no capital allocation recommended under conservative risk rules.,False,False,0.0,0.0,0.0,2026-05-11 14:00:00+00:00,2026-05-11 14:00:00+00:00
2026-05-11 14:00:00+00:00,QQQ_^NDX,HOLD,0.3785190634817135,0,0.0,0.0,0.0,0.00014282298588750417,1.0,0.4363713383973736,Unknown,0.0,0.05,0.7,Signal below confidence or profit threshold; no capital allocation recommended under conservative risk rules.,False,False,0.0,0.0,0.0,2026-05-11 14:00:00+00:00,2026-05-11 14:00:00+00:00
2026-05-11 14:05:00+00:00,BNK.PA_^FCHI,HOLD,0.24618334308647336,0,0.0,0.0,0.0,0.00026174073481561406,0.0007694255702463787,0.529275154557398,Unknown,0.0,0.05,0.7,Signal below confidence or profit threshold; no capital allocation recommended under conservative risk rules.,False,False,0.0,0.0,0.0,2026-05-11 14:05:00+00:00,2026-05-11 14:05:00+00:00
2026-05-11 14:05:00+00:00,QQQ_^NDX,HOLD,0.4031578532911129,0,0.0,0.0,0.0,0.0001416615580545499,1.0,0.5197911131319876,Unknown,0.0,0.05,0.7,Signal below confidence or profit threshold; no capital allocation recommended under conservative risk rules.,False,False,0.0,0.0,0.0,2026-05-11 14:05:00+00:00,2026-05-11 14:05:00+00:00
2026-05-11 14:05:00+00:00,SPY_^GSPC,HOLD,0.37825549097033506,0,0.0,0.0,0.0,9.202234854412602e-05,1.0,0.49193791596319897,Unknown,0.0,0.05,0.7,Signal below confidence or profit threshold; no capital allocation recommended under conservative risk rules.,False,False,0.0,0.0,0.0,2026-05-11 14:05:00+00:00,2026-05-11 14:05:00+00:00
2026-05-11 14:05:00+00:00,BNKE.L_^STOXX50E,HOLD,0.25706653761984993,0,0.0,0.0,0.0,0.00024176977768697582,0.0013563175610351562,0.5873511607066144,Unknown,0.0,0.05,0.7,Signal below confidence or profit threshold; no capital allocation recommended under conservative risk rules.,False,False,0.0,0.0,0.0,2026-05-11 14:05:00+00:00,2026-05-11 14:05:00+00:00
2026-05-11 14:05:00+00:00,URTH_ACWI,HOLD,0.2544840338544022,0,0.0,0.0,0.0,0.0002891397541163173,0.06386421718358358,0.4844375745963768,Unknown,0.0,0.05,0.7,Signal below confidence or profit threshold; no capital allocation recommended under conservative risk rules.,False,False,0.0,0.0,0.0,2026-05-11 14:05:00+00:00,2026-05-11 14:05:00+00:00
2026-05-11 14:10:00+00:00,SPY_^GSPC,HOLD,0.35424853998362194,0,0.0,0.0,0.0,9.275934561216883e-05,1.0,0.41109586037632995,Unknown,0.0,0.05,0.7,Signal below confidence or profit threshold; no capital allocation recommended under conservative risk rules.,False,False,0.0,0.0,0.0,2026-05-11 14:10:00+00:00,2026-05-11 14:10:00+00:00
2026-05-11 14:10:00+00:00,QQQ_^NDX,HOLD,0.37790293820558446,0,0.0,0.0,0.0,0.0001400442569760243,1.0,0.43740506404525453,Unknown,0.0,0.05,0.7,Signal below confidence or profit threshold; no capital allocation recommended under conservative risk rules.,False,False,0.0,0.0,0.0,2026-05-11 14:10:00+00:00,2026-05-11 14:10:00+00:00
2026-05-11 14:10:00+00:00,URTH_ACWI,HOLD,0.24765272535514965,0,0.0,0.0,0.0,0.0002710054946362489,0.06297616771230062,0.4824077564464664,Unknown,0.0,0.05,0.7,Signal below confidence or profit threshold; no capital allocation recommended under conservative risk rules.,False,False,0.0,0.0,0.0,2026-05-11 14:10:00+00:00,2026-05-11 14:10:00+00:00
2026-05-11 14:15:00+00:00,BNK.PA_^FCHI,HOLD,0.24400152118408924,0,0.0,0.0,0.0,0.00025916586215703733,0.000538557357304891,0.5250172966453861,Unknown,0.0,0.05,0.7,Signal below confidence or profit threshold; no capital allocation recommended under conservative risk rules.,False,False,0.0,0.0,0.0,2026-05-11 14:15:00+00:00,2026-05-11 14:15:00+00:00
2026-05-11 14:15:00+00:00,SPY_^GSPC,HOLD,0.3511563780740049,0,0.0,0.0,0.0,8.227049385489538e-05,1.0,0.41244293374124374,Unknown,0.0,0.05,0.7,Signal below confidence or profit threshold; no capital allocation recommended under conservative risk rules.,False,False,0.0,0.0,0.0,2026-05-11 14:15:00+00:00,2026-05-11 14:15:00+00:00
2026-05-11 14:15:00+00:00,QQQ_^NDX,HOLD,0.35056596287338004,0,0.0,0.0,0.0,0.00013461236453975002,1.0,0.3523172489782113,Unknown,0.0,0.05,0.7,Signal below confidence or profit threshold; no capital allocation recommended under conservative risk rules.,False,False,0.0,0.0,0.0,2026-05-11 14:15:00+00:00,2026-05-11 14:15:00+00:00
2026-05-11 14:15:00+00:00,URTH_ACWI,HOLD,0.2223231696397713,0,0.0,0.0,0.0,0.00027900814626687797,0.0629819061841329,0.3890802432688402,Unknown,0.0,0.05,0.7,Signal below confidence or profit threshold; no capital allocation recommended under conservative risk rules.,False,False,0.0,0.0,0.0,2026-05-11 14:15:00+00:00,2026-05-11 14:15:00+00:00
2026-05-11 14:20:00+00:00,SPY_^GSPC,HOLD,0.37584286484385176,0,0.0,0.0,0.0,8.754236464979661e-05,1.0,0.48887358875750975,Unknown,0.0,0.05,0.7,Signal below confidence or profit threshold; no capital allocation recommended under conservative risk rules.,False,False,0.0,0.0,0.0,2026-05-11 14:20:00+00:00,2026-05-11 14:20:00+00:00
2026-05-11 14:20:00+00:00,URTH_ACWI,HOLD,0.2259217196492661,0,0.0,0.0,0.0,0.00028741941776056526,0.060203540713602705,0.3935817963989683,Unknown,0.0,0.05,0.7,Signal below confidence or profit threshold; no capital allocation recommended under conservative risk rules.,False,False,0.0,0.0,0.0,2026-05-11 14:20:00+00:00,2026-05-11 14:20:00+00:00
2026-05-11 14:20:00+00:00,QQQ_^NDX,HOLD,0.3722149201391999,0,0.0,0.0,0.0,0.00013661457066089513,1.0,0.42225576639633844,Unknown,0.0,0.05,0.7,Signal below confidence or profit threshold; no capital allocation recommended under conservative risk rules.,False,False,0.0,0.0,0.0,2026-05-11 14:20:00+00:00,2026-05-11 14:20:00+00:00
2026-05-11 14:20:00+00:00,BNKE.L_^STOXX50E,HOLD,0.23232590109816326,0,0.0,0.0,0.0,0.00024453865155001135,0.0013802277727254233,0.5017899056453813,Unknown,0.0,0.05,0.7,Signal below confidence or profit threshold; no capital allocation recommended under conservative risk rules.,False,False,0.0,0.0,0.0,2026-05-11 14:20:00+00:00,2026-05-11 14:20:00+00:00
2026-05-11 14:20:00+00:00,BNK.PA_^FCHI,HOLD,0.23913335052032067,0,0.0,0.0,0.0,0.0002555512725139082,0.0005251053139241537,0.5128152398429993,Unknown,0.0,0.05,0.7,Signal below confidence or profit threshold; no capital allocation recommended under conservative risk rules.,False,False,0.0,0.0,0.0,2026-05-11 14:20:00+00:00,2026-05-11 14:20:00+00:00
2026-05-11 14:25:00+00:00,SPY_^GSPC,HOLD,0.3520825671276775,0,0.0,0.0,0.0,8.711105407746694e-05,1.0,0.41015183033951713,Unknown,0.0,0.05,0.7,Signal below confidence or profit threshold; no capital allocation recommended under conservative risk rules.,False,False,0.0,0.0,0.0,2026-05-11 14:25:00+00:00,2026-05-11 14:25:00+00:00
2026-05-11 14:25:00+00:00,URTH_ACWI,HOLD,0.2727282588245588,0,0.0,0.0,0.0,0.00029559040829580904,0.14661748982777914,0.482915415868,Unknown,0.0,0.05,0.7,Signal below confidence or profit threshold; no capital allocation recommended under conservative risk rules.,False,False,0.0,0.0,0.0,2026-05-11 14:25:00+00:00,2026-05-11 14:25:00+00:00
2026-05-11 14:25:00+00:00,BNKE.L_^STOXX50E,HOLD,0.25252841760266687,0,0.0,0.0,0.0,0.00023426820188385107,0.0013745253947957357,0.5805470396525245,Unknown,0.0,0.05,0.7,Signal below confidence or profit threshold; no capital allocation recommended under conservative risk rules.,False,False,0.0,0.0,0.0,2026-05-11 14:25:00+00:00,2026-05-11 14:25:00+00:00
2026-05-11 14:25:00+00:00,BNK.PA_^FCHI,HOLD,0.2161565443180043,0,0.0,0.0,0.0,0.0002573974633880193,0.00027361651919047036,0.4343422218383103,Unknown,0.0,0.05,0.7,Signal below confidence or profit threshold; no capital allocation recommended under conservative risk rules.,False,False,0.0,0.0,0.0,2026-05-11 14:25:00+00:00,2026-05-11 14:25:00+00:00
2026-05-11 14:25:00+00:00,QQQ_^NDX,HOLD,0.39538716948033314,0,0.0,0.0,0.0,0.00013281103831239494,1.0,0.5037227445873385,Unknown,0.0,0.05,0.7,Signal below confidence or profit threshold; no capital allocation recommended under conservative risk rules.,False,False,0.0,0.0,0.0,2026-05-11 14:25:00+00:00,2026-05-11 14:25:00+00:00
2026-05-11 14:30:00+00:00,BNK.PA_^FCHI,HOLD,0.2517561303610336,0,0.0,0.0,0.0,0.00025298949970088236,0.0003251744096883138,0.5578708741515617,Unknown,0.0,0.05,0.7,Signal below confidence or profit threshold; no capital allocation recommended under conservative risk rules.,False,False,0.0,0.0,0.0,2026-05-11 14:30:00+00:00,2026-05-11 14:30:00+00:00
2026-05-11 14:30:00+00:00,SPY_^GSPC,HOLD,0.330064177756355,0,0.0,0.0,0.0,9.233678178651773e-05,1.0,0.330950834980608,Unknown,0.0,0.05,0.7,Signal below confidence or profit threshold; no capital allocation recommended under conservative risk rules.,False,False,0.0,0.0,0.0,2026-05-11 14:30:00+00:00,2026-05-11 14:30:00+00:00
2026-05-11 14:30:00+00:00,URTH_ACWI,HOLD,0.24694342930604693,0,0.0,0.0,0.0,0.0002943101947738986,0.13943162616088867,0.40317901938634326,Unknown,0.0,0.05,0.7,Signal below confidence or profit threshold; no capital allocation recommended under conservative risk rules.,False,False,0.0,0.0,0.0,2026-05-11 14:30:00+00:00,2026-05-11 14:30:00+00:00
2026-05-11 14:30:00+00:00,QQQ_^NDX,HOLD,0.3833752077797966,0,0.0,0.0,0.0,0.00016405677776212143,1.0,0.4289653839747427,Unknown,0.0,0.05,0.7,Signal below confidence or profit threshold; no capital allocation recommended under conservative risk rules.,False,False,0.0,0.0,0.0,2026-05-11 14:30:00+00:00,2026-05-11 14:30:00+00:00
2026-05-11 14:35:00+00:00,SPY_^GSPC,HOLD,0.3311628344146821,0,0.0,0.0,0.0,9.539896020705311e-05,1.0,0.3312106033744368,Unknown,0.0,0.05,0.7,Signal below confidence or profit threshold; no capital allocation recommended under conservative risk rules.,False,False,0.0,0.0,0.0,2026-05-11 14:35:00+00:00,2026-05-11 14:35:00+00:00
2026-05-11 14:35:00+00:00,URTH_ACWI,HOLD,0.23433191196872424,0,0.0,0.0,0.0,0.00032089385162270047,0.13779718026219687,0.3326928623623935,Unknown,0.0,0.05,0.7,Signal below confidence or profit threshold; no capital allocation recommended under conservative risk rules.,False,False,0.0,0.0,0.0,2026-05-11 14:35:00+00:00,2026-05-11 14:35:00+00:00
2026-05-11 14:35:00+00:00,QQQ_^NDX,HOLD,0.35855546356700013,0,0.0,0.0,0.0,0.0001611705558238609,1.0,0.34943981653015505,Unknown,0.0,0.05,0.7,Signal below confidence or profit threshold; no capital allocation recommended under conservative risk rules.,False,False,0.0,0.0,0.0,2026-05-11 14:35:00+00:00,2026-05-11 14:35:00+00:00
2026-05-11 14:35:00+00:00,BNKE.L_^STOXX50E,HOLD,0.28770244405237483,0,0.0,0.0,0.0,0.00024188765091432665,0.0020328020713297527,0.6888888888888889,Unknown,0.0,0.05,0.7,Signal below confidence or profit threshold; no capital allocation recommended under conservative risk rules.,False,False,0.0,0.0,0.0,2026-05-11 14:35:00+00:00,2026-05-11 14:35:00+00:00
2026-05-11 14:35:00+00:00,BNK.PA_^FCHI,HOLD,0.256032950390938,0,0.0,0.0,0.0,0.0002565580594337133,0.0003054289935557048,0.5681750381588526,Unknown,0.0,0.05,0.7,Signal below confidence or profit threshold; no capital allocation recommended under conservative risk rules.,False,False,0.0,0.0,0.0,2026-05-11 14:35:00+00:00,2026-05-11 14:35:00+00:00
2026-05-11 14:40:00+00:00,BNK.PA_^FCHI,HOLD,0.25814202745945425,0,0.0,0.0,0.0,0.0002564960050580494,0.00028268941293080644,0.5752894040806166,Unknown,0.0,0.05,0.7,Signal below confidence or profit threshold; no capital allocation recommended under conservative risk rules.,False,False,0.0,0.0,0.0,2026-05-11 14:40:00+00:00,2026-05-11 14:40:00+00:00
2026-05-11 14:40:00+00:00,QQQ_^NDX,HOLD,0.34893585225471135,0,0.0,0.0,0.0,0.00013404536709801947,1.0,0.3475135440734606,Unknown,0.0,0.05,0.7,Signal below confidence or profit threshold; no capital allocation recommended under conservative risk rules.,False,False,0.0,0.0,0.0,2026-05-11 14:40:00+00:00,2026-05-11 14:40:00+00:00
2026-05-11 14:40:00+00:00,BNKE.L_^STOXX50E,HOLD,0.25261838227911243,0,0.0,0.0,0.0,0.00024448395517028383,0.0016857905657958984,0.5692885748084178,Unknown,0.0,0.05,0.7,Signal below confidence or profit threshold; no capital allocation recommended under conservative risk rules.,False,False,0.0,0.0,0.0,2026-05-11 14:40:00+00:00,2026-05-11 14:40:00+00:00
2026-05-11 14:40:00+00:00,SPY_^GSPC,HOLD,0.33030808753299407,0,0.0,0.0,0.0,9.472013662894041e-05,1.0,0.32911569552226866,Unknown,0.0,0.05,0.7,Signal below confidence or profit threshold; no capital allocation recommended under conservative risk rules.,False,False,0.0,0.0,0.0,2026-05-11 14:40:00+00:00,2026-05-11 14:40:00+00:00
2026-05-11 14:45:00+00:00,SPY_^GSPC,HOLD,0.3300807039755746,0,0.0,0.0,0.0,9.341862903866617e-05,1.0,0.3298038698756195,Unknown,0.0,0.05,0.7,Signal below confidence or profit threshold; no capital allocation recommended under conservative risk rules.,False,False,0.0,0.0,0.0,2026-05-11 14:45:00+00:00,2026-05-11 14:45:00+00:00
2026-05-11 14:45:00+00:00,URTH_ACWI,HOLD,0.23298936363049066,0,0.0,0.0,0.0,0.00032691906390126905,0.13734415945739747,0.32182503479529384,Unknown,0.0,0.05,0.7,Signal below confidence or profit threshold; no capital allocation recommended under conservative risk rules.,False,False,0.0,0.0,0.0,2026-05-11 14:45:00+00:00,2026-05-11 14:45:00+00:00
2026-05-11 14:45:00+00:00,BNKE.L_^STOXX50E,HOLD,0.2258385672722315,0,0.0,0.0,0.0,0.00023871535577091766,0.0016231402294921875,0.4864738465645351,Unknown,0.0,0.05,0.7,Signal below confidence or profit threshold; no capital allocation recommended under conservative risk rules.,False,False,0.0,0.0,0.0,2026-05-11 14:45:00+00:00,2026-05-11 14:45:00+00:00
2026-05-11 14:45:00+00:00,QQQ_^NDX,HOLD,0.34599156411772364,0,0.0,0.0,0.0,0.00013381194932373755,1.0,0.337958603366037,Unknown,0.0,0.05,0.7,Signal below confidence or profit threshold; no capital allocation recommended under conservative risk rules.,False,False,0.0,0.0,0.0,2026-05-11 14:45:00+00:00,2026-05-11 14:45:00+00:00
2026-05-11 14:50:00+00:00,BNKE.L_^STOXX50E,HOLD,0.2522243955696432,0,0.0,0.0,0.0,0.00024116441165632568,0.0016240875628662109,0.5717048027943159,Unknown,0.0,0.05,0.7,Signal below confidence or profit threshold; no capital allocation recommended under conservative risk rules.,False,False,0.0,0.0,0.0,2026-05-11 14:50:00+00:00,2026-05-11 14:50:00+00:00
2026-05-11 14:50:00+00:00,QQQ_^NDX,HOLD,0.33771722416549466,0,0.0,0.0,0.0,0.0001121923330550431,1.0,0.3343992660460454,Unknown,0.0,0.05,0.7,Signal below confidence or profit threshold; no capital allocation recommended under conservative risk rules.,False,False,0.0,0.0,0.0,2026-05-11 14:50:00+00:00,2026-05-11 14:50:00+00:00
2026-05-11 14:50:00+00:00,SPY_^GSPC,HOLD,0.3290228147295338,0,0.0,0.0,0.0,8.957309839426766e-05,1.0,0.3305503842159265,Unknown,0.0,0.05,0.7,Signal below confidence or profit threshold; no capital allocation recommended under conservative risk rules.,False,False,0.0,0.0,0.0,2026-05-11 14:50:00+00:00,2026-05-11 14:50:00+00:00
2026-05-11 14:50:00+00:00,BNK.PA_^FCHI,HOLD,0.25200136938637563,0,0.0,0.0,0.0,0.0002592514526460349,0.0002840813928604126,0.5517580074193065,Unknown,0.0,0.05,0.7,Signal below confidence or profit threshold; no capital allocation recommended under conservative risk rules.,False,False,0.0,0.0,0.0,2026-05-11 14:50:00+00:00,2026-05-11 14:50:00+00:00
2026-05-11 14:50:00+00:00,URTH_ACWI,HOLD,0.23266020882455968,0,0.0,0.0,0.0,0.00030003637341816596,0.1755166760748291,0.3251491637895729,Unknown,0.0,0.05,0.7,Signal below confidence or profit threshold; no capital allocation recommended under conservative risk rules.,False,False,0.0,0.0,0.0,2026-05-11 14:50:00+00:00,2026-05-11 14:50:00+00:00
2026-05-11 14:55:00+00:00,URTH_ACWI,HOLD,0.2543961054311008,0,0.0,0.0,0.0,0.0002984067491726256,0.1771492457100423,0.3983244663273905,Unknown,0.0,0.05,0.7,Signal below confidence or profit threshold; no capital allocation recommended under conservative risk rules.,False,False,0.0,0.0,0.0,2026-05-11 14:55:00+00:00,2026-05-11 14:55:00+00:00
2026-05-11 14:55:00+00:00,SPY_^GSPC,HOLD,0.3515799175675033,0,0.0,0.0,0.0,8.974187953628393e-05,1.0,0.4055531924069177,Unknown,0.0,0.05,0.7,Signal below confidence or profit threshold; no capital allocation recommended under conservative risk rules.,False,False,0.0,0.0,0.0,2026-05-11 14:55:00+00:00,2026-05-11 14:55:00+00:00
2026-05-11 14:55:00+00:00,QQQ_^NDX,HOLD,0.3390758799643181,0,0.0,0.0,0.0,0.00011317863811104144,1.0,0.33783222420212533,Unknown,0.0,0.05,0.7,Signal below confidence or profit threshold; no capital allocation recommended under conservative risk rules.,False,False,0.0,0.0,0.0,2026-05-11 14:55:00+00:00,2026-05-11 14:55:00+00:00
2026-05-11 14:55:00+00:00,BNKE.L_^STOXX50E,HOLD,0.2553506234779054,0,0.0,0.0,0.0,0.00024072864567327684,0.0012565020471191407,0.5828548039246308,Unknown,0.0,0.05,0.7,Signal below confidence or profit threshold; no capital allocation recommended under conservative risk rules.,False,False,0.0,0.0,0.0,2026-05-11 14:55:00+00:00,2026-05-11 14:55:00+00:00
2026-05-11 15:00:00+00:00,SPY_^GSPC,HOLD,0.3454228482988265,0,0.0,0.0,0.0,7.440369092518555e-05,1.0,0.40207205996810447,Unknown,0.0,0.05,0.7,Signal below confidence or profit threshold; no capital allocation recommended under conservative risk rules.,False,False,0.0,0.0,0.0,2026-05-11 15:00:00+00:00,2026-05-11 15:00:00+00:00
2026-05-11 15:00:00+00:00,QQQ_^NDX,HOLD,0.3430497133210373,0,0.0,0.0,0.0,0.00012497899948409904,1.0,0.3379668227544587,Unknown,0.0,0.05,0.7,Signal below confidence or profit threshold; no capital allocation recommended under conservative risk rules.,False,False,0.0,0.0,0.0,2026-05-11 15:00:00+00:00,2026-05-11 15:00:00+00:00
2026-05-11 15:00:00+00:00,BNK.PA_^FCHI,HOLD,0.2552932711790078,0,0.0,0.0,0.0,0.00025489543564243466,0.000284493886197408,0.5675707572920781,Unknown,0.0,0.05,0.7,Signal below confidence or profit threshold; no capital allocation recommended under conservative risk rules.,False,False,0.0,0.0,0.0,2026-05-11 15:00:00+00:00,2026-05-11 15:00:00+00:00
2026-05-11 15:05:00+00:00,BNKE.L_^STOXX50E,HOLD,0.26277337652506483,0,0.0,0.0,0.0,0.00024075739137085608,0.0016119063337198892,0.607328438226785,Unknown,0.0,0.05,0.7,Signal below confidence or profit threshold; no capital allocation recommended under conservative risk rules.,False,False,0.0,0.0,0.0,2026-05-11 15:05:00+00:00,2026-05-11 15:05:00+00:00
2026-05-11 15:05:00+00:00,BNK.PA_^FCHI,HOLD,0.23658295591672107,0,0.0,0.0,0.0,0.0002576594847990092,0.00028986775104522706,0.5021282914450299,Unknown,0.0,0.05,0.7,Signal below confidence or profit threshold; no capital allocation recommended under conservative risk rules.,False,False,0.0,0.0,0.0,2026-05-11 15:05:00+00:00,2026-05-11 15:05:00+00:00
2026-05-11 15:05:00+00:00,QQQ_^NDX,HOLD,0.344025228626484,0,0.0,0.0,0.0,0.00012738418224008844,1.0,0.33854611515484834,Unknown,0.0,0.05,0.7,Signal below confidence or profit threshold; no capital allocation recommended under conservative risk rules.,False,False,0.0,0.0,0.0,2026-05-11 15:05:00+00:00,2026-05-11 15:05:00+00:00
2026-05-11 15:05:00+00:00,URTH_ACWI,HOLD,0.2569032296829991,0,0.0,0.0,0.0,0.00031515928225537806,0.16926467121724445,0.39332400451474736,Unknown,0.0,0.05,0.7,Signal below confidence or profit threshold; no capital allocation recommended under conservative risk rules.,False,False,0.0,0.0,0.0,2026-05-11 15:05:00+00:00,2026-05-11 15:05:00+00:00
2026-05-11 15:05:00+00:00,SPY_^GSPC,HOLD,0.3219703570937635,0,0.0,0.0,0.0,7.1584582219043e-05,1.0,0.327029432291386,Unknown,0.0,0.05,0.7,Signal below confidence or profit threshold; no capital allocation recommended under conservative risk rules.,False,False,0.0,0.0,0.0,2026-05-11 15:05:00+00:00,2026-05-11 15:05:00+00:00
2026-05-11 15:10:00+00:00,QQQ_^NDX,HOLD,0.3186322369260095,0,0.0,0.0,0.0,0.00011956412737371473,1.0,0.2625917593381264,Unknown,0.0,0.05,0.7,Signal below confidence or profit threshold; no capital allocation recommended under conservative risk rules.,False,False,0.0,0.0,0.0,2026-05-11 15:10:00+00:00,2026-05-11 15:10:00+00:00
2026-05-11 15:10:00+00:00,URTH_ACWI,HOLD,0.2811978916048041,0,0.0,0.0,0.0,0.00031292431394946236,0.16946015570958453,0.47665918604355456,Unknown,0.0,0.05,0.7,Signal below confidence or profit threshold; no capital allocation recommended under conservative risk rules.,False,False,0.0,0.0,0.0,2026-05-11 15:10:00+00:00,2026-05-11 15:10:00+00:00
2026-05-11 15:10:00+00:00,BNKE.L_^STOXX50E,HOLD,0.2355599829934635,0,0.0,0.0,0.0,0.00023572660650346156,0.0016119063337198892,0.5222068874185524,Unknown,0.0,0.05,0.7,Signal below confidence or profit threshold; no capital allocation recommended under conservative risk rules.,False,False,0.0,0.0,0.0,2026-05-11 15:10:00+00:00,2026-05-11 15:10:00+00:00
2026-05-11 15:10:00+00:00,SPY_^GSPC,HOLD,0.34818789288200713,0,0.0,0.0,0.0,7.773068226151325e-05,1.0,0.4075922182050091,Unknown,0.0,0.05,0.7,Signal below confidence or profit threshold; no capital allocation recommended under conservative risk rules.,False,False,0.0,0.0,0.0,2026-05-11 15:10:00+00:00,2026-05-11 15:10:00+00:00
2026-05-11 15:15:00+00:00,SPY_^GSPC,HOLD,0.37124433892129294,0,0.0,0.0,0.0,7.647762537305536e-05,1.0,0.48583932376758165,Unknown,0.0,0.05,0.7,Signal below confidence or profit threshold; no capital allocation recommended under conservative risk rules.,False,False,0.0,0.0,0.0,2026-05-11 15:15:00+00:00,2026-05-11 15:15:00+00:00
2026-05-11 15:15:00+00:00,URTH_ACWI,HOLD,0.26045847950002715,0,0.0,0.0,0.0,0.00031673273004894774,0.16962559353052775,0.4031859470364635,Unknown,0.0,0.05,0.7,Signal below confidence or profit threshold; no capital allocation recommended under conservative risk rules.,False,False,0.0,0.0,0.0,2026-05-11 15:15:00+00:00,2026-05-11 15:15:00+00:00
2026-05-11 15:15:00+00:00,BNK.PA_^FCHI,HOLD,0.23893599233058396,0,0.0,0.0,0.0,0.0002582431735683122,0.0002916441561508179,0.5093220188108325,Unknown,0.0,0.05,0.7,Signal below confidence or profit threshold; no capital allocation recommended under conservative risk rules.,False,False,0.0,0.0,0.0,2026-05-11 15:15:00+00:00,2026-05-11 15:15:00+00:00
2026-05-11 15:15:00+00:00,QQQ_^NDX,HOLD,0.34013889065033753,0,0.0,0.0,0.0,0.00011160695067511959,1.0,0.34312191252877006,Unknown,0.0,0.05,0.7,Signal below confidence or profit threshold; no capital allocation recommended under conservative risk rules.,False,False,0.0,0.0,0.0,2026-05-11 15:15:00+00:00,2026-05-11 15:15:00+00:00
2026-05-11 15:20:00+00:00,SPY_^GSPC,HOLD,0.37044168897617585,0,0.0,0.0,0.0,7.425177804235953e-05,1.0,0.4856369876512977,Unknown,0.0,0.05,0.7,Signal below confidence or profit threshold; no capital allocation recommended under conservative risk rules.,False,False,0.0,0.0,0.0,2026-05-11 15:20:00+00:00,2026-05-11 15:20:00+00:00
2026-05-11 15:20:00+00:00,URTH_ACWI,HOLD,0.23169519830013063,0,0.0,0.0,0.0,0.00031751139401417744,0.1667967954572042,0.30832902623543557,Unknown,0.0,0.05,0.7,Signal below confidence or profit threshold; no capital allocation recommended under conservative risk rules.,False,False,0.0,0.0,0.0,2026-05-11 15:20:00+00:00,2026-05-11 15:20:00+00:00
2026-05-11 15:20:00+00:00,BNK.PA_^FCHI,HOLD,0.22833080518265794,0,0.0,0.0,0.0,0.0002885137754168076,0.000404001481997172,0.44026248804663115,Unknown,0.0,0.05,0.7,Signal below confidence or profit threshold; no capital allocation recommended under conservative risk rules.,False,False,0.0,0.0,0.0,2026-05-11 15:20:00+00:00,2026-05-11 15:20:00+00:00
2026-05-11 15:20:00+00:00,BNKE.L_^STOXX50E,HOLD,0.2293989684842396,0,0.0,0.0,0.0,0.00023834032126003336,0.0016225112742106118,0.49875897492017685,Unknown,0.0,0.05,0.7,Signal below confidence or profit threshold; no capital allocation recommended under conservative risk rules.,False,False,0.0,0.0,0.0,2026-05-11 15:20:00+00:00,2026-05-11 15:20:00+00:00
2026-05-11 15:20:00+00:00,QQQ_^NDX,HOLD,0.34019948451672744,0,0.0,0.0,0.0,0.0001126827909685811,1.0,0.3421285139795569,Unknown,0.0,0.05,0.7,Signal below confidence or profit threshold; no capital allocation recommended under conservative risk rules.,False,False,0.0,0.0,0.0,2026-05-11 15:20:00+00:00,2026-05-11 15:20:00+00:00
2026-05-11 15:25:00+00:00,BNKE.L_^STOXX50E,HOLD,0.2517652212952753,0,0.0,0.0,0.0,0.0002414590815120143,0.0016225112742106118,0.5698478617880947,Unknown,0.0,0.05,0.7,Signal below confidence or profit threshold; no capital allocation recommended under conservative risk rules.,False,False,0.0,0.0,0.0,2026-05-11 15:25:00+00:00,2026-05-11 15:25:00+00:00
2026-05-11 15:25:00+00:00,URTH_ACWI,HOLD,0.22825815886978254,0,0.0,0.0,0.0,0.0003084952918904777,0.1755051532364909,0.3010845475299726,Unknown,0.0,0.05,0.7,Signal below confidence or profit threshold; no capital allocation recommended under conservative risk rules.,False,False,0.0,0.0,0.0,2026-05-11 15:25:00+00:00,2026-05-11 15:25:00+00:00
2026-05-11 15:25:00+00:00,BNK.PA_^FCHI,HOLD,0.24054664856624922,0,0.0,0.0,0.0,0.00027469854296331063,0.0012138103206761678,0.4957923517144793,Unknown,0.0,0.05,0.7,Signal below confidence or profit threshold; no capital allocation recommended under conservative risk rules.,False,False,0.0,0.0,0.0,2026-05-11 15:25:00+00:00,2026-05-11 15:25:00+00:00
2026-05-11 15:25:00+00:00,QQQ_^NDX,HOLD,0.34009477177583564,0,0.0,0.0,0.0,0.00010963833333519913,1.0,0.3451622022136752,Unknown,0.0,0.05,0.7,Signal below confidence or profit threshold; no capital allocation recommended under conservative risk rules.,False,False,0.0,0.0,0.0,2026-05-11 15:25:00+00:00,2026-05-11 15:25:00+00:00
2026-05-11 15:25:00+00:00,SPY_^GSPC,HOLD,0.34786091058529756,0,0.0,0.0,0.0,7.637060775462022e-05,1.0,0.40801347111252484,Unknown,0.0,0.05,0.7,Signal below confidence or profit threshold; no capital allocation recommended under conservative risk rules.,False,False,0.0,0.0,0.0,2026-05-11 15:25:00+00:00,2026-05-11 15:25:00+00:00
2026-05-11 15:30:00+00:00,SPY_^GSPC,HOLD,0.34727748100055766,0,0.0,0.0,0.0,7.53332911174124e-05,1.0,0.4072212798714006,Unknown,0.0,0.05,0.7,Signal below confidence or profit threshold; no capital allocation recommended under conservative risk rules.,False,False,0.0,0.0,0.0,2026-05-11 15:30:00+00:00,2026-05-11 15:30:00+00:00
2026-05-11 15:30:00+00:00,URTH_ACWI,HOLD,0.2470299148962259,0,0.0,0.0,0.0,0.0003083340283669464,0.1780875486774699,0.36211465235027696,Unknown,0.0,0.05,0.7,Signal below confidence or profit threshold; no capital allocation recommended under conservative risk rules.,False,False,0.0,0.0,0.0,2026-05-11 15:30:00+00:00,2026-05-11 15:30:00+00:00
2026-05-11 15:30:00+00:00,QQQ_^NDX,HOLD,0.34071975867801707,0,0.0,0.0,0.0,0.00011075704475306551,1.0,0.34600247920109534,Unknown,0.0,0.05,0.7,Signal below confidence or profit threshold; no capital allocation recommended under conservative risk rules.,False,False,0.0,0.0,0.0,2026-05-11 15:30:00+00:00,2026-05-11 15:30:00+00:00
2026-05-11 15:35:00+00:00,SPY_^GSPC,HOLD,0.348827161878979,0,0.0,0.0,0.0,7.924497026464179e-05,1.0,0.40804057263588367,Unknown,0.0,0.05,0.7,Signal below confidence or profit threshold; no capital allocation recommended under conservative risk rules.,False,False,0.0,0.0,0.0,2026-05-11 15:35:00+00:00,2026-05-11 15:35:00+00:00
2026-05-11 15:35:00+00:00,URTH_ACWI,HOLD,0.2262977530613439,0,0.0,0.0,0.0,0.00029934146379405064,0.08428540622894287,0.3655339462806837,Unknown,0.0,0.05,0.7,Signal below confidence or profit threshold; no capital allocation recommended under conservative risk rules.,False,False,0.0,0.0,0.0,2026-05-11 15:35:00+00:00,2026-05-11 15:35:00+00:00
2026-05-11 15:35:00+00:00,QQQ_^NDX,HOLD,0.33964799244221155,0,0.0,0.0,0.0,0.00010853194447597949,1.0,0.34490225872295016,Unknown,0.0,0.05,0.7,Signal below confidence or profit threshold; no capital allocation recommended under conservative risk rules.,False,False,0.0,0.0,0.0,2026-05-11 15:35:00+00:00,2026-05-11 15:35:00+00:00
2026-05-11 15:40:00+00:00,SPY_^GSPC,HOLD,0.3243097704283102,0,0.0,0.0,0.0,7.281938454294392e-05,1.0,0.3334554741577631,Unknown,0.0,0.05,0.7,Signal below confidence or profit threshold; no capital allocation recommended under conservative risk rules.,False,False,0.0,0.0,0.0,2026-05-11 15:40:00+00:00,2026-05-11 15:40:00+00:00
2026-05-11 15:40:00+00:00,QQQ_^NDX,HOLD,0.3623705299782869,0,0.0,0.0,0.0,0.00011046876986836044,1.0,0.4184920222961115,Unknown,0.0,0.05,0.7,Signal below confidence or profit threshold; no capital allocation recommended under conservative risk rules.,False,False,0.0,0.0,0.0,2026-05-11 15:40:00+00:00,2026-05-11 15:40:00+00:00
2026-05-11 15:40:00+00:00,URTH_ACWI,HOLD,0.2263102492321041,0,0.0,0.0,0.0,0.00030679772198821426,0.08179511537623088,0.3589510627581773,Unknown,0.0,0.05,0.7,Signal below confidence or profit threshold; no capital allocation recommended under conservative risk rules.,False,False,0.0,0.0,0.0,2026-05-11 15:40:00+00:00,2026-05-11 15:40:00+00:00
2026-05-11 15:45:00+00:00,URTH_ACWI,HOLD,0.22860869112211454,0,0.0,0.0,0.0,0.0003139897958621561,0.08114668647288005,0.35905362846717725,Unknown,0.0,0.05,0.7,Signal below confidence or profit threshold; no capital allocation recommended under conservative risk rules.,False,False,0.0,0.0,0.0,2026-05-11 15:45:00+00:00,2026-05-11 15:45:00+00:00
2026-05-11 15:45:00+00:00,SPY_^GSPC,HOLD,0.3241276250215066,0,0.0,0.0,0.0,7.104502128082588e-05,1.0,0.3348198375374376,Unknown,0.0,0.05,0.7,Signal below confidence or profit threshold; no capital allocation recommended under conservative risk rules.,False,False,0.0,0.0,0.0,2026-05-11 15:45:00+00:00,2026-05-11 15:45:00+00:00
2026-05-11 15:45:00+00:00,QQQ_^NDX,HOLD,0.358579049839303,0,0.0,0.0,0.0,9.908501818715566e-05,1.0,0.4185023681452814,Unknown,0.0,0.05,0.7,Signal below confidence or profit threshold; no capital allocation recommended under conservative risk rules.,False,False,0.0,0.0,0.0,2026-05-11 15:45:00+00:00,2026-05-11 15:45:00+00:00
2026-05-11 15:50:00+00:00,QQQ_^NDX,HOLD,0.3350632327138145,0,0.0,0.0,0.0,0.00010155757234592494,1.0,0.3373690286616872,Unknown,0.0,0.05,0.7,Signal below confidence or profit threshold; no capital allocation recommended under conservative risk rules.,False,False,0.0,0.0,0.0,2026-05-11 15:50:00+00:00,2026-05-11 15:50:00+00:00
2026-05-11 15:50:00+00:00,SPY_^GSPC,HOLD,0.32281940739440484,0,0.0,0.0,0.0,7.027480317193734e-05,1.0,0.3313149100125303,Unknown,0.0,0.05,0.7,Signal below confidence or profit threshold; no capital allocation recommended under conservative risk rules.,False,False,0.0,0.0,0.0,2026-05-11 15:50:00+00:00,2026-05-11 15:50:00+00:00
2026-05-11 15:50:00+00:00,URTH_ACWI,HOLD,0.22866758238104265,0,0.0,0.0,0.0,0.00030602648696456116,0.08171956486480712,0.36771613473298065,Unknown,0.0,0.05,0.7,Signal below confidence or profit threshold; no capital allocation recommended under conservative risk rules.,False,False,0.0,0.0,0.0,2026-05-11 15:50:00+00:00,2026-05-11 15:50:00+00:00
2026-05-11 15:55:00+00:00,SPY_^GSPC,HOLD,0.32099123064689816,0,0.0,0.0,0.0,6.679848339948417e-05,1.0,0.32908356504578923,Unknown,0.0,0.05,0.7,Signal below confidence or profit threshold; no capital allocation recommended under conservative risk rules.,False,False,0.0,0.0,0.0,2026-05-11 15:55:00+00:00,2026-05-11 15:55:00+00:00
2026-05-11 15:55:00+00:00,QQQ_^NDX,HOLD,0.3335866560410467,0,0.0,0.0,0.0,0.00010190257451114721,1.0,0.33206377067999204,Unknown,0.0,0.05,0.7,Signal below confidence or profit threshold; no capital allocation recommended under conservative risk rules.,False,False,0.0,0.0,0.0,2026-05-11 15:55:00+00:00,2026-05-11 15:55:00+00:00
2026-05-11 15:55:00+00:00,URTH_ACWI,HOLD,0.2218751576219623,0,0.0,0.0,0.0,0.000312111903683972,0.03881247857091268,0.3669178689326304,Unknown,0.0,0.05,0.7,Signal below confidence or profit threshold; no capital allocation recommended under conservative risk rules.,False,False,0.0,0.0,0.0,2026-05-11 15:55:00+00:00,2026-05-11 15:55:00+00:00
2026-05-11 16:00:00+00:00,URTH_ACWI,HOLD,0.2408536366440447,0,0.0,0.0,0.0,0.000306693568040857,0.036293612103830974,0.43787908292108724,Unknown,0.0,0.05,0.7,Signal below confidence or profit threshold; no capital allocation recommended under conservative risk rules.,False,False,0.0,0.0,0.0,2026-05-11 16:00:00+00:00,2026-05-11 16:00:00+00:00
2026-05-11 16:00:00+00:00,QQQ_^NDX,HOLD,0.306217199362947,0,0.0,0.0,0.0,9.391923117079223e-05,1.0,0.2497026299089431,Unknown,0.0,0.05,0.7,Signal below confidence or profit threshold; no capital allocation recommended under conservative risk rules.,False,False,0.0,0.0,0.0,2026-05-11 16:00:00+00:00,2026-05-11 16:00:00+00:00
2026-05-11 16:00:00+00:00,SPY_^GSPC,HOLD,0.2975253100386915,0,0.0,0.0,0.0,6.658920335044122e-05,1.0,0.2510963630729258,Unknown,0.0,0.05,0.7,Signal below confidence or profit threshold; no capital allocation recommended under conservative risk rules.,False,False,0.0,0.0,0.0,2026-05-11 16:00:00+00:00,2026-05-11 16:00:00+00:00
2026-05-11 16:05:00+00:00,SPY_^GSPC,HOLD,0.2991516765582305,0,0.0,0.0,0.0,7.264469897455909e-05,1.0,0.2497892563334804,Unknown,0.0,0.05,0.7,Signal below confidence or profit threshold; no capital allocation recommended under conservative risk rules.,False,False,0.0,0.0,0.0,2026-05-11 16:05:00+00:00,2026-05-11 16:05:00+00:00
2026-05-11 16:05:00+00:00,URTH_ACWI,HOLD,0.23750651439145457,0,0.0,0.0,0.0,0.0002975391521106723,0.03517678688354492,0.4376381321484049,Unknown,0.0,0.05,0.7,Signal below confidence or profit threshold; no capital allocation recommended under conservative risk rules.,False,False,0.0,0.0,0.0,2026-05-11 16:05:00+00:00,2026-05-11 16:05:00+00:00
2026-05-11 16:05:00+00:00,QQQ_^NDX,HOLD,0.32370659195801077,0,0.0,0.0,0.0,7.788079310214863e-05,1.0,0.32582109196875964,Unknown,0.0,0.05,0.7,Signal below confidence or profit threshold; no capital allocation recommended under conservative risk rules.,False,False,0.0,0.0,0.0,2026-05-11 16:05:00+00:00,2026-05-11 16:05:00+00:00
2026-05-11 16:10:00+00:00,SPY_^GSPC,HOLD,0.321938922683469,0,0.0,0.0,0.0,7.061670652007332e-05,1.0,0.32800006836703754,Unknown,0.0,0.05,0.7,Signal below confidence or profit threshold; no capital allocation recommended under conservative risk rules.,False,False,0.0,0.0,0.0,2026-05-11 16:10:00+00:00,2026-05-11 16:10:00+00:00
2026-05-11 16:10:00+00:00,URTH_ACWI,HOLD,0.23211167893405038,0,0.0,0.0,0.0,0.0002768098898561077,0.0413099937383016,0.4385990563367362,Unknown,0.0,0.05,0.7,Signal below confidence or profit threshold; no capital allocation recommended under conservative risk rules.,False,False,0.0,0.0,0.0,2026-05-11 16:10:00+00:00,2026-05-11 16:10:00+00:00
2026-05-11 16:10:00+00:00,QQQ_^NDX,HOLD,0.32281480851665856,0,0.0,0.0,0.0,7.650842545691118e-05,1.0,0.3243733334367384,Unknown,0.0,0.05,0.7,Signal below confidence or profit threshold; no capital allocation recommended under conservative risk rules.,False,False,0.0,0.0,0.0,2026-05-11 16:10:00+00:00,2026-05-11 16:10:00+00:00
2026-05-11 16:15:00+00:00,SPY_^GSPC,HOLD,0.32280503151142803,0,0.0,0.0,0.0,7.273086637938784e-05,1.0,0.3285380312832181,Unknown,0.0,0.05,0.7,Signal below confidence or profit threshold; no capital allocation recommended under conservative risk rules.,False,False,0.0,0.0,0.0,2026-05-11 16:15:00+00:00,2026-05-11 16:15:00+00:00
2026-05-11 16:15:00+00:00,URTH_ACWI,HOLD,0.2133595345095404,0,0.0,0.0,0.0,0.0002918754381034303,0.0418486994569397,0.3589932730566967,Unknown,0.0,0.05,0.7,Signal below confidence or profit threshold; no capital allocation recommended under conservative risk rules.,False,False,0.0,0.0,0.0,2026-05-11 16:15:00+00:00,2026-05-11 16:15:00+00:00
2026-05-11 16:15:00+00:00,QQQ_^NDX,HOLD,0.3238496466071654,0,0.0,0.0,0.0,8.28265708202779e-05,1.0,0.3208026322235759,Unknown,0.0,0.05,0.7,Signal below confidence or profit threshold; no capital allocation recommended under conservative risk rules.,False,False,0.0,0.0,0.0,2026-05-11 16:15:00+00:00,2026-05-11 16:15:00+00:00
2026-05-11 16:20:00+00:00,SPY_^GSPC,HOLD,0.3218751097925291,0,0.0,0.0,0.0,7.001773530114067e-05,1.0,0.32845288230716285,Unknown,0.0,0.05,0.7,Signal below confidence or profit threshold; no capital allocation recommended under conservative risk rules.,False,False,0.0,0.0,0.0,2026-05-11 16:20:00+00:00,2026-05-11 16:20:00+00:00
2026-05-11 16:20:00+00:00,URTH_ACWI,HOLD,0.23913649143264182,0,0.0,0.0,0.0,0.0002947111086282296,0.042043196437225344,0.44163605311928966,Unknown,0.0,0.05,0.7,Signal below confidence or profit threshold; no capital allocation recommended under conservative risk rules.,False,False,0.0,0.0,0.0,2026-05-11 16:20:00+00:00,2026-05-11 16:20:00+00:00
2026-05-11 16:20:00+00:00,QQQ_^NDX,HOLD,0.3228811877885406,0,0.0,0.0,0.0,8.15285077645261e-05,1.0,0.31901672844566187,Unknown,0.0,0.05,0.7,Signal below confidence or profit threshold; no capital allocation recommended under conservative risk rules.,False,False,0.0,0.0,0.0,2026-05-11 16:20:00+00:00,2026-05-11 16:20:00+00:00
2026-05-11 16:25:00+00:00,URTH_ACWI,HOLD,0.21545917219465838,0,0.0,0.0,0.0,0.00030125910714146693,0.03230721715815226,0.36192675460846313,Unknown,0.0,0.05,0.7,Signal below confidence or profit threshold; no capital allocation recommended under conservative risk rules.,False,False,0.0,0.0,0.0,2026-05-11 16:25:00+00:00,2026-05-11 16:25:00+00:00
2026-05-11 16:25:00+00:00,SPY_^GSPC,HOLD,0.32171838711269657,0,0.0,0.0,0.0,7.059256248143302e-05,1.0,0.32729177650739627,Unknown,0.0,0.05,0.7,Signal below confidence or profit threshold; no capital allocation recommended under conservative risk rules.,False,False,0.0,0.0,0.0,2026-05-11 16:25:00+00:00,2026-05-11 16:25:00+00:00
2026-05-11 16:25:00+00:00,QQQ_^NDX,HOLD,0.3002821723334907,0,0.0,0.0,0.0,8.155755480767606e-05,1.0,0.24365440243644004,Unknown,0.0,0.05,0.7,Signal below confidence or profit threshold; no capital allocation recommended under conservative risk rules.,False,False,0.0,0.0,0.0,2026-05-11 16:25:00+00:00,2026-05-11 16:25:00+00:00
2026-05-11 16:30:00+00:00,URTH_ACWI,HOLD,0.1888007282354678,0,0.0,0.0,0.0,0.0002950490054455393,0.028778458735707602,0.28231789335493285,Unknown,0.0,0.05,0.7,Signal below confidence or profit threshold; no capital allocation recommended under conservative risk rules.,False,False,0.0,0.0,0.0,2026-05-11 16:30:00+00:00,2026-05-11 16:30:00+00:00
2026-05-11 16:30:00+00:00,SPY_^GSPC,HOLD,0.32443670771571637,0,0.0,0.0,0.0,7.98568829376668e-05,1.0,0.32605915578831357,Unknown,0.0,0.05,0.7,Signal below confidence or profit threshold; no capital allocation recommended under conservative risk rules.,False,False,0.0,0.0,0.0,2026-05-11 16:30:00+00:00,2026-05-11 16:30:00+00:00
2026-05-11 16:30:00+00:00,QQQ_^NDX,HOLD,0.3245235435962703,0,0.0,0.0,0.0,8.400789542088801e-05,1.0,0.32173637263102534,Unknown,0.0,0.05,0.7,Signal below confidence or profit threshold; no capital allocation recommended under conservative risk rules.,False,False,0.0,0.0,0.0,2026-05-11 16:30:00+00:00,2026-05-11 16:30:00+00:00
2026-05-11 16:35:00+00:00,URTH_ACWI,HOLD,0.20427013848598544,0,0.0,0.0,0.0,0.00028860510550280386,0.014656822255605061,0.3504569073353216,Unknown,0.0,0.05,0.7,Signal below confidence or profit threshold; no capital allocation recommended under conservative risk rules.,False,False,0.0,0.0,0.0,2026-05-11 16:35:00+00:00,2026-05-11 16:35:00+00:00
2026-05-11 16:35:00+00:00,SPY_^GSPC,HOLD,0.34797002415884726,0,0.0,0.0,0.0,8.027968686254774e-05,1.0,0.4040337617933268,Unknown,0.0,0.05,0.7,Signal below confidence or profit threshold; no capital allocation recommended under conservative risk rules.,False,False,0.0,0.0,0.0,2026-05-11 16:35:00+00:00,2026-05-11 16:35:00+00:00
2026-05-11 16:35:00+00:00,QQQ_^NDX,HOLD,0.34810749695897125,0,0.0,0.0,0.0,8.380489816999029e-05,1.0,0.4005751030076927,Unknown,0.0,0.05,0.7,Signal below confidence or profit threshold; no capital allocation recommended under conservative risk rules.,False,False,0.0,0.0,0.0,2026-05-11 16:35:00+00:00,2026-05-11 16:35:00+00:00
2026-05-11 16:40:00+00:00,QQQ_^NDX,HOLD,0.3704157864591493,0,0.0,0.0,0.0,7.918666593918747e-05,1.0,0.48006743715362277,Unknown,0.0,0.05,0.7,Signal below confidence or profit threshold; no capital allocation recommended under conservative risk rules.,False,False,0.0,0.0,0.0,2026-05-11 16:40:00+00:00,2026-05-11 16:40:00+00:00
2026-05-11 16:40:00+00:00,URTH_ACWI,HOLD,0.20979593680386213,0,0.0,0.0,0.0,0.0003046696209136785,0.01443814923558553,0.3511725555072851,Unknown,0.0,0.05,0.7,Signal below confidence or profit threshold; no capital allocation recommended under conservative risk rules.,False,False,0.0,0.0,0.0,2026-05-11 16:40:00+00:00,2026-05-11 16:40:00+00:00
2026-05-11 16:40:00+00:00,SPY_^GSPC,HOLD,0.346606463881656,0,0.0,0.0,0.0,7.704834346356661e-05,1.0,0.40307894242377934,Unknown,0.0,0.05,0.7,Signal below confidence or profit threshold; no capital allocation recommended under conservative risk rules.,False,False,0.0,0.0,0.0,2026-05-11 16:40:00+00:00,2026-05-11 16:40:00+00:00
2026-05-11 16:45:00+00:00,SPY_^GSPC,HOLD,0.3449239559683912,0,0.0,0.0,0.0,7.086933682981648e-05,1.0,0.40433614563928566,Unknown,0.0,0.05,0.7,Signal below confidence or profit threshold; no capital allocation recommended under conservative risk rules.,False,False,0.0,0.0,0.0,2026-05-11 16:45:00+00:00,2026-05-11 16:45:00+00:00
2026-05-11 16:45:00+00:00,QQQ_^NDX,HOLD,0.37373050884520376,0,0.0,0.0,0.0,8.664017973761284e-05,1.0,0.48283482977555386,Unknown,0.0,0.05,0.7,Signal below confidence or profit threshold; no capital allocation recommended under conservative risk rules.,False,False,0.0,0.0,0.0,2026-05-11 16:45:00+00:00,2026-05-11 16:45:00+00:00
2026-05-11 16:45:00+00:00,URTH_ACWI,HOLD,0.21153928517078657,0,0.0,0.0,0.0,0.00031178514539791205,0.014635635333709717,0.3489459210158021,Unknown,0.0,0.05,0.7,Signal below confidence or profit threshold; no capital allocation recommended under conservative risk rules.,False,False,0.0,0.0,0.0,2026-05-11 16:45:00+00:00,2026-05-11 16:45:00+00:00
2026-05-11 16:50:00+00:00,SPY_^GSPC,HOLD,0.3456397975466159,0,0.0,0.0,0.0,7.258825249469803e-05,1.0,0.4048123779390551,Unknown,0.0,0.05,0.7,Signal below confidence or profit threshold; no capital allocation recommended under conservative risk rules.,False,False,0.0,0.0,0.0,2026-05-11 16:50:00+00:00,2026-05-11 16:50:00+00:00
2026-05-11 16:50:00+00:00,QQQ_^NDX,HOLD,0.37352647515173587,0,0.0,0.0,0.0,8.676360620860107e-05,1.0,0.4820175769406738,Unknown,0.0,0.05,0.7,Signal below confidence or profit threshold; no capital allocation recommended under conservative risk rules.,False,False,0.0,0.0,0.0,2026-05-11 16:50:00+00:00,2026-05-11 16:50:00+00:00
2026-05-11 16:50:00+00:00,URTH_ACWI,HOLD,0.21333761869720624,0,0.0,0.0,0.0,0.0003165583875941032,0.014309193534698486,0.34985439152966274,Unknown,0.0,0.05,0.7,Signal below confidence or profit threshold; no capital allocation recommended under conservative risk rules.,False,False,0.0,0.0,0.0,2026-05-11 16:50:00+00:00,2026-05-11 16:50:00+00:00
2026-05-11 16:55:00+00:00,QQQ_^NDX,HOLD,0.37222283037181714,0,0.0,0.0,0.0,8.277651811278048e-05,1.0,0.4821021922251899,Unknown,0.0,0.05,0.7,Signal below confidence or profit threshold; no capital allocation recommended under conservative risk rules.,False,False,0.0,0.0,0.0,2026-05-11 16:55:00+00:00,2026-05-11 16:55:00+00:00
2026-05-11 16:55:00+00:00,URTH_ACWI,HOLD,0.2120332101541401,0,0.0,0.0,0.0,0.00031203486603149916,0.014128913481089274,0.3506526848247417,Unknown,0.0,0.05,0.7,Signal below confidence or profit threshold; no capital allocation recommended under conservative risk rules.,False,False,0.0,0.0,0.0,2026-05-11 16:55:00+00:00,2026-05-11 16:55:00+00:00
2026-05-11 16:55:00+00:00,SPY_^GSPC,HOLD,0.3438898849184602,0,0.0,0.0,0.0,6.807742567894258e-05,1.0,0.40399136564048654,Unknown,0.0,0.05,0.7,Signal below confidence or profit threshold; no capital allocation recommended under conservative risk rules.,False,False,0.0,0.0,0.0,2026-05-11 16:55:00+00:00,2026-05-11 16:55:00+00:00
2026-05-11 17:00:00+00:00,URTH_ACWI,HOLD,0.23578193335267064,0,0.0,0.0,0.0,0.00031337539916270686,0.01412900000483195,0.4283255565471177,Unknown,0.0,0.05,0.7,Signal below confidence or profit threshold; no capital allocation recommended under conservative risk rules.,False,False,0.0,0.0,0.0,2026-05-11 17:00:00+00:00,2026-05-11 17:00:00+00:00
2026-05-11 17:00:00+00:00,QQQ_^NDX,HOLD,0.3474100807439453,0,0.0,0.0,0.0,7.90792053658835e-05,1.0,0.48291830276124037,High_Vol,0.99995,0.52,0.812,Signal below confidence or profit threshold; no capital allocation recommended under conservative risk rules.,False,False,0.0,0.0,0.0,2026-05-11 17:00:00+00:00,2026-05-11 17:00:00+00:00
2026-05-11 17:00:00+00:00,SPY_^GSPC,HOLD,0.3216354274516324,0,0.0,0.0,0.0,6.858604926057228e-05,1.0,0.4014823247658249,Calm,0.994312,0.96,0.672,Signal below confidence or profit threshold; no capital allocation recommended under conservative risk rules.,False,False,0.0,0.0,0.0,2026-05-11 17:00:00+00:00,2026-05-11 17:00:00+00:00
2026-05-11 17:05:00+00:00,URTH_ACWI,HOLD,0.20957630760401927,0,0.0,0.0,0.0,0.0003051643552919256,0.014473344619242351,0.34986728972065206,Unknown,0.0,0.05,0.7,Signal below confidence or profit threshold; no capital allocation recommended under conservative risk rules.,False,False,0.0,0.0,0.0,2026-05-11 17:05:00+00:00,2026-05-11 17:05:00+00:00
2026-05-11 17:05:00+00:00,QQQ_^NDX,HOLD,0.32447538490154526,0,0.0,0.0,0.0,8.141280279985318e-05,1.0,0.40622000065473923,High_Vol,0.99995,0.52,0.812,Signal below confidence or profit threshold; no capital allocation recommended under conservative risk rules.,False,False,0.0,0.0,0.0,2026-05-11 17:05:00+00:00,2026-05-11 17:05:00+00:00
2026-05-11 17:05:00+00:00,SPY_^GSPC,HOLD,0.32099252977115345,0,0.0,0.0,0.0,8.498212278253061e-05,1.0,0.39839048565022617,Calm,0.994312,0.96,0.672,Signal below confidence or profit threshold; no capital allocation recommended under conservative risk rules.,False,False,0.0,0.0,0.0,2026-05-11 17:05:00+00:00,2026-05-11 17:05:00+00:00
2026-05-11 17:10:00+00:00,QQQ_^NDX,HOLD,0.32374754187693455,0,0.0,0.0,0.0,8.418664275626279e-05,1.0,0.40349750681667673,High_Vol,0.99995,0.52,0.812,Signal below confidence or profit threshold; no capital allocation recommended under conservative risk rules.,False,False,0.0,0.0,0.0,2026-05-11 17:10:00+00:00,2026-05-11 17:10:00+00:00
2026-05-11 17:10:00+00:00,SPY_^GSPC,HOLD,0.34362395062112827,0,0.0,0.0,0.0,6.628418652523976e-05,1.0,0.4749106116465132,Calm,0.994312,0.96,0.672,Signal below confidence or profit threshold; no capital allocation recommended under conservative risk rules.,False,False,0.0,0.0,0.0,2026-05-11 17:10:00+00:00,2026-05-11 17:10:00+00:00
2026-05-11 17:15:00+00:00,URTH_ACWI,HOLD,0.23639939278564145,0,0.0,0.0,0.0,0.00031494746824717697,0.008047436762186685,0.43269138672492813,Unknown,0.0,0.05,0.7,Signal below confidence or profit threshold; no capital allocation recommended under conservative risk rules.,False,False,0.0,0.0,0.0,2026-05-11 17:15:00+00:00,2026-05-11 17:15:00+00:00
2026-05-11 17:15:00+00:00,SPY_^GSPC,HOLD,0.32093206285993375,0,0.0,0.0,0.0,8.032554893419338e-05,1.0,0.39845840693275414,Calm,0.994312,0.96,0.672,Signal below confidence or profit threshold; no capital allocation recommended under conservative risk rules.,False,False,0.0,0.0,0.0,2026-05-11 17:15:00+00:00,2026-05-11 17:15:00+00:00
2026-05-11 17:15:00+00:00,QQQ_^NDX,HOLD,0.32426119195463965,0,0.0,0.0,0.0,8.31975206664978e-05,1.0,0.4053153491793011,High_Vol,0.99995,0.52,0.812,Signal below confidence or profit threshold; no capital allocation recommended under conservative risk rules.,False,False,0.0,0.0,0.0,2026-05-11 17:15:00+00:00,2026-05-11 17:15:00+00:00
2026-05-11 17:20:00+00:00,QQQ_^NDX,HOLD,0.3009519467168093,0,0.0,0.0,0.0,8.102086755411503e-05,1.0,0.3278504134626427,High_Vol,0.99995,0.52,0.812,Signal below confidence or profit threshold; no capital allocation recommended under conservative risk rules.,False,False,0.0,0.0,0.0,2026-05-11 17:20:00+00:00,2026-05-11 17:20:00+00:00
2026-05-11 17:20:00+00:00,URTH_ACWI,HOLD,0.23676722613923298,0,0.0,0.0,0.0,0.0003100318207903744,0.007341558506011963,0.4398499139152415,Unknown,0.0,0.05,0.7,Signal below confidence or profit threshold; no capital allocation recommended under conservative risk rules.,False,False,0.0,0.0,0.0,2026-05-11 17:20:00+00:00,2026-05-11 17:20:00+00:00
2026-05-11 17:20:00+00:00,SPY_^GSPC,HOLD,0.2973082584067237,0,0.0,0.0,0.0,7.393809889396045e-05,1.0,0.32008203618827114,Calm,0.994312,0.96,0.672,Signal below confidence or profit threshold; no capital allocation recommended under conservative risk rules.,False,False,0.0,0.0,0.0,2026-05-11 17:20:00+00:00,2026-05-11 17:20:00+00:00
2026-05-11 17:25:00+00:00,SPY_^GSPC,HOLD,0.2975992060905783,0,0.0,0.0,0.0,7.439841630345365e-05,1.0,0.3210252230621444,Calm,0.994312,0.96,0.672,Signal below confidence or profit threshold; no capital allocation recommended under conservative risk rules.,False,False,0.0,0.0,0.0,2026-05-11 17:25:00+00:00,2026-05-11 17:25:00+00:00
2026-05-11 17:25:00+00:00,URTH_ACWI,HOLD,0.2394325367042909,0,0.0,0.0,0.0,0.0003156344273755433,0.008206946015625,0.4419322390310605,Unknown,0.0,0.05,0.7,Signal below confidence or profit threshold; no capital allocation recommended under conservative risk rules.,False,False,0.0,0.0,0.0,2026-05-11 17:25:00+00:00,2026-05-11 17:25:00+00:00
2026-05-11 17:25:00+00:00,QQQ_^NDX,HOLD,0.3003147987606204,0,0.0,0.0,0.0,8.16193696121795e-05,1.0,0.32566264441444187,High_Vol,0.99995,0.52,0.812,Signal below confidence or profit threshold; no capital allocation recommended under conservative risk rules.,False,False,0.0,0.0,0.0,2026-05-11 17:25:00+00:00,2026-05-11 17:25:00+00:00
2026-05-11 17:30:00+00:00,SPY_^GSPC,HOLD,0.29718952832530116,0,0.0,0.0,0.0,7.10654968432386e-05,1.0,0.31985250779479796,Calm,0.994312,0.96,0.672,Signal below confidence or profit threshold; no capital allocation recommended under conservative risk rules.,False,False,0.0,0.0,0.0,2026-05-11 17:30:00+00:00,2026-05-11 17:30:00+00:00
2026-05-11 17:30:00+00:00,URTH_ACWI,HOLD,0.23855981771892157,0,0.0,0.0,0.0,0.00031130980397406783,0.0076059920347086585,0.4442289488465241,Unknown,0.0,0.05,0.7,Signal below confidence or profit threshold; no capital allocation recommended under conservative risk rules.,False,False,0.0,0.0,0.0,2026-05-11 17:30:00+00:00,2026-05-11 17:30:00+00:00
2026-05-11 17:30:00+00:00,QQQ_^NDX,HOLD,0.3232256056564575,0,0.0,0.0,0.0,7.916994471646574e-05,1.0,0.40229369142788546,High_Vol,0.99995,0.52,0.812,Signal below confidence or profit threshold; no capital allocation recommended under conservative risk rules.,False,False,0.0,0.0,0.0,2026-05-11 17:30:00+00:00,2026-05-11 17:30:00+00:00
2026-05-11 17:35:00+00:00,URTH_ACWI,HOLD,0.12129171795137196,0,0.0,0.0,0.0,0.00026901931692708495,0.007629510905761719,0.3704780058871546,High_Vol,0.986538,0.52,0.812,Signal below confidence or profit threshold; no capital allocation recommended under conservative risk rules.,False,False,0.0,0.0,0.0,2026-05-11 17:35:00+00:00,2026-05-11 17:35:00+00:00
2026-05-11 17:35:00+00:00,SPY_^GSPC,HOLD,0.3198450420674569,0,0.0,0.0,0.0,4.829885336134946e-05,1.0,0.39668840102570424,Calm,0.994312,0.96,0.672,Signal below confidence or profit threshold; no capital allocation recommended under conservative risk rules.,False,False,0.0,0.0,0.0,2026-05-11 17:35:00+00:00,2026-05-11 17:35:00+00:00
2026-05-11 17:35:00+00:00,QQQ_^NDX,HOLD,0.29972820410827317,0,0.0,0.0,0.0,6.41480284291918e-05,1.0,0.32557392518685146,High_Vol,0.99995,0.52,0.812,Signal below confidence or profit threshold; no capital allocation recommended under conservative risk rules.,False,False,0.0,0.0,0.0,2026-05-11 17:35:00+00:00,2026-05-11 17:35:00+00:00
2026-05-11 17:40:00+00:00,URTH_ACWI,HOLD,0.1186195242587134,0,0.0,0.0,0.0,0.00025200170539611296,0.0077363655368041994,0.36331757804765885,High_Vol,0.986538,0.52,0.812,Signal below confidence or profit threshold; no capital allocation recommended under conservative risk rules.,False,False,0.0,0.0,0.0,2026-05-11 17:40:00+00:00,2026-05-11 17:40:00+00:00
2026-05-11 17:40:00+00:00,SPY_^GSPC,HOLD,0.31966319315812286,0,0.0,0.0,0.0,4.625644848477039e-05,1.0,0.39620043272124456,Calm,0.994312,0.96,0.672,Signal below confidence or profit threshold; no capital allocation recommended under conservative risk rules.,False,False,0.0,0.0,0.0,2026-05-11 17:40:00+00:00,2026-05-11 17:40:00+00:00
2026-05-11 17:40:00+00:00,QQQ_^NDX,HOLD,0.2758361928036469,0,0.0,0.0,0.0,5.4863931651244046e-05,1.0,0.24692577818616868,High_Vol,0.99995,0.52,0.812,Signal below confidence or profit threshold; no capital allocation recommended under conservative risk rules.,False,False,0.0,0.0,0.0,2026-05-11 17:40:00+00:00,2026-05-11 17:40:00+00:00
2026-05-11 17:45:00+00:00,QQQ_^NDX,HOLD,0.2759900656231717,0,0.0,0.0,0.0,5.5571448789443644e-05,1.0,0.2473630981467428,High_Vol,0.99995,0.52,0.812,Signal below confidence or profit threshold; no capital allocation recommended under conservative risk rules.,False,False,0.0,0.0,0.0,2026-05-11 17:45:00+00:00,2026-05-11 17:45:00+00:00
2026-05-11 17:45:00+00:00,URTH_ACWI,HOLD,0.14238705719920633,0,0.0,0.0,0.0,0.00024977551955062945,0.0073767851626586915,0.4430202484668395,High_Vol,0.986538,0.52,0.812,Signal below confidence or profit threshold; no capital allocation recommended under conservative risk rules.,False,False,0.0,0.0,0.0,2026-05-11 17:45:00+00:00,2026-05-11 17:45:00+00:00
2026-05-11 17:45:00+00:00,SPY_^GSPC,HOLD,0.31968071176342583,0,0.0,0.0,0.0,4.757514612231613e-05,1.0,0.3961825145515632,Calm,0.994312,0.96,0.672,Signal below confidence or profit threshold; no capital allocation recommended under conservative risk rules.,False,False,0.0,0.0,0.0,2026-05-11 17:45:00+00:00,2026-05-11 17:45:00+00:00
2026-05-11 17:50:00+00:00,QQQ_^NDX,HOLD,0.2995572559834785,0,0.0,0.0,0.0,5.578269907690416e-05,1.0,0.3258978298726095,High_Vol,0.99995,0.52,0.812,Signal below confidence or profit threshold; no capital allocation recommended under conservative risk rules.,False,False,0.0,0.0,0.0,2026-05-11 17:50:00+00:00,2026-05-11 17:50:00+00:00
2026-05-11 17:50:00+00:00,SPY_^GSPC,HOLD,0.3200293925899643,0,0.0,0.0,0.0,4.600959882130349e-05,1.0,0.39743538277550017,Calm,0.994312,0.96,0.672,Signal below confidence or profit threshold; no capital allocation recommended under conservative risk rules.,False,False,0.0,0.0,0.0,2026-05-11 17:50:00+00:00,2026-05-11 17:50:00+00:00
2026-05-11 17:50:00+00:00,URTH_ACWI,HOLD,0.14331340583089447,0,0.0,0.0,0.0,0.0002547828377339839,0.007894695391082764,0.4452278338621332,High_Vol,0.986538,0.52,0.812,Signal below confidence or profit threshold; no capital allocation recommended under conservative risk rules.,False,False,0.0,0.0,0.0,2026-05-11 17:50:00+00:00,2026-05-11 17:50:00+00:00
2026-05-11 17:55:00+00:00,URTH_ACWI,HOLD,0.16851551352936264,0,0.0,0.0,0.0,0.0002985138565630936,0.00760635698562622,0.5247549677310591,High_Vol,0.986538,0.52,0.812,Signal below confidence or profit threshold; no capital allocation recommended under conservative risk rules.,False,False,0.0,0.0,0.0,2026-05-11 17:55:00+00:00,2026-05-11 17:55:00+00:00
2026-05-11 17:55:00+00:00,QQQ_^NDX,HOLD,0.3228932191739156,0,0.0,0.0,0.0,5.528305536276149e-05,1.0,0.4037377545794236,High_Vol,0.99995,0.52,0.812,Signal below confidence or profit threshold; no capital allocation recommended under conservative risk rules.,False,False,0.0,0.0,0.0,2026-05-11 17:55:00+00:00,2026-05-11 17:55:00+00:00
2026-05-11 17:55:00+00:00,SPY_^GSPC,HOLD,0.2966515525952305,0,0.0,0.0,0.0,5.179519913516295e-05,1.0,0.3191744346267428,Calm,0.994312,0.96,0.672,Signal below confidence or profit threshold; no capital allocation recommended under conservative risk rules.,False,False,0.0,0.0,0.0,2026-05-11 17:55:00+00:00,2026-05-11 17:55:00+00:00
2026-05-11 18:00:00+00:00,SPY_^GSPC,HOLD,0.31960347405528905,0,0.0,0.0,0.0,5.012952506352884e-05,1.0,0.3957772326690463,Calm,0.994312,0.96,0.672,Signal below confidence or profit threshold; no capital allocation recommended under conservative risk rules.,False,False,0.0,0.0,0.0,2026-05-11 18:00:00+00:00,2026-05-11 18:00:00+00:00
2026-05-11 18:00:00+00:00,QQQ_^NDX,HOLD,0.2994599535783942,0,0.0,0.0,0.0,5.679892060985573e-05,1.0,0.32546491784573117,High_Vol,0.99995,0.52,0.812,Signal below confidence or profit threshold; no capital allocation recommended under conservative risk rules.,False,False,0.0,0.0,0.0,2026-05-11 18:00:00+00:00,2026-05-11 18:00:00+00:00
2026-05-11 18:05:00+00:00,URTH_ACWI,HOLD,0.14748290750928042,0,0.0,0.0,0.0,0.0002733061639452678,0.009997408488464355,0.4557453762154128,High_Vol,0.986538,0.52,0.812,Signal below confidence or profit threshold; no capital allocation recommended under conservative risk rules.,False,False,0.0,0.0,0.0,2026-05-11 18:05:00+00:00,2026-05-11 18:05:00+00:00
2026-05-11 18:05:00+00:00,SPY_^GSPC,HOLD,0.320306184229838,0,0.0,0.0,0.0,5.10427844507209e-05,1.0,0.39806674925856167,Calm,0.994312,0.96,0.672,Signal below confidence or profit threshold; no capital allocation recommended under conservative risk rules.,False,False,0.0,0.0,0.0,2026-05-11 18:05:00+00:00,2026-05-11 18:05:00+00:00
2026-05-11 18:05:00+00:00,QQQ_^NDX,HOLD,0.29928291036861676,0,0.0,0.0,0.0,5.4907786296920974e-05,1.0,0.325076818077342,High_Vol,0.99995,0.52,0.812,Signal below confidence or profit threshold; no capital allocation recommended under conservative risk rules.,False,False,0.0,0.0,0.0,2026-05-11 18:05:00+00:00,2026-05-11 18:05:00+00:00
2026-05-11 18:10:00+00:00,SPY_^GSPC,HOLD,0.31966026078327625,0,0.0,0.0,0.0,5.2077419394710336e-05,1.0,0.3958537963959492,Calm,0.994312,0.96,0.672,Signal below confidence or profit threshold; no capital allocation recommended under conservative risk rules.,False,False,0.0,0.0,0.0,2026-05-11 18:10:00+00:00,2026-05-11 18:10:00+00:00
2026-05-11 18:10:00+00:00,URTH_ACWI,HOLD,0.17164165446964752,0,0.0,0.0,0.0,0.00029741018486880084,0.010234143902943929,0.5335414932296829,High_Vol,0.986538,0.52,0.812,Signal below confidence or profit threshold; no capital allocation recommended under conservative risk rules.,False,False,0.0,0.0,0.0,2026-05-11 18:10:00+00:00,2026-05-11 18:10:00+00:00
2026-05-11 18:10:00+00:00,QQQ_^NDX,HOLD,0.2997871557899727,0,0.0,0.0,0.0,5.362291802827249e-05,1.0,0.3268949083994527,High_Vol,0.99995,0.52,0.812,Signal below confidence or profit threshold; no capital allocation recommended under conservative risk rules.,False,False,0.0,0.0,0.0,2026-05-11 18:10:00+00:00,2026-05-11 18:10:00+00:00
2026-05-11 18:15:00+00:00,URTH_ACWI,HOLD,0.17331072140950973,0,0.0,0.0,0.0,0.0003151377307582624,0.009665898999938964,0.5375899110532929,High_Vol,0.986538,0.52,0.812,Signal below confidence or profit threshold; no capital allocation recommended under conservative risk rules.,False,False,0.0,0.0,0.0,2026-05-11 18:15:00+00:00,2026-05-11 18:15:00+00:00
2026-05-11 18:15:00+00:00,SPY_^GSPC,HOLD,0.34318033708471973,0,0.0,0.0,0.0,5.144967723738192e-05,1.0,0.47429037840523575,Calm,0.994312,0.96,0.672,Signal below confidence or profit threshold; no capital allocation recommended under conservative risk rules.,False,False,0.0,0.0,0.0,2026-05-11 18:15:00+00:00,2026-05-11 18:15:00+00:00
2026-05-11 18:15:00+00:00,QQQ_^NDX,HOLD,0.2755402340925976,0,0.0,0.0,0.0,5.323959773197425e-05,1.0,0.24611278909797765,High_Vol,0.99995,0.52,0.812,Signal below confidence or profit threshold; no capital allocation recommended under conservative risk rules.,False,False,0.0,0.0,0.0,2026-05-11 18:15:00+00:00,2026-05-11 18:15:00+00:00
2026-05-11 18:20:00+00:00,URTH_ACWI,HOLD,0.15199659428479517,0,0.0,0.0,0.0,0.00028727300365015445,0.011955505463104248,0.4679934170882141,High_Vol,0.986538,0.52,0.812,Signal below confidence or profit threshold; no capital allocation recommended under conservative risk rules.,False,False,0.0,0.0,0.0,2026-05-11 18:20:00+00:00,2026-05-11 18:20:00+00:00
2026-05-11 18:20:00+00:00,SPY_^GSPC,HOLD,0.3199145401207357,0,0.0,0.0,0.0,5.111429113251553e-05,1.0,0.39675713077672803,Calm,0.994312,0.96,0.672,Signal below confidence or profit threshold; no capital allocation recommended under conservative risk rules.,False,False,0.0,0.0,0.0,2026-05-11 18:20:00+00:00,2026-05-11 18:20:00+00:00
2026-05-11 18:20:00+00:00,QQQ_^NDX,HOLD,0.27525987676430996,0,0.0,0.0,0.0,5.100063601996427e-05,1.0,0.24541746998146424,High_Vol,0.99995,0.52,0.812,Signal below confidence or profit threshold; no capital allocation recommended under conservative risk rules.,False,False,0.0,0.0,0.0,2026-05-11 18:20:00+00:00,2026-05-11 18:20:00+00:00
2026-05-11 18:25:00+00:00,SPY_^GSPC,HOLD,0.2965929222291676,0,0.0,0.0,0.0,5.0358034199835903e-05,1.0,0.3190621693402904,Calm,0.994312,0.96,0.672,Signal below confidence or profit threshold; no capital allocation recommended under conservative risk rules.,False,False,0.0,0.0,0.0,2026-05-11 18:25:00+00:00,2026-05-11 18:25:00+00:00
2026-05-11 18:25:00+00:00,QQQ_^NDX,HOLD,0.2747559714512248,0,0.0,0.0,0.0,4.638492246325341e-05,1.0,0.24423091739476077,High_Vol,0.99995,0.52,0.812,Signal below confidence or profit threshold; no capital allocation recommended under conservative risk rules.,False,False,0.0,0.0,0.0,2026-05-11 18:25:00+00:00,2026-05-11 18:25:00+00:00
2026-05-11 18:30:00+00:00,SPY_^GSPC,HOLD,0.29650980522230214,0,0.0,0.0,0.0,5.0295482313892464e-05,1.0,0.3187887325515457,Calm,0.994312,0.96,0.672,Signal below confidence or profit threshold; no capital allocation recommended under conservative risk rules.,False,False,0.0,0.0,0.0,2026-05-11 18:30:00+00:00,2026-05-11 18:30:00+00:00
2026-05-11 18:30:00+00:00,QQQ_^NDX,HOLD,0.2978560433502156,0,0.0,0.0,0.0,4.578683070391042e-05,1.0,0.3212950557503008,High_Vol,0.99995,0.52,0.812,Signal below confidence or profit threshold; no capital allocation recommended under conservative risk rules.,False,False,0.0,0.0,0.0,2026-05-11 18:30:00+00:00,2026-05-11 18:30:00+00:00
2026-05-11 18:30:00+00:00,URTH_ACWI,HOLD,0.17446349560634578,0,0.0,0.0,0.0,0.0003160180185701534,0.012137785634206135,0.5396905194434175,High_Vol,0.986538,0.52,0.812,Signal below confidence or profit threshold; no capital allocation recommended under conservative risk rules.,False,False,0.0,0.0,0.0,2026-05-11 18:30:00+00:00,2026-05-11 18:30:00+00:00
2026-05-11 18:35:00+00:00,URTH_ACWI,HOLD,0.19940370790714373,0,0.0,0.0,0.0,0.0003075603138451206,0.011000073478088379,0.6244866361489843,High_Vol,0.986538,0.52,0.812,Signal below confidence or profit threshold; no capital allocation recommended under conservative risk rules.,False,False,0.0,0.0,0.0,2026-05-11 18:35:00+00:00,2026-05-11 18:35:00+00:00
2026-05-11 18:35:00+00:00,SPY_^GSPC,HOLD,0.29595820047312826,0,0.0,0.0,0.0,4.9218215901558935e-05,1.0,0.31701239186056884,Calm,0.994312,0.96,0.672,Signal below confidence or profit threshold; no capital allocation recommended under conservative risk rules.,False,False,0.0,0.0,0.0,2026-05-11 18:35:00+00:00,2026-05-11 18:35:00+00:00
2026-05-11 18:35:00+00:00,QQQ_^NDX,HOLD,0.29733636207654507,0,0.0,0.0,0.0,4.669883001809737e-05,1.0,0.31946534901390045,High_Vol,0.99995,0.52,0.812,Signal below confidence or profit threshold; no capital allocation recommended under conservative risk rules.,False,False,0.0,0.0,0.0,2026-05-11 18:35:00+00:00,2026-05-11 18:35:00+00:00
2026-05-11 18:40:00+00:00,SPY_^GSPC,HOLD,0.295903772900918,0,0.0,0.0,0.0,4.998839025561298e-05,1.0,0.31678639634474903,Calm,0.994312,0.96,0.672,Signal below confidence or profit threshold; no capital allocation recommended under conservative risk rules.,False,False,0.0,0.0,0.0,2026-05-11 18:40:00+00:00,2026-05-11 18:40:00+00:00
2026-05-11 18:40:00+00:00,URTH_ACWI,HOLD,0.18181648564767464,0,0.0,0.0,0.0,0.0003050646228917974,0.011005119724324544,0.5661258314354558,High_Vol,0.986538,0.52,0.812,Signal below confidence or profit threshold; no capital allocation recommended under conservative risk rules.,False,False,0.0,0.0,0.0,2026-05-11 18:40:00+00:00,2026-05-11 18:40:00+00:00
2026-05-11 18:40:00+00:00,QQQ_^NDX,HOLD,0.2745478362709955,0,0.0,0.0,0.0,4.545354013431718e-05,1.0,0.2436366401197374,High_Vol,0.99995,0.52,0.812,Signal below confidence or profit threshold; no capital allocation recommended under conservative risk rules.,False,False,0.0,0.0,0.0,2026-05-11 18:40:00+00:00,2026-05-11 18:40:00+00:00
2026-05-11 18:45:00+00:00,QQQ_^NDX,HOLD,0.2979520515482172,0,0.0,0.0,0.0,4.511912004535094e-05,1.0,0.32168641968579326,High_Vol,0.99995,0.52,0.812,Signal below confidence or profit threshold; no capital allocation recommended under conservative risk rules.,False,False,0.0,0.0,0.0,2026-05-11 18:45:00+00:00,2026-05-11 18:45:00+00:00
2026-05-11 18:45:00+00:00,URTH_ACWI,HOLD,0.18437478122373838,0,0.0,0.0,0.0,0.00032278247357647597,0.012300009379730225,0.5718972908199407,High_Vol,0.986538,0.52,0.812,Signal below confidence or profit threshold; no capital allocation recommended under conservative risk rules.,False,False,0.0,0.0,0.0,2026-05-11 18:45:00+00:00,2026-05-11 18:45:00+00:00
2026-05-11 18:45:00+00:00,SPY_^GSPC,HOLD,0.29597702291810435,0,0.0,0.0,0.0,5.02660695761765e-05,1.0,0.31701449366357826,Calm,0.994312,0.96,0.672,Signal below confidence or profit threshold; no capital allocation recommended under conservative risk rules.,False,False,0.0,0.0,0.0,2026-05-11 18:45:00+00:00,2026-05-11 18:45:00+00:00
2026-05-11 18:50:00+00:00,QQQ_^NDX,HOLD,0.29811302507761733,0,0.0,0.0,0.0,4.787272568141527e-05,1.0,0.3219288094807954,High_Vol,0.99995,0.52,0.812,Signal below confidence or profit threshold; no capital allocation recommended under conservative risk rules.,False,False,0.0,0.0,0.0,2026-05-11 18:50:00+00:00,2026-05-11 18:50:00+00:00
2026-05-11 18:50:00+00:00,URTH_ACWI,HOLD,0.15855550111459638,0,0.0,0.0,0.0,0.00031939682321430624,0.012210837352752685,0.48625418658973546,High_Vol,0.986538,0.52,0.812,Signal below confidence or profit threshold; no capital allocation recommended under conservative risk rules.,False,False,0.0,0.0,0.0,2026-05-11 18:50:00+00:00,2026-05-11 18:50:00+00:00
2026-05-11 18:50:00+00:00,SPY_^GSPC,HOLD,0.3189107299502761,0,0.0,0.0,0.0,5.029670709201252e-05,1.0,0.3934584107664288,Calm,0.994312,0.96,0.672,Signal below confidence or profit threshold; no capital allocation recommended under conservative risk rules.,False,False,0.0,0.0,0.0,2026-05-11 18:50:00+00:00,2026-05-11 18:50:00+00:00
2026-05-11 18:55:00+00:00,SPY_^GSPC,HOLD,0.29631670775810776,0,0.0,0.0,0.0,4.7171749995551753e-05,1.0,0.3183258458837647,Calm,0.994312,0.96,0.672,Signal below confidence or profit threshold; no capital allocation recommended under conservative risk rules.,False,False,0.0,0.0,0.0,2026-05-11 18:55:00+00:00,2026-05-11 18:55:00+00:00
2026-05-11 18:55:00+00:00,QQQ_^NDX,HOLD,0.29756352350502224,0,0.0,0.0,0.0,4.596616335373044e-05,1.0,0.3203008301285217,High_Vol,0.99995,0.52,0.812,Signal below confidence or profit threshold; no capital allocation recommended under conservative risk rules.,False,False,0.0,0.0,0.0,2026-05-11 18:55:00+00:00,2026-05-11 18:55:00+00:00
2026-05-11 18:55:00+00:00,URTH_ACWI,HOLD,0.17796900245294028,0,0.0,0.0,0.0,0.0003202575560181423,0.01356932015680949,0.5499682438819555,High_Vol,0.986538,0.52,0.812,Signal below confidence or profit threshold; no capital allocation recommended under conservative risk rules.,False,False,0.0,0.0,0.0,2026-05-11 18:55:00+00:00,2026-05-11 18:55:00+00:00
2026-05-11 19:00:00+00:00,SPY_^GSPC,HOLD,0.29626452399140585,0,0.0,0.0,0.0,5.1664084140058926e-05,1.0,0.3178919269539883,Calm,0.994312,0.96,0.672,Signal below confidence or profit threshold; no capital allocation recommended under conservative risk rules.,False,False,0.0,0.0,0.0,2026-05-11 19:00:00+00:00,2026-05-11 19:00:00+00:00
2026-05-11 19:00:00+00:00,URTH_ACWI,HOLD,0.1761950677497529,0,0.0,0.0,0.0,0.0003115752045140885,0.013374319288635254,0.5451127304398631,High_Vol,0.986538,0.52,0.812,Signal below confidence or profit threshold; no capital allocation recommended under conservative risk rules.,False,False,0.0,0.0,0.0,2026-05-11 19:00:00+00:00,2026-05-11 19:00:00+00:00
2026-05-11 19:00:00+00:00,QQQ_^NDX,HOLD,0.3212423811676282,0,0.0,0.0,0.0,5.397999125366753e-05,1.0,0.39837417747610393,High_Vol,0.99995,0.52,0.812,Signal below confidence or profit threshold; no capital allocation recommended under conservative risk rules.,False,False,0.0,0.0,0.0,2026-05-11 19:00:00+00:00,2026-05-11 19:00:00+00:00
2026-05-11 19:05:00+00:00,QQQ_^NDX,HOLD,0.3443788652776216,0,0.0,0.0,0.0,4.690897358796255e-05,1.0,0.47625124178139233,High_Vol,0.99995,0.52,0.812,Signal below confidence or profit threshold; no capital allocation recommended under conservative risk rules.,False,False,0.0,0.0,0.0,2026-05-11 19:05:00+00:00,2026-05-11 19:05:00+00:00
2026-05-11 19:05:00+00:00,URTH_ACWI,HOLD,0.1516501410365856,0,0.0,0.0,0.0,0.0003066255880644536,0.013406210199584961,0.46380385263158197,High_Vol,0.986538,0.52,0.812,Signal below confidence or profit threshold; no capital allocation recommended under conservative risk rules.,False,False,0.0,0.0,0.0,2026-05-11 19:05:00+00:00,2026-05-11 19:05:00+00:00
2026-05-11 19:05:00+00:00,SPY_^GSPC,HOLD,0.31975436773174754,0,0.0,0.0,0.0,5.132024361833773e-05,1.0,0.39621130426680096,Calm,0.994312,0.96,0.672,Signal below confidence or profit threshold; no capital allocation recommended under conservative risk rules.,False,False,0.0,0.0,0.0,2026-05-11 19:05:00+00:00,2026-05-11 19:05:00+00:00
2026-05-11 19:10:00+00:00,SPY_^GSPC,HOLD,0.31982687999555004,0,0.0,0.0,0.0,5.2603946359380716e-05,1.0,0.3963787234597396,Calm,0.994312,0.96,0.672,Signal below confidence or profit threshold; no capital allocation recommended under conservative risk rules.,False,False,0.0,0.0,0.0,2026-05-11 19:10:00+00:00,2026-05-11 19:10:00+00:00
2026-05-11 19:10:00+00:00,QQQ_^NDX,HOLD,0.34488848405576344,0,0.0,0.0,0.0,5.2188301683154114e-05,1.0,0.4773859402624643,High_Vol,0.99995,0.52,0.812,Signal below confidence or profit threshold; no capital allocation recommended under conservative risk rules.,False,False,0.0,0.0,0.0,2026-05-11 19:10:00+00:00,2026-05-11 19:10:00+00:00
2026-05-11 19:10:00+00:00,URTH_ACWI,HOLD,0.14622273807345879,0,0.0,0.0,0.0,0.00030447407256386973,0.011525720753631593,0.4471960318189512,High_Vol,0.986538,0.52,0.812,Signal below confidence or profit threshold; no capital allocation recommended under conservative risk rules.,False,False,0.0,0.0,0.0,2026-05-11 19:10:00+00:00,2026-05-11 19:10:00+00:00
2026-05-11 19:15:00+00:00,SPY_^GSPC,HOLD,0.34396359938896337,0,0.0,0.0,0.0,5.1697001519334886e-05,1.0,0.4768869400049165,Calm,0.994312,0.96,0.672,Signal below confidence or profit threshold; no capital allocation recommended under conservative risk rules.,False,False,0.0,0.0,0.0,2026-05-11 19:15:00+00:00,2026-05-11 19:15:00+00:00
2026-05-11 19:15:00+00:00,QQQ_^NDX,HOLD,0.3453378327563267,0,0.0,0.0,0.0,4.59725490454594e-05,1.0,0.47954784540084755,High_Vol,0.99995,0.52,0.812,Signal below confidence or profit threshold; no capital allocation recommended under conservative risk rules.,False,False,0.0,0.0,0.0,2026-05-11 19:15:00+00:00,2026-05-11 19:15:00+00:00
2026-05-11 19:15:00+00:00,URTH_ACWI,HOLD,0.15171842343631123,0,0.0,0.0,0.0,0.00029918382567564484,0.037978351697896325,0.44844509304940094,High_Vol,0.986538,0.52,0.812,Signal below confidence or profit threshold; no capital allocation recommended under conservative risk rules.,False,False,0.0,0.0,0.0,2026-05-11 19:15:00+00:00,2026-05-11 19:15:00+00:00
2026-05-11 19:20:00+00:00,URTH_ACWI,HOLD,0.12729843989396633,0,0.0,0.0,0.0,0.000297668556966558,0.03873603958226522,0.3667019103346001,High_Vol,0.986538,0.52,0.812,Signal below confidence or profit threshold; no capital allocation recommended under conservative risk rules.,False,False,0.0,0.0,0.0,2026-05-11 19:20:00+00:00,2026-05-11 19:20:00+00:00
2026-05-11 19:20:00+00:00,SPY_^GSPC,HOLD,0.32085472965331663,0,0.0,0.0,0.0,5.4177085876917997e-05,1.0,0.39971385081910404,Calm,0.994312,0.96,0.672,Signal below confidence or profit threshold; no capital allocation recommended under conservative risk rules.,False,False,0.0,0.0,0.0,2026-05-11 19:20:00+00:00,2026-05-11 19:20:00+00:00
2026-05-11 19:20:00+00:00,QQQ_^NDX,HOLD,0.3216501093024368,0,0.0,0.0,0.0,4.333483606606819e-05,1.0,0.4008705741634573,High_Vol,0.99995,0.52,0.812,Signal below confidence or profit threshold; no capital allocation recommended under conservative risk rules.,False,False,0.0,0.0,0.0,2026-05-11 19:20:00+00:00,2026-05-11 19:20:00+00:00
2026-05-11 19:25:00+00:00,QQQ_^NDX,HOLD,0.3459630948992111,0,0.0,0.0,0.0,6.205634574821359e-05,1.0,0.4799136981952108,High_Vol,0.99995,0.52,0.812,Signal below confidence or profit threshold; no capital allocation recommended under conservative risk rules.,False,False,0.0,0.0,0.0,2026-05-11 19:25:00+00:00,2026-05-11 19:25:00+00:00
2026-05-11 19:25:00+00:00,URTH_ACWI,HOLD,0.14667604120421252,0,0.0,0.0,0.0,0.0003116267103283383,0.036746020581207274,0.43112933833508105,High_Vol,0.986538,0.52,0.812,Signal below confidence or profit threshold; no capital allocation recommended under conservative risk rules.,False,False,0.0,0.0,0.0,2026-05-11 19:25:00+00:00,2026-05-11 19:25:00+00:00
2026-05-11 19:25:00+00:00,SPY_^GSPC,HOLD,0.3215177757514891,0,0.0,0.0,0.0,5.2136306192082374e-05,1.0,0.4020421051558849,Calm,0.994312,0.96,0.672,Signal below confidence or profit threshold; no capital allocation recommended under conservative risk rules.,False,False,0.0,0.0,0.0,2026-05-11 19:25:00+00:00,2026-05-11 19:25:00+00:00
2026-05-11 19:30:00+00:00,URTH_ACWI,HOLD,0.14424172481363587,0,0.0,0.0,0.0,0.0003101290704082006,0.03650185150787354,0.4233377340136867,High_Vol,0.986538,0.52,0.812,Signal below confidence or profit threshold; no capital allocation recommended under conservative risk rules.,False,False,0.0,0.0,0.0,2026-05-11 19:30:00+00:00,2026-05-11 19:30:00+00:00
2026-05-11 19:30:00+00:00,SPY_^GSPC,HOLD,0.3216481508309529,0,0.0,0.0,0.0,5.410599827379382e-05,1.0,0.4023627019438132,Calm,0.994312,0.96,0.672,Signal below confidence or profit threshold; no capital allocation recommended under conservative risk rules.,False,False,0.0,0.0,0.0,2026-05-11 19:30:00+00:00,2026-05-11 19:30:00+00:00
2026-05-11 19:30:00+00:00,QQQ_^NDX,HOLD,0.32273730293074004,0,0.0,0.0,0.0,6.395264184571998e-05,1.0,0.4022917958967275,High_Vol,0.99995,0.52,0.812,Signal below confidence or profit threshold; no capital allocation recommended under conservative risk rules.,False,False,0.0,0.0,0.0,2026-05-11 19:30:00+00:00,2026-05-11 19:30:00+00:00
2026-05-11 19:35:00+00:00,SPY_^GSPC,HOLD,0.29798594221497776,0,0.0,0.0,0.0,5.254565637321942e-05,1.0,0.3235789707875867,Calm,0.994312,0.96,0.672,Signal below confidence or profit threshold; no capital allocation recommended under conservative risk rules.,False,False,0.0,0.0,0.0,2026-05-11 19:35:00+00:00,2026-05-11 19:35:00+00:00
2026-05-11 19:35:00+00:00,URTH_ACWI,HOLD,0.14681444225154236,0,0.0,0.0,0.0,0.00031313720664621897,0.04175909678502401,0.42808724654523,High_Vol,0.986538,0.52,0.812,Signal below confidence or profit threshold; no capital allocation recommended under conservative risk rules.,False,False,0.0,0.0,0.0,2026-05-11 19:35:00+00:00,2026-05-11 19:35:00+00:00
2026-05-11 19:35:00+00:00,QQQ_^NDX,HOLD,0.34830907561160435,0,0.0,0.0,0.0,7.867540473311657e-05,1.0,0.4859580934133481,High_Vol,0.99995,0.52,0.812,Signal below confidence or profit threshold; no capital allocation recommended under conservative risk rules.,False,False,0.0,0.0,0.0,2026-05-11 19:35:00+00:00,2026-05-11 19:35:00+00:00
2026-05-11 19:40:00+00:00,URTH_ACWI,HOLD,0.12303146062051154,0,0.0,0.0,0.0,0.0003061482253317997,0.04356874260116577,0.3483508966022314,High_Vol,0.986538,0.52,0.812,Signal below confidence or profit threshold; no capital allocation recommended under conservative risk rules.,False,False,0.0,0.0,0.0,2026-05-11 19:40:00+00:00,2026-05-11 19:40:00+00:00
2026-05-11 19:40:00+00:00,QQQ_^NDX,HOLD,0.3281361551483615,0,0.0,0.0,0.0,0.0001028526082770383,1.0,0.41613199063588024,High_Vol,0.99995,0.52,0.812,Signal below confidence or profit threshold; no capital allocation recommended under conservative risk rules.,False,False,0.0,0.0,0.0,2026-05-11 19:40:00+00:00,2026-05-11 19:40:00+00:00
2026-05-11 19:40:00+00:00,SPY_^GSPC,HOLD,0.3206803000673041,0,0.0,0.0,0.0,5.258993834622524e-05,1.0,0.3992242676811626,Calm,0.994312,0.96,0.672,Signal below confidence or profit threshold; no capital allocation recommended under conservative risk rules.,False,False,0.0,0.0,0.0,2026-05-11 19:40:00+00:00,2026-05-11 19:40:00+00:00
2026-05-11 19:45:00+00:00,SPY_^GSPC,HOLD,0.3212567592604379,0,0.0,0.0,0.0,5.620308168181207e-05,1.0,0.40093670438191037,Calm,0.994312,0.96,0.672,Signal below confidence or profit threshold; no capital allocation recommended under conservative risk rules.,False,False,0.0,0.0,0.0,2026-05-11 19:45:00+00:00,2026-05-11 19:45:00+00:00
2026-05-11 19:45:00+00:00,URTH_ACWI,HOLD,0.12164280985669214,0,0.0,0.0,0.0,0.00028424893612217345,0.045943367046966554,0.34447864540956735,High_Vol,0.986538,0.52,0.812,Signal below confidence or profit threshold; no capital allocation recommended under conservative risk rules.,False,False,0.0,0.0,0.0,2026-05-11 19:45:00+00:00,2026-05-11 19:45:00+00:00
2026-05-11 19:45:00+00:00,QQQ_^NDX,HOLD,0.3285691247928211,0,0.0,0.0,0.0,0.00011245081399484634,1.0,0.41654977345525324,High_Vol,0.99995,0.52,0.812,Signal below confidence or profit threshold; no capital allocation recommended under conservative risk rules.,False,False,0.0,0.0,0.0,2026-05-11 19:45:00+00:00,2026-05-11 19:45:00+00:00
2026-05-11 19:50:00+00:00,URTH_ACWI,HOLD,0.12086505424387602,0,0.0,0.0,0.0,0.00027388997869782144,0.05144306373662313,0.33932638846095964,High_Vol,0.986538,0.52,0.812,Signal below confidence or profit threshold; no capital allocation recommended under conservative risk rules.,False,False,0.0,0.0,0.0,2026-05-11 19:50:00+00:00,2026-05-11 19:50:00+00:00
2026-05-11 19:50:00+00:00,SPY_^GSPC,HOLD,0.29841605334698923,0,0.0,0.0,0.0,5.1871754119408994e-05,1.0,0.3250516735339798,Calm,0.994312,0.96,0.672,Signal below confidence or profit threshold; no capital allocation recommended under conservative risk rules.,False,False,0.0,0.0,0.0,2026-05-11 19:50:00+00:00,2026-05-11 19:50:00+00:00
2026-05-11 19:50:00+00:00,QQQ_^NDX,HOLD,0.3058352825116115,0,0.0,0.0,0.0,0.0001004140225879666,1.0,0.3420562811724694,High_Vol,0.99995,0.52,0.812,Signal below confidence or profit threshold; no capital allocation recommended under conservative risk rules.,False,False,0.0,0.0,0.0,2026-05-11 19:50:00+00:00,2026-05-11 19:50:00+00:00
2026-05-11 19:55:00+00:00,QQQ_^NDX,HOLD,0.32986476700731887,0,0.0,0.0,0.0,0.00010439915679306252,1.0,0.42172880062342794,High_Vol,0.99995,0.52,0.812,Signal below confidence or profit threshold; no capital allocation recommended under conservative risk rules.,False,False,0.0,0.0,0.0,2026-05-11 19:55:00+00:00,2026-05-11 19:55:00+00:00
2026-05-11 19:55:00+00:00,SPY_^GSPC,HOLD,0.3224570895801285,0,0.0,0.0,0.0,4.806681157014729e-05,1.0,0.405408654412341,Calm,0.994312,0.96,0.672,Signal below confidence or profit threshold; no capital allocation recommended under conservative risk rules.,False,False,0.0,0.0,0.0,2026-05-11 19:55:00+00:00,2026-05-11 19:55:00+00:00
2026-05-11 19:55:00+00:00,URTH_ACWI,HOLD,0.12397538015979878,0,0.0,0.0,0.0,0.00026877966906716893,0.05501223620254517,0.34786066645455893,High_Vol,0.986538,0.52,0.812,Signal below confidence or profit threshold; no capital allocation recommended under conservative risk rules.,False,False,0.0,0.0,0.0,2026-05-11 19:55:00+00:00,2026-05-11 19:55:00+00:00
2026-05-12 07:00:00+00:00,BNK.PA_^FCHI,HOLD,0.5461634216384899,0,0.0,0.0,0.0,0.001157781688591411,0.0011809605400975546,0.5333333333333333,Unknown,0.0,0.05,0.7,Signal below confidence or profit threshold; no capital allocation recommended under conservative risk rules.,False,False,0.0,0.0,0.0,2026-05-12 07:00:00+00:00,2026-05-12 07:00:00+00:00
2026-05-12 07:05:00+00:00,BNKE.L_^STOXX50E,HOLD,0.5170703546578365,0,0.0,0.0,0.0,0.0010386096875889595,0.0009784629406738281,0.5689047762446062,Unknown,0.0,0.05,0.7,Signal below confidence or profit threshold; no capital allocation recommended under conservative risk rules.,False,False,0.0,0.0,0.0,2026-05-12 07:05:00+00:00,2026-05-12 07:05:00+00:00
2026-05-12 07:10:00+00:00,BNKE.L_^STOXX50E,HOLD,0.5065456115754278,0,0.0,0.0,0.0,0.00099584509790326,0.0010043213014729816,0.5813212711579329,Unknown,0.0,0.05,0.7,Signal below confidence or profit threshold; no capital allocation recommended under conservative risk rules.,False,False,0.0,0.0,0.0,2026-05-12 07:10:00+00:00,2026-05-12 07:10:00+00:00
2026-05-12 07:10:00+00:00,BNK.PA_^FCHI,HOLD,0.5222670859055043,0,0.0,0.0,0.0,0.0011559583977414688,0.001404766625073751,0.4555555555555555,Unknown,0.0,0.05,0.7,Signal below confidence or profit threshold; no capital allocation recommended under conservative risk rules.,False,False,0.0,0.0,0.0,2026-05-12 07:10:00+00:00,2026-05-12 07:10:00+00:00
2026-05-12 07:15:00+00:00,BNK.PA_^FCHI,HOLD,0.5178355922718876,0,0.0,0.0,0.0,0.0011426696979122129,0.0013951315057500204,0.4555555555555555,Unknown,0.0,0.05,0.7,Signal below confidence or profit threshold; no capital allocation recommended under conservative risk rules.,False,False,0.0,0.0,0.0,2026-05-12 07:15:00+00:00,2026-05-12 07:15:00+00:00
2026-05-12 07:15:00+00:00,BNKE.L_^STOXX50E,HOLD,0.5211688793939373,0,0.0,0.0,0.0,0.001001569059861576,0.0010098886345418295,0.6237018279327898,Unknown,0.0,0.05,0.7,Signal below confidence or profit threshold; no capital allocation recommended under conservative risk rules.,False,False,0.0,0.0,0.0,2026-05-12 07:15:00+00:00,2026-05-12 07:15:00+00:00
2026-05-12 07:20:00+00:00,BNKE.L_^STOXX50E,HOLD,0.5551161009730669,0,0.0,0.0,0.0,0.0010271068121391414,0.001008941301167806,0.7084845844437317,Unknown,0.0,0.05,0.7,Signal below confidence or profit threshold; no capital allocation recommended under conservative risk rules.,False,False,0.0,0.0,0.0,2026-05-12 07:20:00+00:00,2026-05-12 07:20:00+00:00
2026-05-12 07:20:00+00:00,BNK.PA_^FCHI,HOLD,0.5445594968666657,0,0.0,0.0,0.0,0.001152841545086577,0.0013949091890335082,0.5333333333333333,Unknown,0.0,0.05,0.7,Signal below confidence or profit threshold; no capital allocation recommended under conservative risk rules.,False,False,0.0,0.0,0.0,2026-05-12 07:20:00+00:00,2026-05-12 07:20:00+00:00
2026-05-12 07:25:00+00:00,BNK.PA_^FCHI,HOLD,0.5618912708585538,0,0.0,0.0,0.0,0.0012048486658680735,0.001375244512646993,0.5333333333333333,Unknown,0.0,0.05,0.7,Signal below confidence or profit threshold; no capital allocation recommended under conservative risk rules.,False,False,0.0,0.0,0.0,2026-05-12 07:25:00+00:00,2026-05-12 07:25:00+00:00
2026-05-12 07:30:00+00:00,BNK.PA_^FCHI,HOLD,0.5896772696977869,0,0.0,0.0,0.0,0.001218218440683792,0.0013556140159479775,0.611111111111111,Unknown,0.0,0.05,0.7,Signal below confidence or profit threshold; no capital allocation recommended under conservative risk rules.,False,False,0.0,0.0,0.0,2026-05-12 07:30:00+00:00,2026-05-12 07:30:00+00:00
2026-05-12 07:35:00+00:00,BNK.PA_^FCHI,HOLD,0.5810460903541635,0,0.0,0.0,0.0,0.001192305828844725,0.0013874036962763469,0.611111111111111,Unknown,0.0,0.05,0.7,Signal below confidence or profit threshold; no capital allocation recommended under conservative risk rules.,False,False,0.0,0.0,0.0,2026-05-12 07:35:00+00:00,2026-05-12 07:35:00+00:00
2026-05-12 07:40:00+00:00,BNK.PA_^FCHI,HOLD,0.5902133830062175,0,0.0,0.0,0.0,0.0012198283794654149,0.0013529492553965249,0.611111111111111,Unknown,0.0,0.05,0.7,Signal below confidence or profit threshold; no capital allocation recommended under conservative risk rules.,False,False,0.0,0.0,0.0,2026-05-12 07:40:00+00:00,2026-05-12 07:40:00+00:00
2026-05-12 07:40:00+00:00,BNKE.L_^STOXX50E,HOLD,0.6475969738693564,0,0.0,0.0,0.0,0.0011824100028995125,0.0006348645142618815,0.8444444444444443,Unknown,0.0,0.05,0.7,Signal below confidence or profit threshold; no capital allocation recommended under conservative risk rules.,False,False,0.0,0.0,0.0,2026-05-12 07:40:00+00:00,2026-05-12 07:40:00+00:00
2026-05-12 07:45:00+00:00,BNK.PA_^FCHI,HOLD,0.5904681563368438,0,0.0,0.0,0.0,0.0011506101582878217,0.0013238512045160929,0.6888888888888889,Unknown,0.0,0.05,0.7,Signal below confidence or profit threshold; no capital allocation recommended under conservative risk rules.,False,False,0.0,0.0,0.0,2026-05-12 07:45:00+00:00,2026-05-12 07:45:00+00:00
2026-05-12 07:50:00+00:00,BNK.PA_^FCHI,HOLD,0.6070047245497805,0,0.0,0.0,0.0,0.0012002676593697776,0.0012441904659398397,0.6888888888888889,Unknown,0.0,0.05,0.7,Signal below confidence or profit threshold; no capital allocation recommended under conservative risk rules.,False,False,0.0,0.0,0.0,2026-05-12 07:50:00+00:00,2026-05-12 07:50:00+00:00
2026-05-12 07:50:00+00:00,BNKE.L_^STOXX50E,HOLD,0.6256624755741912,0,0.0,0.0,0.0,0.0011167274070191433,0.00043336617238362633,0.8444444444444443,Unknown,0.0,0.05,0.7,Signal below confidence or profit threshold; no capital allocation recommended under conservative risk rules.,False,False,0.0,0.0,0.0,2026-05-12 07:50:00+00:00,2026-05-12 07:50:00+00:00
2026-05-12 07:55:00+00:00,BNK.PA_^FCHI,HOLD,0.5893178367850661,0,0.0,0.0,0.0,0.0011476897171589623,0.0004396553270594279,0.6888888888888889,Unknown,0.0,0.05,0.7,Signal below confidence or profit threshold; no capital allocation recommended under conservative risk rules.,False,False,0.0,0.0,0.0,2026-05-12 07:55:00+00:00,2026-05-12 07:55:00+00:00
2026-05-12 07:55:00+00:00,BNKE.L_^STOXX50E,HOLD,0.5885334516851651,0,0.0,0.0,0.0,0.0010753364016222676,0.0004399223887125651,0.7666666666666666,Unknown,0.0,0.05,0.7,Signal below confidence or profit threshold; no capital allocation recommended under conservative risk rules.,False,False,0.0,0.0,0.0,2026-05-12 07:55:00+00:00,2026-05-12 07:55:00+00:00
2026-05-12 08:00:00+00:00,BNK.PA_^FCHI,HOLD,0.5637001575111663,0,0.0,0.0,0.0,0.0011408341153632262,0.00044392861712137853,0.611111111111111,Unknown,0.0,0.05,0.7,Signal below confidence or profit threshold; no capital allocation recommended under conservative risk rules.,False,False,0.0,0.0,0.0,2026-05-12 08:00:00+00:00,2026-05-12 08:00:00+00:00
2026-05-12 08:05:00+00:00,BNKE.L_^STOXX50E,HOLD,0.5758662269067737,0,0.0,0.0,0.0,0.0011073341650870813,0.00044085938873291016,0.6888888888888889,Unknown,0.0,0.05,0.7,Signal below confidence or profit threshold; no capital allocation recommended under conservative risk rules.,False,False,0.0,0.0,0.0,2026-05-12 08:05:00+00:00,2026-05-12 08:05:00+00:00
2026-05-12 08:05:00+00:00,BNK.PA_^FCHI,HOLD,0.5440693161884793,0,0.0,0.0,0.0,0.001152087818894555,0.00020021611813863117,0.5333333333333333,Unknown,0.0,0.05,0.7,Signal below confidence or profit threshold; no capital allocation recommended under conservative risk rules.,False,False,0.0,0.0,0.0,2026-05-12 08:05:00+00:00,2026-05-12 08:05:00+00:00
2026-05-12 08:10:00+00:00,BNKE.L_^STOXX50E,HOLD,0.5732203734017008,0,0.0,0.0,0.0,0.0010994447265732057,0.0003606560531616211,0.6888888888888889,Unknown,0.0,0.05,0.7,Signal below confidence or profit threshold; no capital allocation recommended under conservative risk rules.,False,False,0.0,0.0,0.0,2026-05-12 08:10:00+00:00,2026-05-12 08:10:00+00:00
2026-05-12 08:15:00+00:00,BNK.PA_^FCHI,HOLD,0.5184426878667888,0,0.0,0.0,0.0,0.001124936076335474,0.00021384288749694825,0.4780707572582159,Unknown,0.0,0.05,0.7,Signal below confidence or profit threshold; no capital allocation recommended under conservative risk rules.,False,False,0.0,0.0,0.0,2026-05-12 08:15:00+00:00,2026-05-12 08:15:00+00:00
2026-05-12 08:15:00+00:00,BNKE.L_^STOXX50E,HOLD,0.5381058678316327,0,0.0,0.0,0.0,0.001064039290664393,0.0004638547175089518,0.611111111111111,Unknown,0.0,0.05,0.7,Signal below confidence or profit threshold; no capital allocation recommended under conservative risk rules.,False,False,0.0,0.0,0.0,2026-05-12 08:15:00+00:00,2026-05-12 08:15:00+00:00
2026-05-12 08:20:00+00:00,BNKE.L_^STOXX50E,HOLD,0.5323243015822043,0,0.0,0.0,0.0,0.00106762629792994,0.001103699033610026,0.5874270971072302,Unknown,0.0,0.05,0.7,Signal below confidence or profit threshold; no capital allocation recommended under conservative risk rules.,False,False,0.0,0.0,0.0,2026-05-12 08:20:00+00:00,2026-05-12 08:20:00+00:00
2026-05-12 08:20:00+00:00,BNK.PA_^FCHI,HOLD,0.5027810128145714,0,0.0,0.0,0.0,0.001119640972097368,0.0001751296895345052,0.4317744317029172,Unknown,0.0,0.05,0.7,Signal below confidence or profit threshold; no capital allocation recommended under conservative risk rules.,False,False,0.0,0.0,0.0,2026-05-12 08:20:00+00:00,2026-05-12 08:20:00+00:00
2026-05-12 08:25:00+00:00,BNK.PA_^FCHI,HOLD,0.49981089858851385,0,0.0,0.0,0.0,0.0010575933425155052,0.00017451774955749513,0.49081626955589097,Unknown,0.0,0.05,0.7,Signal below confidence or profit threshold; no capital allocation recommended under conservative risk rules.,False,False,0.0,0.0,0.0,2026-05-12 08:25:00+00:00,2026-05-12 08:25:00+00:00
2026-05-12 08:25:00+00:00,BNKE.L_^STOXX50E,HOLD,0.5245140014682866,0,0.0,0.0,0.0,0.001065409683409836,0.0011759550338745117,0.5638074977496659,Unknown,0.0,0.05,0.7,Signal below confidence or profit threshold; no capital allocation recommended under conservative risk rules.,False,False,0.0,0.0,0.0,2026-05-12 08:25:00+00:00,2026-05-12 08:25:00+00:00
2026-05-12 08:30:00+00:00,BNKE.L_^STOXX50E,HOLD,0.49680543113496006,0,0.0,0.0,0.0,0.0010333358108684963,0.0011759550338745117,0.5070832327956215,Unknown,0.0,0.05,0.7,Signal below confidence or profit threshold; no capital allocation recommended under conservative risk rules.,False,False,0.0,0.0,0.0,2026-05-12 08:30:00+00:00,2026-05-12 08:30:00+00:00
2026-05-12 08:30:00+00:00,BNK.PA_^FCHI,HOLD,0.501528054382643,0,0.0,0.0,0.0,0.0010633841983857778,0.0001582437866973877,0.49011668721125884,Unknown,0.0,0.05,0.7,Signal below confidence or profit threshold; no capital allocation recommended under conservative risk rules.,False,False,0.0,0.0,0.0,2026-05-12 08:30:00+00:00,2026-05-12 08:30:00+00:00
2026-05-12 08:35:00+00:00,BNK.PA_^FCHI,HOLD,0.47090941251378865,0,0.0,0.0,0.0,0.0010600935634243656,0.00014354358042399087,0.39172060885416227,Unknown,0.0,0.05,0.7,Signal below confidence or profit threshold; no capital allocation recommended under conservative risk rules.,False,False,0.0,0.0,0.0,2026-05-12 08:35:00+00:00,2026-05-12 08:35:00+00:00
2026-05-12 08:40:00+00:00,BNK.PA_^FCHI,HOLD,0.44241569842012063,0,0.0,0.0,0.0,0.0009849712771234902,0.00011211661333719888,0.38023172018763274,Unknown,0.0,0.05,0.7,Signal below confidence or profit threshold; no capital allocation recommended under conservative risk rules.,False,False,0.0,0.0,0.0,2026-05-12 08:40:00+00:00,2026-05-12 08:40:00+00:00
2026-05-12 08:50:00+00:00,BNKE.L_^STOXX50E,HOLD,0.4837400556638725,0,0.0,0.0,0.0,0.0009983626755413237,0.0018434766687011718,0.5019460060545258,Unknown,0.0,0.05,0.7,Signal below confidence or profit threshold; no capital allocation recommended under conservative risk rules.,False,False,0.0,0.0,0.0,2026-05-12 08:50:00+00:00,2026-05-12 08:50:00+00:00
2026-05-12 08:55:00+00:00,BNK.PA_^FCHI,HOLD,0.4740444840904859,0,0.0,0.0,0.0,0.0010076996886821403,0.000124545549659729,0.460398929177246,Unknown,0.0,0.05,0.7,Signal below confidence or profit threshold; no capital allocation recommended under conservative risk rules.,False,False,0.0,0.0,0.0,2026-05-12 08:55:00+00:00,2026-05-12 08:55:00+00:00
2026-05-12 08:55:00+00:00,BNKE.L_^STOXX50E,HOLD,0.5114597141108913,0,0.0,0.0,0.0,0.0010105592022042708,0.002108321668701172,0.5806166079190918,Unknown,0.0,0.05,0.7,Signal below confidence or profit threshold; no capital allocation recommended under conservative risk rules.,False,False,0.0,0.0,0.0,2026-05-12 08:55:00+00:00,2026-05-12 08:55:00+00:00
2026-05-12 09:05:00+00:00,BNKE.L_^STOXX50E,HOLD,0.528491659528646,0,0.0,0.0,0.0,0.0010177956716792465,0.002072470498046875,0.6293731384531815,Unknown,0.0,0.05,0.7,Signal below confidence or profit threshold; no capital allocation recommended under conservative risk rules.,False,False,0.0,0.0,0.0,2026-05-12 09:05:00+00:00,2026-05-12 09:05:00+00:00
2026-05-12 09:05:00+00:00,BNK.PA_^FCHI,HOLD,0.49674976148050176,0,0.0,0.0,0.0,0.001008543212912314,0.00012413243961334228,0.5351462134060258,Unknown,0.0,0.05,0.7,Signal below confidence or profit threshold; no capital allocation recommended under conservative risk rules.,False,False,0.0,0.0,0.0,2026-05-12 09:05:00+00:00,2026-05-12 09:05:00+00:00
2026-05-12 09:10:00+00:00,BNK.PA_^FCHI,HOLD,0.4828127313054609,0,0.0,0.0,0.0,0.0009684342289207059,7.227238529205323e-05,0.5332895572938907,Unknown,0.0,0.05,0.7,Signal below confidence or profit threshold; no capital allocation recommended under conservative risk rules.,False,False,0.0,0.0,0.0,2026-05-12 09:10:00+00:00,2026-05-12 09:10:00+00:00
2026-05-12 09:10:00+00:00,BNKE.L_^STOXX50E,HOLD,0.49465768885319816,0,0.0,0.0,0.0,0.000988124495051424,0.0019746585001627604,0.5496264182311918,Unknown,0.0,0.05,0.7,Signal below confidence or profit threshold; no capital allocation recommended under conservative risk rules.,False,False,0.0,0.0,0.0,2026-05-12 09:10:00+00:00,2026-05-12 09:10:00+00:00
2026-05-12 09:15:00+00:00,BNK.PA_^FCHI,HOLD,0.5086514945926247,0,0.0,0.0,0.0,0.0009770558912760255,6.65668121210734e-05,0.6098429471273069,Unknown,0.0,0.05,0.7,Signal below confidence or profit threshold; no capital allocation recommended under conservative risk rules.,False,False,0.0,0.0,0.0,2026-05-12 09:15:00+00:00,2026-05-12 09:15:00+00:00
2026-05-12 09:20:00+00:00,BNK.PA_^FCHI,HOLD,0.45954244266044775,0,0.0,0.0,0.0,0.0009223217418402412,6.942418860117594e-05,0.5069599240310458,Unknown,0.0,0.05,0.7,Signal below confidence or profit threshold; no capital allocation recommended under conservative risk rules.,False,False,0.0,0.0,0.0,2026-05-12 09:20:00+00:00,2026-05-12 09:20:00+00:00
2026-05-12 09:20:00+00:00,BNKE.L_^STOXX50E,HOLD,0.49532145809379047,0,0.0,0.0,0.0,0.0009740993608515384,0.002257145737915039,0.5672341399856491,Unknown,0.0,0.05,0.7,Signal below confidence or profit threshold; no capital allocation recommended under conservative risk rules.,False,False,0.0,0.0,0.0,2026-05-12 09:20:00+00:00,2026-05-12 09:20:00+00:00
2026-05-12 09:25:00+00:00,BNKE.L_^STOXX50E,HOLD,0.46050867274541285,0,0.0,0.0,0.0,0.000978190914156592,0.002235583737894694,0.44665972648545527,Unknown,0.0,0.05,0.7,Signal below confidence or profit threshold; no capital allocation recommended under conservative risk rules.,False,False,0.0,0.0,0.0,2026-05-12 09:25:00+00:00,2026-05-12 09:25:00+00:00
2026-05-12 09:25:00+00:00,BNK.PA_^FCHI,HOLD,0.43595518722574406,0,0.0,0.0,0.0,0.0008611041260378756,6.109109191894532e-05,0.49636086776022814,Unknown,0.0,0.05,0.7,Signal below confidence or profit threshold; no capital allocation recommended under conservative risk rules.,False,False,0.0,0.0,0.0,2026-05-12 09:25:00+00:00,2026-05-12 09:25:00+00:00
2026-05-12 09:30:00+00:00,BNKE.L_^STOXX50E,HOLD,0.46326348793764804,0,0.0,0.0,0.0,0.0009454047293326047,0.00212865174021403,0.49234282604023455,Unknown,0.0,0.05,0.7,Signal below confidence or profit threshold; no capital allocation recommended under conservative risk rules.,False,False,0.0,0.0,0.0,2026-05-12 09:30:00+00:00,2026-05-12 09:30:00+00:00
2026-05-12 09:30:00+00:00,BNK.PA_^FCHI,HOLD,0.425174037301524,0,0.0,0.0,0.0,0.000787907959551024,4.994400258382161e-05,0.5417602066133308,Unknown,0.0,0.05,0.7,Signal below confidence or profit threshold; no capital allocation recommended under conservative risk rules.,False,False,0.0,0.0,0.0,2026-05-12 09:30:00+00:00,2026-05-12 09:30:00+00:00
2026-05-12 09:35:00+00:00,BNK.PA_^FCHI,HOLD,0.4392819313978572,0,0.0,0.0,0.0,0.0007568044620094955,4.934110284169515e-05,0.6233463639137455,Unknown,0.0,0.05,0.7,Signal below confidence or profit threshold; no capital allocation recommended under conservative risk rules.,False,False,0.0,0.0,0.0,2026-05-12 09:35:00+00:00,2026-05-12 09:35:00+00:00
2026-05-12 09:40:00+00:00,BNKE.L_^STOXX50E,HOLD,0.4209012799620506,0,0.0,0.0,0.0,0.0007666027861618583,0.0018195197208658853,0.5500103798797491,Unknown,0.0,0.05,0.7,Signal below confidence or profit threshold; no capital allocation recommended under conservative risk rules.,False,False,0.0,0.0,0.0,2026-05-12 09:40:00+00:00,2026-05-12 09:40:00+00:00
2026-05-12 09:45:00+00:00,BNK.PA_^FCHI,HOLD,0.48584999690539427,0,0.0,0.0,0.0,0.0007841144821943227,9.368792186737061e-05,0.7481992175208219,Unknown,0.0,0.05,0.7,Signal below confidence or profit threshold; no capital allocation recommended under conservative risk rules.,False,False,0.0,0.0,0.0,2026-05-12 09:45:00+00:00,2026-05-12 09:45:00+00:00
2026-05-12 09:45:00+00:00,BNKE.L_^STOXX50E,HOLD,0.3887580402519973,0,0.0,0.0,0.0,0.0007408100197812386,0.0022032437125651043,0.4712690608302381,Unknown,0.0,0.05,0.7,Signal below confidence or profit threshold; no capital allocation recommended under conservative risk rules.,False,False,0.0,0.0,0.0,2026-05-12 09:45:00+00:00,2026-05-12 09:45:00+00:00
2026-05-12 09:50:00+00:00,BNK.PA_^FCHI,HOLD,0.48414003160746993,0,0.0,0.0,0.0,0.0008265834513769429,0.00019504164330800373,0.6952440205105358,Unknown,0.0,0.05,0.7,Signal below confidence or profit threshold; no capital allocation recommended under conservative risk rules.,False,False,0.0,0.0,0.0,2026-05-12 09:50:00+00:00,2026-05-12 09:50:00+00:00
2026-05-12 09:50:00+00:00,BNKE.L_^STOXX50E,HOLD,0.3645409856463944,0,0.0,0.0,0.0,0.0007405388275250552,0.0015741762412516274,0.39126624852153025,Unknown,0.0,0.05,0.7,Signal below confidence or profit threshold; no capital allocation recommended under conservative risk rules.,False,False,0.0,0.0,0.0,2026-05-12 09:50:00+00:00,2026-05-12 09:50:00+00:00
2026-05-12 09:55:00+00:00,BNK.PA_^FCHI,HOLD,0.45745971720838347,0,0.0,0.0,0.0,0.0008279347142518863,0.00019749137346903486,0.6048066028324253,Unknown,0.0,0.05,0.7,Signal below confidence or profit threshold; no capital allocation recommended under conservative risk rules.,False,False,0.0,0.0,0.0,2026-05-12 09:55:00+00:00,2026-05-12 09:55:00+00:00
2026-05-12 10:00:00+00:00,BNKE.L_^STOXX50E,HOLD,0.40258350756833267,0,0.0,0.0,0.0,0.0007816420847955332,0.0019269070669555664,0.4721692151881016,Unknown,0.0,0.05,0.7,Signal below confidence or profit threshold; no capital allocation recommended under conservative risk rules.,False,False,0.0,0.0,0.0,2026-05-12 10:00:00+00:00,2026-05-12 10:00:00+00:00
2026-05-12 10:05:00+00:00,BNKE.L_^STOXX50E,HOLD,0.40793316642288,0,0.0,0.0,0.0,0.0007255086266627255,0.0016940447350056967,0.5525271619610124,Unknown,0.0,0.05,0.7,Signal below confidence or profit threshold; no capital allocation recommended under conservative risk rules.,False,False,0.0,0.0,0.0,2026-05-12 10:05:00+00:00,2026-05-12 10:05:00+00:00
2026-05-12 10:05:00+00:00,BNK.PA_^FCHI,HOLD,0.5333113804437061,0,0.0,0.0,0.0,0.0009650295844085494,0.0002005690000152588,0.7053157950250665,Unknown,0.0,0.05,0.7,Signal below confidence or profit threshold; no capital allocation recommended under conservative risk rules.,False,False,0.0,0.0,0.0,2026-05-12 10:05:00+00:00,2026-05-12 10:05:00+00:00
2026-05-12 10:10:00+00:00,BNKE.L_^STOXX50E,HOLD,0.41226733029925483,0,0.0,0.0,0.0,0.0007542235515082458,0.0016198769032796225,0.5351183480528342,Unknown,0.0,0.05,0.7,Signal below confidence or profit threshold; no capital allocation recommended under conservative risk rules.,False,False,0.0,0.0,0.0,2026-05-12 10:10:00+00:00,2026-05-12 10:10:00+00:00
2026-05-12 10:10:00+00:00,BNK.PA_^FCHI,HOLD,0.485200790675938,0,0.0,0.0,0.0,0.0008201946421540679,0.00019243539357503253,0.7058802984862236,Unknown,0.0,0.05,0.7,Signal below confidence or profit threshold; no capital allocation recommended under conservative risk rules.,False,False,0.0,0.0,0.0,2026-05-12 10:10:00+00:00,2026-05-12 10:10:00+00:00
2026-05-12 10:20:00+00:00,BNK.PA_^FCHI,HOLD,0.5091454579358505,0,0.0,0.0,0.0,0.0008900954027119859,0.0006045619763056437,0.7077535932330916,Unknown,0.0,0.05,0.7,Signal below confidence or profit threshold; no capital allocation recommended under conservative risk rules.,False,False,0.0,0.0,0.0,2026-05-12 10:20:00+00:00,2026-05-12 10:20:00+00:00
2026-05-12 10:20:00+00:00,BNKE.L_^STOXX50E,HOLD,0.40618840780678894,0,0.0,0.0,0.0,0.0007431399112900859,0.0018158857267252604,0.5270397563269398,Unknown,0.0,0.05,0.7,Signal below confidence or profit threshold; no capital allocation recommended under conservative risk rules.,False,False,0.0,0.0,0.0,2026-05-12 10:20:00+00:00,2026-05-12 10:20:00+00:00
2026-05-12 10:35:00+00:00,BNK.PA_^FCHI,HOLD,0.4913133966234525,0,0.0,0.0,0.0,0.0008262193221336854,0.000605794082959493,0.7192859903187738,Unknown,0.0,0.05,0.7,Signal below confidence or profit threshold; no capital allocation recommended under conservative risk rules.,False,False,0.0,0.0,0.0,2026-05-12 10:35:00+00:00,2026-05-12 10:35:00+00:00
2026-05-12 10:35:00+00:00,BNKE.L_^STOXX50E,HOLD,0.40595752035870664,0,0.0,0.0,0.0,0.0007342132396305029,0.002248064936319987,0.5359005360931389,Unknown,0.0,0.05,0.7,Signal below confidence or profit threshold; no capital allocation recommended under conservative risk rules.,False,False,0.0,0.0,0.0,2026-05-12 10:35:00+00:00,2026-05-12 10:35:00+00:00
2026-05-12 10:40:00+00:00,BNK.PA_^FCHI,HOLD,0.46232497614120843,0,0.0,0.0,0.0,0.0007784117604820032,0.0006057971496200562,0.6757774329465001,Unknown,0.0,0.05,0.7,Signal below confidence or profit threshold; no capital allocation recommended under conservative risk rules.,False,False,0.0,0.0,0.0,2026-05-12 10:40:00+00:00,2026-05-12 10:40:00+00:00
2026-05-12 10:45:00+00:00,BNKE.L_^STOXX50E,HOLD,0.3963859903738717,0,0.0,0.0,0.0,0.0007062954632959622,0.0020578709171549477,0.5351419836392889,Unknown,0.0,0.05,0.7,Signal below confidence or profit threshold; no capital allocation recommended under conservative risk rules.,False,False,0.0,0.0,0.0,2026-05-12 10:45:00+00:00,2026-05-12 10:45:00+00:00
2026-05-12 10:50:00+00:00,BNKE.L_^STOXX50E,HOLD,0.37845618051491275,0,0.0,0.0,0.0,0.0007257249908764197,0.0019270649660237632,0.45387479076522685,Unknown,0.0,0.05,0.7,Signal below confidence or profit threshold; no capital allocation recommended under conservative risk rules.,False,False,0.0,0.0,0.0,2026-05-12 10:50:00+00:00,2026-05-12 10:50:00+00:00
2026-05-12 10:50:00+00:00,BNK.PA_^FCHI,HOLD,0.4616024710374504,0,0.0,0.0,0.0,0.000822246824327749,0.0005990748830668131,0.6246679376164024,Unknown,0.0,0.05,0.7,Signal below confidence or profit threshold; no capital allocation recommended under conservative risk rules.,False,False,0.0,0.0,0.0,2026-05-12 10:50:00+00:00,2026-05-12 10:50:00+00:00
2026-05-12 11:00:00+00:00,BNK.PA_^FCHI,HOLD,0.4204593405241177,0,0.0,0.0,0.0,0.0007979867937449196,0.0006807332112884521,0.5144253198896229,Unknown,0.0,0.05,0.7,Signal below confidence or profit threshold; no capital allocation recommended under conservative risk rules.,False,False,0.0,0.0,0.0,2026-05-12 11:00:00+00:00,2026-05-12 11:00:00+00:00
2026-05-12 11:05:00+00:00,BNKE.L_^STOXX50E,HOLD,0.35260839501371305,0,0.0,0.0,0.0,0.0007102596680770405,0.0022239923332722984,0.38470124618237267,Unknown,0.0,0.05,0.7,Signal below confidence or profit threshold; no capital allocation recommended under conservative risk rules.,False,False,0.0,0.0,0.0,2026-05-12 11:05:00+00:00,2026-05-12 11:05:00+00:00
2026-05-12 11:10:00+00:00,BNKE.L_^STOXX50E,HOLD,0.3644193536807194,0,0.0,0.0,0.0,0.000726578010795678,0.0023476053522745767,0.40585720781679524,Unknown,0.0,0.05,0.7,Signal below confidence or profit threshold; no capital allocation recommended under conservative risk rules.,False,False,0.0,0.0,0.0,2026-05-12 11:10:00+00:00,2026-05-12 11:10:00+00:00
2026-05-12 11:15:00+00:00,BNK.PA_^FCHI,HOLD,0.4088871051391013,0,0.0,0.0,0.0,0.0007859700671570439,0.0006809258247629802,0.4892029919615579,Unknown,0.0,0.05,0.7,Signal below confidence or profit threshold; no capital allocation recommended under conservative risk rules.,False,False,0.0,0.0,0.0,2026-05-12 11:15:00+00:00,2026-05-12 11:15:00+00:00
2026-05-12 11:15:00+00:00,BNKE.L_^STOXX50E,HOLD,0.3547829101985779,0,0.0,0.0,0.0,0.0007140009107660091,0.00309777570119222,0.38721017156556603,Unknown,0.0,0.05,0.7,Signal below confidence or profit threshold; no capital allocation recommended under conservative risk rules.,False,False,0.0,0.0,0.0,2026-05-12 11:15:00+00:00,2026-05-12 11:15:00+00:00
2026-05-12 11:20:00+00:00,BNKE.L_^STOXX50E,HOLD,0.33311137020307074,0,0.0,0.0,0.0,0.0007215465318292526,0.00309777570119222,0.30658768151027166,Unknown,0.0,0.05,0.7,Signal below confidence or profit threshold; no capital allocation recommended under conservative risk rules.,False,False,0.0,0.0,0.0,2026-05-12 11:20:00+00:00,2026-05-12 11:20:00+00:00
2026-05-12 11:20:00+00:00,BNK.PA_^FCHI,HOLD,0.4695105615168416,0,0.0,0.0,0.0,0.0009258372380530111,0.0006758213679504395,0.5358766151963817,Unknown,0.0,0.05,0.7,Signal below confidence or profit threshold; no capital allocation recommended under conservative risk rules.,False,False,0.0,0.0,0.0,2026-05-12 11:20:00+00:00,2026-05-12 11:20:00+00:00
2026-05-12 11:25:00+00:00,BNK.PA_^FCHI,HOLD,0.49802081166713685,0,0.0,0.0,0.0,0.001017362672813995,0.0006320863022359212,0.5292450115623043,Unknown,0.0,0.05,0.7,Signal below confidence or profit threshold; no capital allocation recommended under conservative risk rules.,False,False,0.0,0.0,0.0,2026-05-12 11:25:00+00:00,2026-05-12 11:25:00+00:00
2026-05-12 11:30:00+00:00,BNKE.L_^STOXX50E,HOLD,0.3401827502974855,0,0.0,0.0,0.0,0.0006690021943600231,0.0030529748806762697,0.3885714128933642,Unknown,0.0,0.05,0.7,Signal below confidence or profit threshold; no capital allocation recommended under conservative risk rules.,False,False,0.0,0.0,0.0,2026-05-12 11:30:00+00:00,2026-05-12 11:30:00+00:00
2026-05-12 11:35:00+00:00,BNKE.L_^STOXX50E,HOLD,0.3677628745109035,0,0.0,0.0,0.0,0.0006786086563785093,0.0026170475212605794,0.47012193182382755,Unknown,0.0,0.05,0.7,Signal below confidence or profit threshold; no capital allocation recommended under conservative risk rules.,False,False,0.0,0.0,0.0,2026-05-12 11:35:00+00:00,2026-05-12 11:35:00+00:00
2026-05-12 11:40:00+00:00,BNK.PA_^FCHI,HOLD,0.47695341507581485,0,0.0,0.0,0.0,0.0009349520653317469,0.0005720007499567667,0.550627754939693,Unknown,0.0,0.05,0.7,Signal below confidence or profit threshold; no capital allocation recommended under conservative risk rules.,False,False,0.0,0.0,0.0,2026-05-12 11:40:00+00:00,2026-05-12 11:40:00+00:00
2026-05-12 11:40:00+00:00,BNKE.L_^STOXX50E,HOLD,0.38912861409746724,0,0.0,0.0,0.0,0.0006622983707972572,0.0026170475212605794,0.5594636033137648,Unknown,0.0,0.05,0.7,Signal below confidence or profit threshold; no capital allocation recommended under conservative risk rules.,False,False,0.0,0.0,0.0,2026-05-12 11:40:00+00:00,2026-05-12 11:40:00+00:00
2026-05-12 11:45:00+00:00,BNK.PA_^FCHI,HOLD,0.48644048456273,0,0.0,0.0,0.0,0.0009513157146798897,0.0006693218053690593,0.5640046065834208,Unknown,0.0,0.05,0.7,Signal below confidence or profit threshold; no capital allocation recommended under conservative risk rules.,False,False,0.0,0.0,0.0,2026-05-12 11:45:00+00:00,2026-05-12 11:45:00+00:00
2026-05-12 11:50:00+00:00,BNKE.L_^STOXX50E,HOLD,0.3873917961487211,0,0.0,0.0,0.0,0.0006099810139276454,0.0029263580269368486,0.6115983996692844,Unknown,0.0,0.05,0.7,Signal below confidence or profit threshold; no capital allocation recommended under conservative risk rules.,False,False,0.0,0.0,0.0,2026-05-12 11:50:00+00:00,2026-05-12 11:50:00+00:00
2026-05-12 11:55:00+00:00,BNKE.L_^STOXX50E,HOLD,0.19589642997892429,0,0.0,0.0,0.0,0.0007161258813440422,0.0029263580269368486,0.5903896775269623,Stress,0.997597,0.656,0.756,Signal below confidence or profit threshold; no capital allocation recommended under conservative risk rules.,False,False,0.0,0.0,0.0,2026-05-12 11:55:00+00:00,2026-05-12 11:55:00+00:00
2026-05-12 11:55:00+00:00,BNK.PA_^FCHI,HOLD,0.5314960163514427,0,0.0,0.0,0.0,0.0010546195136974623,0.000664207865524292,0.5994111229306125,Unknown,0.0,0.05,0.7,Signal below confidence or profit threshold; no capital allocation recommended under conservative risk rules.,False,False,0.0,0.0,0.0,2026-05-12 11:55:00+00:00,2026-05-12 11:55:00+00:00
2026-05-12 12:05:00+00:00,BNKE.L_^STOXX50E,HOLD,0.21751573407880212,0,0.0,0.0,0.0,0.0006906331867724131,0.002609446185201009,0.6648242332485887,Stress,0.997597,0.656,0.756,Signal below confidence or profit threshold; no capital allocation recommended under conservative risk rules.,False,False,0.0,0.0,0.0,2026-05-12 12:05:00+00:00,2026-05-12 12:05:00+00:00
2026-05-12 12:05:00+00:00,BNK.PA_^FCHI,HOLD,0.516357804679155,0,0.0,0.0,0.0,0.0010686756338261312,0.0006629670188903809,0.5333333333333333,Unknown,0.0,0.05,0.7,Signal below confidence or profit threshold; no capital allocation recommended under conservative risk rules.,False,False,0.0,0.0,0.0,2026-05-12 12:05:00+00:00,2026-05-12 12:05:00+00:00
2026-05-12 12:10:00+00:00,BNKE.L_^STOXX50E,HOLD,0.21343291195814748,0,0.0,0.0,0.0,0.0006581995969039221,0.0021086926743570963,0.6542954089630948,Stress,0.997597,0.656,0.756,Signal below confidence or profit threshold; no capital allocation recommended under conservative risk rules.,False,False,0.0,0.0,0.0,2026-05-12 12:10:00+00:00,2026-05-12 12:10:00+00:00
2026-05-12 12:20:00+00:00,BNK.PA_^FCHI,HOLD,0.5267513644297498,0,0.0,0.0,0.0,0.0011001042016214788,0.0002498194462839763,0.5333333333333333,Unknown,0.0,0.05,0.7,Signal below confidence or profit threshold; no capital allocation recommended under conservative risk rules.,False,False,0.0,0.0,0.0,2026-05-12 12:20:00+00:00,2026-05-12 12:20:00+00:00
2026-05-12 12:25:00+00:00,BNKE.L_^STOXX50E,HOLD,0.16400933510714424,0,0.0,0.0,0.0,0.0006399311747569734,0.0017144843072509765,0.49136008084294924,Stress,0.997597,0.656,0.756,Signal below confidence or profit threshold; no capital allocation recommended under conservative risk rules.,False,False,0.0,0.0,0.0,2026-05-12 12:25:00+00:00,2026-05-12 12:25:00+00:00
2026-05-12 12:35:00+00:00,BNKE.L_^STOXX50E,HOLD,0.17989935228661455,0,0.0,0.0,0.0,0.0006667162841372305,0.0017804989724731445,0.5420144083631953,Stress,0.997597,0.656,0.756,Signal below confidence or profit threshold; no capital allocation recommended under conservative risk rules.,False,False,0.0,0.0,0.0,2026-05-12 12:35:00+00:00,2026-05-12 12:35:00+00:00
2026-05-12 12:35:00+00:00,BNK.PA_^FCHI,HOLD,0.5380720791199586,0,0.0,0.0,0.0,0.0011340619557761661,0.000257135972849528,0.5333333333333333,Unknown,0.0,0.05,0.7,Signal below confidence or profit threshold; no capital allocation recommended under conservative risk rules.,False,False,0.0,0.0,0.0,2026-05-12 12:35:00+00:00,2026-05-12 12:35:00+00:00
2026-05-12 12:40:00+00:00,BNKE.L_^STOXX50E,HOLD,0.1855340850026598,0,0.0,0.0,0.0,0.0006770287160633081,0.0017776798223876954,0.5599253873712353,Stress,0.997597,0.656,0.756,Signal below confidence or profit threshold; no capital allocation recommended under conservative risk rules.,False,False,0.0,0.0,0.0,2026-05-12 12:40:00+00:00,2026-05-12 12:40:00+00:00
2026-05-12 12:40:00+00:00,BNK.PA_^FCHI,HOLD,0.20275307955606275,0,0.0,0.0,0.0,0.0011156151904600752,0.00025713471954345705,0.611111111111111,Calm,0.968136,0.96,0.672,Signal below confidence or profit threshold; no capital allocation recommended under conservative risk rules.,False,False,0.0,0.0,0.0,2026-05-12 12:40:00+00:00,2026-05-12 12:40:00+00:00
2026-05-12 12:50:00+00:00,BNKE.L_^STOXX50E,HOLD,0.1676488033740294,0,0.0,0.0,0.0,0.0007091836928914985,0.0017487408142089845,0.49760392278293075,Stress,0.997597,0.656,0.756,Signal below confidence or profit threshold; no capital allocation recommended under conservative risk rules.,False,False,0.0,0.0,0.0,2026-05-12 12:50:00+00:00,2026-05-12 12:50:00+00:00
2026-05-12 12:50:00+00:00,BNK.PA_^FCHI,HOLD,0.22682835178620453,0,0.0,0.0,0.0,0.0011582473006617469,0.00026612519302368165,0.6888888888888889,Calm,0.968136,0.96,0.672,Signal below confidence or profit threshold; no capital allocation recommended under conservative risk rules.,False,False,0.0,0.0,0.0,2026-05-12 12:50:00+00:00,2026-05-12 12:50:00+00:00
2026-05-12 12:55:00+00:00,BNK.PA_^FCHI,HOLD,0.20267181255109715,0,0.0,0.0,0.0,0.0011117901169229328,0.0001828373281478882,0.611111111111111,Calm,0.968136,0.96,0.672,Signal below confidence or profit threshold; no capital allocation recommended under conservative risk rules.,False,False,0.0,0.0,0.0,2026-05-12 12:55:00+00:00,2026-05-12 12:55:00+00:00
2026-05-12 13:05:00+00:00,BNKE.L_^STOXX50E,HOLD,0.17939316903219535,0,0.0,0.0,0.0,0.0007702958564453895,0.0021091463220214842,0.5313360498657577,Stress,0.997597,0.656,0.756,Signal below confidence or profit threshold; no capital allocation recommended under conservative risk rules.,False,False,0.0,0.0,0.0,2026-05-12 13:05:00+00:00,2026-05-12 13:05:00+00:00
2026-05-12 13:15:00+00:00,BNK.PA_^FCHI,HOLD,0.1788400831289561,0,0.0,0.0,0.0,0.0010830804173956943,0.0001830183014043172,0.5333333333333333,Calm,0.968136,0.96,0.672,Signal below confidence or profit threshold; no capital allocation recommended under conservative risk rules.,False,False,0.0,0.0,0.0,2026-05-12 13:15:00+00:00,2026-05-12 13:15:00+00:00
2026-05-12 13:25:00+00:00,BNKE.L_^STOXX50E,HOLD,0.18428827697943712,0,0.0,0.0,0.0,0.0007094808812343673,0.002064516464538574,0.5528331493112661,Stress,0.997597,0.656,0.756,Signal below confidence or profit threshold; no capital allocation recommended under conservative risk rules.,False,False,0.0,0.0,0.0,2026-05-12 13:25:00+00:00,2026-05-12 13:25:00+00:00
2026-05-12 13:25:00+00:00,BNK.PA_^FCHI,HOLD,0.20183822879276012,0,0.0,0.0,0.0,0.0010637618908308061,0.00018403538473765057,0.611111111111111,Calm,0.968136,0.96,0.672,Signal below confidence or profit threshold; no capital allocation recommended under conservative risk rules.,False,False,0.0,0.0,0.0,2026-05-12 13:25:00+00:00,2026-05-12 13:25:00+00:00
2026-05-12 13:30:00+00:00,BNK.PA_^FCHI,HOLD,0.17734039360756515,0,0.0,0.0,0.0,0.0010922588504672572,0.00019887663809458415,0.527792636716299,Calm,0.968136,0.96,0.672,Signal below confidence or profit threshold; no capital allocation recommended under conservative risk rules.,False,False,0.0,0.0,0.0,2026-05-12 13:30:00+00:00,2026-05-12 13:30:00+00:00
2026-05-12 13:30:00+00:00,SPY_^GSPC,HOLD,0.2996410406246174,0,0.0,0.0,0.0,4.9399605419446834e-05,1.0,0.3292780286202843,Calm,0.994312,0.96,0.672,Signal below confidence or profit threshold; no capital allocation recommended under conservative risk rules.,False,False,0.0,0.0,0.0,2026-05-12 13:30:00+00:00,2026-05-12 13:30:00+00:00
2026-05-12 13:30:00+00:00,QQQ_^NDX,HOLD,0.30729275937416345,0,0.0,0.0,0.0,9.992506097081081e-05,1.0,0.34696677686998817,High_Vol,0.99995,0.52,0.812,Signal below confidence or profit threshold; no capital allocation recommended under conservative risk rules.,False,False,0.0,0.0,0.0,2026-05-12 13:30:00+00:00,2026-05-12 13:30:00+00:00
2026-05-12 13:30:00+00:00,URTH_ACWI,HOLD,0.17371709224093637,0,0.0,0.0,0.0,0.0008189600195563874,0.06066397006566365,0.4511185988409281,High_Vol,0.986538,0.52,0.812,Signal below confidence or profit threshold; no capital allocation recommended under conservative risk rules.,False,False,0.0,0.0,0.0,2026-05-12 13:30:00+00:00,2026-05-12 13:30:00+00:00
2026-05-12 13:35:00+00:00,BNKE.L_^STOXX50E,HOLD,0.1657913115739273,0,0.0,0.0,0.0,0.0007286644061334346,0.0020708383318074545,0.4895477623702876,Stress,0.997597,0.656,0.756,Signal below confidence or profit threshold; no capital allocation recommended under conservative risk rules.,False,False,0.0,0.0,0.0,2026-05-12 13:35:00+00:00,2026-05-12 13:35:00+00:00
2026-05-12 13:35:00+00:00,SPY_^GSPC,HOLD,0.32487365459323225,0,0.0,0.0,0.0,7.863857045414513e-05,1.0,0.4116946721131963,Calm,0.994312,0.96,0.672,Signal below confidence or profit threshold; no capital allocation recommended under conservative risk rules.,False,False,0.0,0.0,0.0,2026-05-12 13:35:00+00:00,2026-05-12 13:35:00+00:00
2026-05-12 13:35:00+00:00,URTH_ACWI,HOLD,0.1815214282735862,0,0.0,0.0,0.0,0.0008683199369247359,0.061590741968638105,0.4712417089024414,High_Vol,0.986538,0.52,0.812,Signal below confidence or profit threshold; no capital allocation recommended under conservative risk rules.,False,False,0.0,0.0,0.0,2026-05-12 13:35:00+00:00,2026-05-12 13:35:00+00:00
2026-05-12 13:35:00+00:00,QQQ_^NDX,HOLD,0.3318342161126747,0,0.0,0.0,0.0,0.00011938079126155137,1.0,0.42669302900148504,High_Vol,0.99995,0.52,0.812,Signal below confidence or profit threshold; no capital allocation recommended under conservative risk rules.,False,False,0.0,0.0,0.0,2026-05-12 13:35:00+00:00,2026-05-12 13:35:00+00:00
2026-05-12 13:40:00+00:00,QQQ_^NDX,HOLD,0.3384372640901435,0,0.0,0.0,0.0,0.00019729158225347882,1.0,0.44037938646997854,High_Vol,0.99995,0.52,0.812,Signal below confidence or profit threshold; no capital allocation recommended under conservative risk rules.,False,False,0.0,0.0,0.0,2026-05-12 13:40:00+00:00,2026-05-12 13:40:00+00:00
2026-05-12 13:40:00+00:00,URTH_ACWI,HOLD,0.1560692385854036,0,0.0,0.0,0.0,0.0008463161895617131,0.06111560781748454,0.38906866041899313,High_Vol,0.986538,0.52,0.812,Signal below confidence or profit threshold; no capital allocation recommended under conservative risk rules.,False,False,0.0,0.0,0.0,2026-05-12 13:40:00+00:00,2026-05-12 13:40:00+00:00
2026-05-12 13:40:00+00:00,BNK.PA_^FCHI,HOLD,0.20120945021709313,0,0.0,0.0,0.0,0.001089983989701742,0.0002131236289215088,0.6074783077892156,Calm,0.968136,0.96,0.672,Signal below confidence or profit threshold; no capital allocation recommended under conservative risk rules.,False,False,0.0,0.0,0.0,2026-05-12 13:40:00+00:00,2026-05-12 13:40:00+00:00
2026-05-12 13:40:00+00:00,SPY_^GSPC,HOLD,0.325300752751712,0,0.0,0.0,0.0,7.93028490414812e-05,1.0,0.41307989059358385,Calm,0.994312,0.96,0.672,Signal below confidence or profit threshold; no capital allocation recommended under conservative risk rules.,False,False,0.0,0.0,0.0,2026-05-12 13:40:00+00:00,2026-05-12 13:40:00+00:00
2026-05-12 13:45:00+00:00,SPY_^GSPC,HOLD,0.30153251943457876,0,0.0,0.0,0.0,6.7966968841906e-05,1.0,0.33450845778876337,Calm,0.994312,0.96,0.672,Signal below confidence or profit threshold; no capital allocation recommended under conservative risk rules.,False,False,0.0,0.0,0.0,2026-05-12 13:45:00+00:00,2026-05-12 13:45:00+00:00
2026-05-12 13:45:00+00:00,QQQ_^NDX,HOLD,0.3440231661254126,0,0.0,0.0,0.0,0.0002016990492665838,1.0,0.4585281766929797,High_Vol,0.99995,0.52,0.812,Signal below confidence or profit threshold; no capital allocation recommended under conservative risk rules.,False,False,0.0,0.0,0.0,2026-05-12 13:45:00+00:00,2026-05-12 13:45:00+00:00
2026-05-12 13:45:00+00:00,BNK.PA_^FCHI,HOLD,0.20208708538641554,0,0.0,0.0,0.0,0.0010782408345620764,0.00017146559856414794,0.611111111111111,Calm,0.968136,0.96,0.672,Signal below confidence or profit threshold; no capital allocation recommended under conservative risk rules.,False,False,0.0,0.0,0.0,2026-05-12 13:45:00+00:00,2026-05-12 13:45:00+00:00
2026-05-12 13:45:00+00:00,BNKE.L_^STOXX50E,HOLD,0.16948556738974838,0,0.0,0.0,0.0,0.0007307078027119935,0.0019525896762084961,0.501767728981825,Stress,0.997597,0.656,0.756,Signal below confidence or profit threshold; no capital allocation recommended under conservative risk rules.,False,False,0.0,0.0,0.0,2026-05-12 13:45:00+00:00,2026-05-12 13:45:00+00:00
2026-05-12 13:45:00+00:00,URTH_ACWI,HOLD,0.1512177967360952,0,0.0,0.0,0.0,0.0008487759026877393,0.03564532920135498,0.3896145834681598,High_Vol,0.986538,0.52,0.812,Signal below confidence or profit threshold; no capital allocation recommended under conservative risk rules.,False,False,0.0,0.0,0.0,2026-05-12 13:45:00+00:00,2026-05-12 13:45:00+00:00
2026-05-12 13:50:00+00:00,QQQ_^NDX,HOLD,0.32054047687073994,0,0.0,0.0,0.0,0.00023567931083090133,1.0,0.3766221760188232,High_Vol,0.99995,0.52,0.812,Signal below confidence or profit threshold; no capital allocation recommended under conservative risk rules.,False,False,0.0,0.0,0.0,2026-05-12 13:50:00+00:00,2026-05-12 13:50:00+00:00
2026-05-12 13:50:00+00:00,BNKE.L_^STOXX50E,HOLD,0.19485442001909073,0,0.0,0.0,0.0,0.0010321753865518114,0.00209210333984375,0.560706770656195,Stress,0.997597,0.656,0.756,Signal below confidence or profit threshold; no capital allocation recommended under conservative risk rules.,False,False,0.0,0.0,0.0,2026-05-12 13:50:00+00:00,2026-05-12 13:50:00+00:00
2026-05-12 13:50:00+00:00,SPY_^GSPC,HOLD,0.30230330006762574,0,0.0,0.0,0.0,7.744054299559847e-05,1.0,0.3365294873205813,Calm,0.994312,0.96,0.672,Signal below confidence or profit threshold; no capital allocation recommended under conservative risk rules.,False,False,0.0,0.0,0.0,2026-05-12 13:50:00+00:00,2026-05-12 13:50:00+00:00
2026-05-12 13:50:00+00:00,URTH_ACWI,HOLD,0.17573389334226727,0,0.0,0.0,0.0,0.0008404215799308157,0.03523596118703207,0.4725003733483807,High_Vol,0.986538,0.52,0.812,Signal below confidence or profit threshold; no capital allocation recommended under conservative risk rules.,False,False,0.0,0.0,0.0,2026-05-12 13:50:00+00:00,2026-05-12 13:50:00+00:00
2026-05-12 13:55:00+00:00,QQQ_^NDX,HOLD,0.34534403555606774,0,0.0,0.0,0.0,0.00023477379271022927,1.0,0.4593974483588765,High_Vol,0.99995,0.52,0.812,Signal below confidence or profit threshold; no capital allocation recommended under conservative risk rules.,False,False,0.0,0.0,0.0,2026-05-12 13:55:00+00:00,2026-05-12 13:55:00+00:00
2026-05-12 13:55:00+00:00,URTH_ACWI,HOLD,0.20318845030228416,0,0.0,0.0,0.0,0.0008693752603026128,0.051505145321451826,0.55007609853876,High_Vol,0.986538,0.52,0.812,Signal below confidence or profit threshold; no capital allocation recommended under conservative risk rules.,False,False,0.0,0.0,0.0,2026-05-12 13:55:00+00:00,2026-05-12 13:55:00+00:00
2026-05-12 13:55:00+00:00,SPY_^GSPC,HOLD,0.30530019860444313,0,0.0,0.0,0.0,0.00010267789795790089,1.0,0.34505865403113567,Calm,0.994312,0.96,0.672,Signal below confidence or profit threshold; no capital allocation recommended under conservative risk rules.,False,False,0.0,0.0,0.0,2026-05-12 13:55:00+00:00,2026-05-12 13:55:00+00:00
2026-05-12 13:55:00+00:00,BNKE.L_^STOXX50E,HOLD,0.2096171384400781,0,0.0,0.0,0.0,0.0010443387060502531,0.0017140223480224608,0.6091377946330951,Stress,0.997597,0.656,0.756,Signal below confidence or profit threshold; no capital allocation recommended under conservative risk rules.,False,False,0.0,0.0,0.0,2026-05-12 13:55:00+00:00,2026-05-12 13:55:00+00:00
2026-05-12 14:00:00+00:00,QQQ_^NDX,HOLD,0.347698351075364,0,0.0,0.0,0.0,0.00024694417458788926,1.0,0.46594491228242174,High_Vol,0.99995,0.52,0.812,Signal below confidence or profit threshold; no capital allocation recommended under conservative risk rules.,False,False,0.0,0.0,0.0,2026-05-12 14:00:00+00:00,2026-05-12 14:00:00+00:00
2026-05-12 14:00:00+00:00,URTH_ACWI,HOLD,0.2034349434611425,0,0.0,0.0,0.0,0.0008670237414762296,0.054337390877939866,0.5492608093411402,High_Vol,0.986538,0.52,0.812,Signal below confidence or profit threshold; no capital allocation recommended under conservative risk rules.,False,False,0.0,0.0,0.0,2026-05-12 14:00:00+00:00,2026-05-12 14:00:00+00:00
2026-05-12 14:00:00+00:00,SPY_^GSPC,HOLD,0.305246262610115,0,0.0,0.0,0.0,9.957923780187772e-05,1.0,0.3450581879942562,Calm,0.994312,0.96,0.672,Signal below confidence or profit threshold; no capital allocation recommended under conservative risk rules.,False,False,0.0,0.0,0.0,2026-05-12 14:00:00+00:00,2026-05-12 14:00:00+00:00
2026-05-12 14:05:00+00:00,BNK.PA_^FCHI,HOLD,0.2258041070781733,0,0.0,0.0,0.0,0.0011002097481858377,0.0001828836386235555,0.6888888888888889,Calm,0.968136,0.96,0.672,Signal below confidence or profit threshold; no capital allocation recommended under conservative risk rules.,False,False,0.0,0.0,0.0,2026-05-12 14:05:00+00:00,2026-05-12 14:05:00+00:00
2026-05-12 14:05:00+00:00,BNKE.L_^STOXX50E,HOLD,0.1918777504457003,0,0.0,0.0,0.0,0.0009304601453106726,0.0017812156432088218,0.559605892842882,Stress,0.997597,0.656,0.756,Signal below confidence or profit threshold; no capital allocation recommended under conservative risk rules.,False,False,0.0,0.0,0.0,2026-05-12 14:05:00+00:00,2026-05-12 14:05:00+00:00
2026-05-12 14:05:00+00:00,URTH_ACWI,HOLD,0.20402970862534212,0,0.0,0.0,0.0,0.0008558067747697207,0.05051577365793864,0.5549894985807068,High_Vol,0.986538,0.52,0.812,Signal below confidence or profit threshold; no capital allocation recommended under conservative risk rules.,False,False,0.0,0.0,0.0,2026-05-12 14:05:00+00:00,2026-05-12 14:05:00+00:00
2026-05-12 14:05:00+00:00,SPY_^GSPC,HOLD,0.3071985933814044,0,0.0,0.0,0.0,0.00011708686121244971,1.0,0.3505527845808126,Calm,0.994312,0.96,0.672,Signal below confidence or profit threshold; no capital allocation recommended under conservative risk rules.,False,False,0.0,0.0,0.0,2026-05-12 14:05:00+00:00,2026-05-12 14:05:00+00:00
2026-05-12 14:05:00+00:00,QQQ_^NDX,HOLD,0.3494169478603215,0,0.0,0.0,0.0,0.00024139707547398423,1.0,0.47226620702650074,High_Vol,0.99995,0.52,0.812,Signal below confidence or profit threshold; no capital allocation recommended under conservative risk rules.,False,False,0.0,0.0,0.0,2026-05-12 14:05:00+00:00,2026-05-12 14:05:00+00:00
2026-05-12 14:10:00+00:00,QQQ_^NDX,HOLD,0.3485825356162938,0,0.0,0.0,0.0,0.00024394218415960833,1.0,0.469212919558628,High_Vol,0.99995,0.52,0.812,Signal below confidence or profit threshold; no capital allocation recommended under conservative risk rules.,False,False,0.0,0.0,0.0,2026-05-12 14:10:00+00:00,2026-05-12 14:10:00+00:00
2026-05-12 14:10:00+00:00,SPY_^GSPC,HOLD,0.30694252857892346,0,0.0,0.0,0.0,0.00011739530501893701,1.0,0.34968138548188976,Calm,0.994312,0.96,0.672,Signal below confidence or profit threshold; no capital allocation recommended under conservative risk rules.,False,False,0.0,0.0,0.0,2026-05-12 14:10:00+00:00,2026-05-12 14:10:00+00:00
2026-05-12 14:10:00+00:00,URTH_ACWI,HOLD,0.20334556733204612,0,0.0,0.0,0.0,0.0008400116277463076,0.05332263034372966,0.5525253055201558,High_Vol,0.986538,0.52,0.812,Signal below confidence or profit threshold; no capital allocation recommended under conservative risk rules.,False,False,0.0,0.0,0.0,2026-05-12 14:10:00+00:00,2026-05-12 14:10:00+00:00
2026-05-12 14:10:00+00:00,BNKE.L_^STOXX50E,HOLD,0.198192387614743,0,0.0,0.0,0.0,0.0009424552792730373,0.0017812156432088218,0.5796388353404394,Stress,0.997597,0.656,0.756,Signal below confidence or profit threshold; no capital allocation recommended under conservative risk rules.,False,False,0.0,0.0,0.0,2026-05-12 14:10:00+00:00,2026-05-12 14:10:00+00:00
2026-05-12 14:15:00+00:00,URTH_ACWI,HOLD,0.17319172112846462,0,0.0,0.0,0.0,0.0008153820311384927,0.05742100106043498,0.4519116048560352,High_Vol,0.986538,0.52,0.812,Signal below confidence or profit threshold; no capital allocation recommended under conservative risk rules.,False,False,0.0,0.0,0.0,2026-05-12 14:15:00+00:00,2026-05-12 14:15:00+00:00
2026-05-12 14:15:00+00:00,BNK.PA_^FCHI,HOLD,0.20210197043604505,0,0.0,0.0,0.0,0.0010789643483302574,0.0001830858321126302,0.611111111111111,Calm,0.968136,0.96,0.672,Signal below confidence or profit threshold; no capital allocation recommended under conservative risk rules.,False,False,0.0,0.0,0.0,2026-05-12 14:15:00+00:00,2026-05-12 14:15:00+00:00
2026-05-12 14:15:00+00:00,QQQ_^NDX,HOLD,0.34830306537746625,0,0.0,0.0,0.0,0.00023714393182387787,1.0,0.469007661106097,High_Vol,0.99995,0.52,0.812,Signal below confidence or profit threshold; no capital allocation recommended under conservative risk rules.,False,False,0.0,0.0,0.0,2026-05-12 14:15:00+00:00,2026-05-12 14:15:00+00:00
2026-05-12 14:15:00+00:00,SPY_^GSPC,HOLD,0.30648011055608104,0,0.0,0.0,0.0,0.00011728482646025185,1.0,0.34814638550752414,Calm,0.994312,0.96,0.672,Signal below confidence or profit threshold; no capital allocation recommended under conservative risk rules.,False,False,0.0,0.0,0.0,2026-05-12 14:15:00+00:00,2026-05-12 14:15:00+00:00
2026-05-12 14:20:00+00:00,QQQ_^NDX,HOLD,0.35084268843436317,0,0.0,0.0,0.0,0.0002516522013599035,1.0,0.4759230424991696,High_Vol,0.99995,0.52,0.812,Signal below confidence or profit threshold; no capital allocation recommended under conservative risk rules.,False,False,0.0,0.0,0.0,2026-05-12 14:20:00+00:00,2026-05-12 14:20:00+00:00
2026-05-12 14:20:00+00:00,URTH_ACWI,HOLD,0.18735932537845562,0,0.0,0.0,0.0,0.0007245009936898903,0.055199300320638016,0.5103275987304641,High_Vol,0.986538,0.52,0.812,Signal below confidence or profit threshold; no capital allocation recommended under conservative risk rules.,False,False,0.0,0.0,0.0,2026-05-12 14:20:00+00:00,2026-05-12 14:20:00+00:00
2026-05-12 14:20:00+00:00,SPY_^GSPC,HOLD,0.30595399994350003,0,0.0,0.0,0.0,0.00012968107523063016,1.0,0.3456753079580423,Calm,0.994312,0.96,0.672,Signal below confidence or profit threshold; no capital allocation recommended under conservative risk rules.,False,False,0.0,0.0,0.0,2026-05-12 14:20:00+00:00,2026-05-12 14:20:00+00:00
2026-05-12 14:25:00+00:00,BNK.PA_^FCHI,HOLD,0.17930671367001377,0,0.0,0.0,0.0,0.001109964594063594,0.00018247511538187664,0.5333333333333333,Calm,0.968136,0.96,0.672,Signal below confidence or profit threshold; no capital allocation recommended under conservative risk rules.,False,False,0.0,0.0,0.0,2026-05-12 14:25:00+00:00,2026-05-12 14:25:00+00:00
2026-05-12 14:25:00+00:00,URTH_ACWI,HOLD,0.2088419090746461,0,0.0,0.0,0.0,0.0007188970480831275,0.05080717408691406,0.5854630073443896,High_Vol,0.986538,0.52,0.812,Signal below confidence or profit threshold; no capital allocation recommended under conservative risk rules.,False,False,0.0,0.0,0.0,2026-05-12 14:25:00+00:00,2026-05-12 14:25:00+00:00
2026-05-12 14:25:00+00:00,SPY_^GSPC,HOLD,0.3289994851544164,0,0.0,0.0,0.0,0.00011660924110239321,1.0,0.4232500638768513,Calm,0.994312,0.96,0.672,Signal below confidence or profit threshold; no capital allocation recommended under conservative risk rules.,False,False,0.0,0.0,0.0,2026-05-12 14:25:00+00:00,2026-05-12 14:25:00+00:00
2026-05-12 14:25:00+00:00,QQQ_^NDX,HOLD,0.32398972184129915,0,0.0,0.0,0.0,0.0002600699763073864,1.0,0.38551381892533615,High_Vol,0.99995,0.52,0.812,Signal below confidence or profit threshold; no capital allocation recommended under conservative risk rules.,False,False,0.0,0.0,0.0,2026-05-12 14:25:00+00:00,2026-05-12 14:25:00+00:00
2026-05-12 14:30:00+00:00,QQQ_^NDX,HOLD,0.34304640100601963,0,0.0,0.0,0.0,0.00026963778864175914,1.0,0.4480138806352621,High_Vol,0.99995,0.52,0.812,Signal below confidence or profit threshold; no capital allocation recommended under conservative risk rules.,False,False,0.0,0.0,0.0,2026-05-12 14:30:00+00:00,2026-05-12 14:30:00+00:00
2026-05-12 14:30:00+00:00,URTH_ACWI,HOLD,0.20792370878959343,0,0.0,0.0,0.0,0.0006965613504370587,0.048288861314493815,0.5864675073927154,High_Vol,0.986538,0.52,0.812,Signal below confidence or profit threshold; no capital allocation recommended under conservative risk rules.,False,False,0.0,0.0,0.0,2026-05-12 14:30:00+00:00,2026-05-12 14:30:00+00:00
2026-05-12 14:30:00+00:00,SPY_^GSPC,HOLD,0.32914713474933366,0,0.0,0.0,0.0,0.00012068632370020713,1.0,0.4235062869132762,Calm,0.994312,0.96,0.672,Signal below confidence or profit threshold; no capital allocation recommended under conservative risk rules.,False,False,0.0,0.0,0.0,2026-05-12 14:30:00+00:00,2026-05-12 14:30:00+00:00
2026-05-12 14:30:00+00:00,BNK.PA_^FCHI,HOLD,0.20363019813331606,0,0.0,0.0,0.0,0.001167020707405666,0.00018044314872741699,0.611111111111111,Calm,0.968136,0.96,0.672,Signal below confidence or profit threshold; no capital allocation recommended under conservative risk rules.,False,False,0.0,0.0,0.0,2026-05-12 14:30:00+00:00,2026-05-12 14:30:00+00:00
2026-05-12 14:30:00+00:00,BNKE.L_^STOXX50E,HOLD,0.22249872777415294,0,0.0,0.0,0.0,0.0009713465101921503,0.001847236329650879,0.6581692048282094,Stress,0.997597,0.656,0.756,Signal below confidence or profit threshold; no capital allocation recommended under conservative risk rules.,False,False,0.0,0.0,0.0,2026-05-12 14:30:00+00:00,2026-05-12 14:30:00+00:00
2026-05-12 14:35:00+00:00,QQQ_^NDX,HOLD,0.3433410502909494,0,0.0,0.0,0.0,0.0002659256935442962,1.0,0.44939263627492776,High_Vol,0.99995,0.52,0.812,Signal below confidence or profit threshold; no capital allocation recommended under conservative risk rules.,False,False,0.0,0.0,0.0,2026-05-12 14:35:00+00:00,2026-05-12 14:35:00+00:00
2026-05-12 14:35:00+00:00,SPY_^GSPC,HOLD,0.32882815687787875,0,0.0,0.0,0.0,0.00013062983853817114,1.0,0.4218675924553035,Calm,0.994312,0.96,0.672,Signal below confidence or profit threshold; no capital allocation recommended under conservative risk rules.,False,False,0.0,0.0,0.0,2026-05-12 14:35:00+00:00,2026-05-12 14:35:00+00:00
2026-05-12 14:35:00+00:00,URTH_ACWI,HOLD,0.18233102500227252,0,0.0,0.0,0.0,0.0007144592003398104,0.049036808533528646,0.4987477665044736,High_Vol,0.986538,0.52,0.812,Signal below confidence or profit threshold; no capital allocation recommended under conservative risk rules.,False,False,0.0,0.0,0.0,2026-05-12 14:35:00+00:00,2026-05-12 14:35:00+00:00
2026-05-12 14:35:00+00:00,BNK.PA_^FCHI,HOLD,0.2033056284922711,0,0.0,0.0,0.0,0.0011483255126705377,0.00018044170870463053,0.611111111111111,Calm,0.968136,0.96,0.672,Signal below confidence or profit threshold; no capital allocation recommended under conservative risk rules.,False,False,0.0,0.0,0.0,2026-05-12 14:35:00+00:00,2026-05-12 14:35:00+00:00
2026-05-12 14:35:00+00:00,BNKE.L_^STOXX50E,HOLD,0.21330323379541272,0,0.0,0.0,0.0,0.0009036288395733516,0.001861281329345703,0.6332430924787842,Stress,0.997597,0.656,0.756,Signal below confidence or profit threshold; no capital allocation recommended under conservative risk rules.,False,False,0.0,0.0,0.0,2026-05-12 14:35:00+00:00,2026-05-12 14:35:00+00:00
2026-05-12 14:40:00+00:00,SPY_^GSPC,HOLD,0.30305165847243876,0,0.0,0.0,0.0,0.00011503347589361927,1.0,0.33684849838650777,Calm,0.994312,0.96,0.672,Signal below confidence or profit threshold; no capital allocation recommended under conservative risk rules.,False,False,0.0,0.0,0.0,2026-05-12 14:40:00+00:00,2026-05-12 14:40:00+00:00
2026-05-12 14:40:00+00:00,QQQ_^NDX,HOLD,0.3394548671978172,0,0.0,0.0,0.0,0.0002514535258467082,1.0,0.43798486439371664,High_Vol,0.99995,0.52,0.812,Signal below confidence or profit threshold; no capital allocation recommended under conservative risk rules.,False,False,0.0,0.0,0.0,2026-05-12 14:40:00+00:00,2026-05-12 14:40:00+00:00
2026-05-12 14:40:00+00:00,BNKE.L_^STOXX50E,HOLD,0.2305776817593715,0,0.0,0.0,0.0,0.0009203134034429108,0.0014670148122151695,0.6896744419041492,Stress,0.997597,0.656,0.756,Signal below confidence or profit threshold; no capital allocation recommended under conservative risk rules.,False,False,0.0,0.0,0.0,2026-05-12 14:40:00+00:00,2026-05-12 14:40:00+00:00
2026-05-12 14:40:00+00:00,URTH_ACWI,HOLD,0.18788464256162987,0,0.0,0.0,0.0,0.0007123644453697053,0.0506222667326355,0.5164266515108442,High_Vol,0.986538,0.52,0.812,Signal below confidence or profit threshold; no capital allocation recommended under conservative risk rules.,False,False,0.0,0.0,0.0,2026-05-12 14:40:00+00:00,2026-05-12 14:40:00+00:00
2026-05-12 14:40:00+00:00,BNK.PA_^FCHI,HOLD,0.20364391608380367,0,0.0,0.0,0.0,0.0011677570769380284,0.00018511193481445312,0.611111111111111,Calm,0.968136,0.96,0.672,Signal below confidence or profit threshold; no capital allocation recommended under conservative risk rules.,False,False,0.0,0.0,0.0,2026-05-12 14:40:00+00:00,2026-05-12 14:40:00+00:00
2026-05-12 14:45:00+00:00,URTH_ACWI,HOLD,0.1702470235692298,0,0.0,0.0,0.0,0.0007216303585849026,0.049391745243581135,0.4574649878691368,High_Vol,0.986538,0.52,0.812,Signal below confidence or profit threshold; no capital allocation recommended under conservative risk rules.,False,False,0.0,0.0,0.0,2026-05-12 14:45:00+00:00,2026-05-12 14:45:00+00:00
2026-05-12 14:45:00+00:00,BNK.PA_^FCHI,HOLD,0.20250691911200797,0,0.0,0.0,0.0,0.0010958222256341789,0.0007444718070729573,0.611111111111111,Calm,0.968136,0.96,0.672,Signal below confidence or profit threshold; no capital allocation recommended under conservative risk rules.,False,False,0.0,0.0,0.0,2026-05-12 14:45:00+00:00,2026-05-12 14:45:00+00:00
2026-05-12 14:45:00+00:00,SPY_^GSPC,HOLD,0.3028267469784045,0,0.0,0.0,0.0,0.00012425289054134275,1.0,0.33556526246613183,Calm,0.994312,0.96,0.672,Signal below confidence or profit threshold; no capital allocation recommended under conservative risk rules.,False,False,0.0,0.0,0.0,2026-05-12 14:45:00+00:00,2026-05-12 14:45:00+00:00
2026-05-12 14:45:00+00:00,QQQ_^NDX,HOLD,0.3373927520217537,0,0.0,0.0,0.0,0.0002485504716264812,1.0,0.4314213025055805,High_Vol,0.99995,0.52,0.812,Signal below confidence or profit threshold; no capital allocation recommended under conservative risk rules.,False,False,0.0,0.0,0.0,2026-05-12 14:45:00+00:00,2026-05-12 14:45:00+00:00
2026-05-12 14:50:00+00:00,SPY_^GSPC,HOLD,0.300317112200048,0,0.0,0.0,0.0,0.00011416436998514055,1.0,0.32778363962601975,Calm,0.994312,0.96,0.672,Signal below confidence or profit threshold; no capital allocation recommended under conservative risk rules.,False,False,0.0,0.0,0.0,2026-05-12 14:50:00+00:00,2026-05-12 14:50:00+00:00
2026-05-12 14:50:00+00:00,QQQ_^NDX,HOLD,0.3348049999884227,0,0.0,0.0,0.0,0.00023348912165608267,1.0,0.42440458098105843,High_Vol,0.99995,0.52,0.812,Signal below confidence or profit threshold; no capital allocation recommended under conservative risk rules.,False,False,0.0,0.0,0.0,2026-05-12 14:50:00+00:00,2026-05-12 14:50:00+00:00
2026-05-12 14:50:00+00:00,BNK.PA_^FCHI,HOLD,0.20922408186516714,0,0.0,0.0,0.0,0.0014803191726034516,0.0009538144817860921,0.611111111111111,Calm,0.968136,0.96,0.672,Signal below confidence or profit threshold; no capital allocation recommended under conservative risk rules.,False,False,0.0,0.0,0.0,2026-05-12 14:50:00+00:00,2026-05-12 14:50:00+00:00
2026-05-12 14:50:00+00:00,BNKE.L_^STOXX50E,HOLD,0.22111066067512336,0,0.0,0.0,0.0,0.000935629927927529,0.001553252232462565,0.6567630822045547,Stress,0.997597,0.656,0.756,Signal below confidence or profit threshold; no capital allocation recommended under conservative risk rules.,False,False,0.0,0.0,0.0,2026-05-12 14:50:00+00:00,2026-05-12 14:50:00+00:00
2026-05-12 14:50:00+00:00,URTH_ACWI,HOLD,0.19661995056959694,0,0.0,0.0,0.0,0.0007247135460864297,0.05039455414642334,0.5443768048943711,High_Vol,0.986538,0.52,0.812,Signal below confidence or profit threshold; no capital allocation recommended under conservative risk rules.,False,False,0.0,0.0,0.0,2026-05-12 14:50:00+00:00,2026-05-12 14:50:00+00:00
2026-05-12 14:55:00+00:00,URTH_ACWI,HOLD,0.21543467644134137,0,0.0,0.0,0.0,0.0007256880843057686,0.03448737252380371,0.617593228217473,High_Vol,0.986538,0.52,0.812,Signal below confidence or profit threshold; no capital allocation recommended under conservative risk rules.,False,False,0.0,0.0,0.0,2026-05-12 14:55:00+00:00,2026-05-12 14:55:00+00:00
2026-05-12 14:55:00+00:00,BNKE.L_^STOXX50E,HOLD,0.2495106545881115,0,0.0,0.0,0.0,0.0009280695282954329,0.0015467107323201498,0.7520743673278973,Stress,0.997597,0.656,0.756,Signal below confidence or profit threshold; no capital allocation recommended under conservative risk rules.,False,False,0.0,0.0,0.0,2026-05-12 14:55:00+00:00,2026-05-12 14:55:00+00:00
2026-05-12 14:55:00+00:00,SPY_^GSPC,HOLD,0.2998516873552999,0,0.0,0.0,0.0,0.00011376035249359514,1.0,0.3262556041187312,Calm,0.994312,0.96,0.672,Signal below confidence or profit threshold; no capital allocation recommended under conservative risk rules.,False,False,0.0,0.0,0.0,2026-05-12 14:55:00+00:00,2026-05-12 14:55:00+00:00
2026-05-12 14:55:00+00:00,BNK.PA_^FCHI,HOLD,0.2100278658047659,0,0.0,0.0,0.0,0.0015266288421739496,0.0009527975851186116,0.611111111111111,Calm,0.968136,0.96,0.672,Signal below confidence or profit threshold; no capital allocation recommended under conservative risk rules.,False,False,0.0,0.0,0.0,2026-05-12 14:55:00+00:00,2026-05-12 14:55:00+00:00
2026-05-12 14:55:00+00:00,QQQ_^NDX,HOLD,0.33747226021069787,0,0.0,0.0,0.0,0.00029535627097393983,1.0,0.4266857102136574,High_Vol,0.99995,0.52,0.812,Signal below confidence or profit threshold; no capital allocation recommended under conservative risk rules.,False,False,0.0,0.0,0.0,2026-05-12 14:55:00+00:00,2026-05-12 14:55:00+00:00
2026-05-12 15:00:00+00:00,SPY_^GSPC,HOLD,0.3228736999474536,0,0.0,0.0,0.0,0.00011568792767550753,1.0,0.40288409660288305,Calm,0.994312,0.96,0.672,Signal below confidence or profit threshold; no capital allocation recommended under conservative risk rules.,False,False,0.0,0.0,0.0,2026-05-12 15:00:00+00:00,2026-05-12 15:00:00+00:00
2026-05-12 15:00:00+00:00,URTH_ACWI,HOLD,0.18998955022652803,0,0.0,0.0,0.0,0.0007284158495980479,0.03241021164001465,0.5338694868414461,High_Vol,0.986538,0.52,0.812,Signal below confidence or profit threshold; no capital allocation recommended under conservative risk rules.,False,False,0.0,0.0,0.0,2026-05-12 15:00:00+00:00,2026-05-12 15:00:00+00:00
2026-05-12 15:00:00+00:00,BNK.PA_^FCHI,HOLD,0.18640438600122128,0,0.0,0.0,0.0,0.0014449192398967299,0.0009410167283630371,0.5371025972837311,Calm,0.968136,0.96,0.672,Signal below confidence or profit threshold; no capital allocation recommended under conservative risk rules.,False,False,0.0,0.0,0.0,2026-05-12 15:00:00+00:00,2026-05-12 15:00:00+00:00
2026-05-12 15:00:00+00:00,QQQ_^NDX,HOLD,0.33536799996039224,0,0.0,0.0,0.0,0.0002538605191780514,1.0,0.4241048161951054,High_Vol,0.99995,0.52,0.812,Signal below confidence or profit threshold; no capital allocation recommended under conservative risk rules.,False,False,0.0,0.0,0.0,2026-05-12 15:00:00+00:00,2026-05-12 15:00:00+00:00
2026-05-12 15:05:00+00:00,QQQ_^NDX,HOLD,0.3335469136564709,0,0.0,0.0,0.0,0.0002543062744613719,1.0,0.41798690508766234,High_Vol,0.99995,0.52,0.812,Signal below confidence or profit threshold; no capital allocation recommended under conservative risk rules.,False,False,0.0,0.0,0.0,2026-05-12 15:05:00+00:00,2026-05-12 15:05:00+00:00
2026-05-12 15:05:00+00:00,SPY_^GSPC,HOLD,0.2996392125837023,0,0.0,0.0,0.0,0.00010626528764275823,1.0,0.3259810970589407,Calm,0.994312,0.96,0.672,Signal below confidence or profit threshold; no capital allocation recommended under conservative risk rules.,False,False,0.0,0.0,0.0,2026-05-12 15:05:00+00:00,2026-05-12 15:05:00+00:00
2026-05-12 15:05:00+00:00,BNK.PA_^FCHI,HOLD,0.18403217032616004,0,0.0,0.0,0.0,0.0012886595115538728,0.001130328703219096,0.5381118120701309,Calm,0.968136,0.96,0.672,Signal below confidence or profit threshold; no capital allocation recommended under conservative risk rules.,False,False,0.0,0.0,0.0,2026-05-12 15:05:00+00:00,2026-05-12 15:05:00+00:00
2026-05-12 15:05:00+00:00,URTH_ACWI,HOLD,0.15479960571865692,0,0.0,0.0,0.0,0.0003910316632998185,0.03262075627243042,0.452474627775888,High_Vol,0.986538,0.52,0.812,Signal below confidence or profit threshold; no capital allocation recommended under conservative risk rules.,False,False,0.0,0.0,0.0,2026-05-12 15:05:00+00:00,2026-05-12 15:05:00+00:00
2026-05-12 15:10:00+00:00,BNK.PA_^FCHI,HOLD,0.21246555050160734,0,0.0,0.0,0.0,0.0013900860981447475,0.0010801632315063476,0.6270535955046806,Calm,0.968136,0.96,0.672,Signal below confidence or profit threshold; no capital allocation recommended under conservative risk rules.,False,False,0.0,0.0,0.0,2026-05-12 15:10:00+00:00,2026-05-12 15:10:00+00:00
2026-05-12 15:10:00+00:00,SPY_^GSPC,HOLD,0.2984649104846172,0,0.0,0.0,0.0,6.809867833532529e-05,1.0,0.32427547254505934,Calm,0.994312,0.96,0.672,Signal below confidence or profit threshold; no capital allocation recommended under conservative risk rules.,False,False,0.0,0.0,0.0,2026-05-12 15:10:00+00:00,2026-05-12 15:10:00+00:00
2026-05-12 15:10:00+00:00,QQQ_^NDX,HOLD,0.33325303018353714,0,0.0,0.0,0.0,0.0002834547689134486,1.0,0.41389313812103745,High_Vol,0.99995,0.52,0.812,Signal below confidence or profit threshold; no capital allocation recommended under conservative risk rules.,False,False,0.0,0.0,0.0,2026-05-12 15:10:00+00:00,2026-05-12 15:10:00+00:00
2026-05-12 15:10:00+00:00,URTH_ACWI,HOLD,0.15976954863365933,0,0.0,0.0,0.0,0.0005061200621362993,0.028868814062550863,0.45924662985935405,High_Vol,0.986538,0.52,0.812,Signal below confidence or profit threshold; no capital allocation recommended under conservative risk rules.,False,False,0.0,0.0,0.0,2026-05-12 15:10:00+00:00,2026-05-12 15:10:00+00:00
2026-05-12 15:10:00+00:00,BNKE.L_^STOXX50E,HOLD,0.2817948655913619,0,0.0,0.0,0.0,0.0009323592058668922,0.001800288919067383,0.8591560661787104,Stress,0.997597,0.656,0.756,Signal below confidence or profit threshold; no capital allocation recommended under conservative risk rules.,False,False,0.0,0.0,0.0,2026-05-12 15:10:00+00:00,2026-05-12 15:10:00+00:00
2026-05-12 15:15:00+00:00,SPY_^GSPC,HOLD,0.2992175088437753,0,0.0,0.0,0.0,9.701290888167393e-05,1.0,0.3251108565115614,Calm,0.994312,0.96,0.672,Signal below confidence or profit threshold; no capital allocation recommended under conservative risk rules.,False,False,0.0,0.0,0.0,2026-05-12 15:15:00+00:00,2026-05-12 15:15:00+00:00
2026-05-12 15:15:00+00:00,BNK.PA_^FCHI,HOLD,0.19829052987049892,0,0.0,0.0,0.0,0.0012500570376254364,0.0011986783505249024,0.5878280502498411,Calm,0.968136,0.96,0.672,Signal below confidence or profit threshold; no capital allocation recommended under conservative risk rules.,False,False,0.0,0.0,0.0,2026-05-12 15:15:00+00:00,2026-05-12 15:15:00+00:00
2026-05-12 15:15:00+00:00,URTH_ACWI,HOLD,0.1605481555081872,0,0.0,0.0,0.0,0.0004893549223467257,0.02218426470586141,0.46808949975898934,High_Vol,0.986538,0.52,0.812,Signal below confidence or profit threshold; no capital allocation recommended under conservative risk rules.,False,False,0.0,0.0,0.0,2026-05-12 15:15:00+00:00,2026-05-12 15:15:00+00:00
2026-05-12 15:15:00+00:00,QQQ_^NDX,HOLD,0.3334378877436176,0,0.0,0.0,0.0,0.00026154908281615695,1.0,0.4168496810667428,High_Vol,0.99995,0.52,0.812,Signal below confidence or profit threshold; no capital allocation recommended under conservative risk rules.,False,False,0.0,0.0,0.0,2026-05-12 15:15:00+00:00,2026-05-12 15:15:00+00:00
2026-05-12 15:20:00+00:00,URTH_ACWI,HOLD,0.16203244654873317,0,0.0,0.0,0.0,0.0005374339107268593,0.019333701110992432,0.46980086823301526,High_Vol,0.986538,0.52,0.812,Signal below confidence or profit threshold; no capital allocation recommended under conservative risk rules.,False,False,0.0,0.0,0.0,2026-05-12 15:20:00+00:00,2026-05-12 15:20:00+00:00
2026-05-12 15:20:00+00:00,BNK.PA_^FCHI,HOLD,0.19811011832403716,0,0.0,0.0,0.0,0.0012382613100359377,0.0017952856160608926,0.5875115633756702,Calm,0.968136,0.96,0.672,Signal below confidence or profit threshold; no capital allocation recommended under conservative risk rules.,False,False,0.0,0.0,0.0,2026-05-12 15:20:00+00:00,2026-05-12 15:20:00+00:00
2026-05-12 15:20:00+00:00,SPY_^GSPC,HOLD,0.32292018958058044,0,0.0,0.0,0.0,8.674778083323955e-05,1.0,0.4047138390629741,Calm,0.994312,0.96,0.672,Signal below confidence or profit threshold; no capital allocation recommended under conservative risk rules.,False,False,0.0,0.0,0.0,2026-05-12 15:20:00+00:00,2026-05-12 15:20:00+00:00
2026-05-12 15:20:00+00:00,BNKE.L_^STOXX50E,HOLD,0.25064673528464204,0,0.0,0.0,0.0,0.0009479315586530158,0.0017832406306966147,0.7540215338673484,Stress,0.997597,0.656,0.756,Signal below confidence or profit threshold; no capital allocation recommended under conservative risk rules.,False,False,0.0,0.0,0.0,2026-05-12 15:20:00+00:00,2026-05-12 15:20:00+00:00
2026-05-12 15:20:00+00:00,QQQ_^NDX,HOLD,0.331543476344039,0,0.0,0.0,0.0,0.0002052746354724747,1.0,0.4165472036817888,High_Vol,0.99995,0.52,0.812,Signal below confidence or profit threshold; no capital allocation recommended under conservative risk rules.,False,False,0.0,0.0,0.0,2026-05-12 15:20:00+00:00,2026-05-12 15:20:00+00:00
2026-05-12 15:25:00+00:00,SPY_^GSPC,HOLD,0.3228012749994704,0,0.0,0.0,0.0,9.841019580930627e-05,1.0,0.40364254885186274,Calm,0.994312,0.96,0.672,Signal below confidence or profit threshold; no capital allocation recommended under conservative risk rules.,False,False,0.0,0.0,0.0,2026-05-12 15:25:00+00:00,2026-05-12 15:25:00+00:00
2026-05-12 15:25:00+00:00,URTH_ACWI,HOLD,0.13198486947266697,0,0.0,0.0,0.0,0.0004911075066269863,0.018672547543182372,0.3750324491720904,High_Vol,0.986538,0.52,0.812,Signal below confidence or profit threshold; no capital allocation recommended under conservative risk rules.,False,False,0.0,0.0,0.0,2026-05-12 15:25:00+00:00,2026-05-12 15:25:00+00:00
2026-05-12 15:25:00+00:00,QQQ_^NDX,HOLD,0.30769276519470273,0,0.0,0.0,0.0,0.0001561197419495252,1.0,0.34229642437235047,High_Vol,0.99995,0.52,0.812,Signal below confidence or profit threshold; no capital allocation recommended under conservative risk rules.,False,False,0.0,0.0,0.0,2026-05-12 15:25:00+00:00,2026-05-12 15:25:00+00:00
2026-05-12 15:30:00+00:00,QQQ_^NDX,HOLD,0.2861000894101759,0,0.0,0.0,0.0,0.00014721140277492752,1.0,0.27127258406223925,High_Vol,0.99995,0.52,0.812,Signal below confidence or profit threshold; no capital allocation recommended under conservative risk rules.,False,False,0.0,0.0,0.0,2026-05-12 15:30:00+00:00,2026-05-12 15:30:00+00:00
2026-05-12 15:30:00+00:00,SPY_^GSPC,HOLD,0.300656665831023,0,0.0,0.0,0.0,0.00010887348554144535,1.0,0.32922167050494683,Calm,0.994312,0.96,0.672,Signal below confidence or profit threshold; no capital allocation recommended under conservative risk rules.,False,False,0.0,0.0,0.0,2026-05-12 15:30:00+00:00,2026-05-12 15:30:00+00:00
2026-05-12 15:35:00+00:00,URTH_ACWI,HOLD,0.12707826532625816,0,0.0,0.0,0.0,0.0005067179991115554,0.01698151110148112,0.3581366719865873,High_Vol,0.986538,0.52,0.812,Signal below confidence or profit threshold; no capital allocation recommended under conservative risk rules.,False,False,0.0,0.0,0.0,2026-05-12 15:35:00+00:00,2026-05-12 15:35:00+00:00
2026-05-12 15:35:00+00:00,QQQ_^NDX,HOLD,0.31301699093606744,0,0.0,0.0,0.0,0.00019173243377543136,1.0,0.3562390687425078,High_Vol,0.99995,0.52,0.812,Signal below confidence or profit threshold; no capital allocation recommended under conservative risk rules.,False,False,0.0,0.0,0.0,2026-05-12 15:35:00+00:00,2026-05-12 15:35:00+00:00
2026-05-12 15:35:00+00:00,SPY_^GSPC,HOLD,0.3237124066360571,0,0.0,0.0,0.0,6.48959942265746e-05,1.0,0.4086191335654117,Calm,0.994312,0.96,0.672,Signal below confidence or profit threshold; no capital allocation recommended under conservative risk rules.,False,False,0.0,0.0,0.0,2026-05-12 15:35:00+00:00,2026-05-12 15:35:00+00:00
2026-05-12 15:40:00+00:00,URTH_ACWI,HOLD,0.11152586501583124,0,0.0,0.0,0.0,0.0006571731805602253,0.01568299486409505,0.29108674358779446,High_Vol,0.986538,0.52,0.812,Signal below confidence or profit threshold; no capital allocation recommended under conservative risk rules.,False,False,0.0,0.0,0.0,2026-05-12 15:40:00+00:00,2026-05-12 15:40:00+00:00
2026-05-12 15:40:00+00:00,QQQ_^NDX,HOLD,0.28917913038557463,0,0.0,0.0,0.0,0.00014096283920090146,1.0,0.2822036355586567,High_Vol,0.99995,0.52,0.812,Signal below confidence or profit threshold; no capital allocation recommended under conservative risk rules.,False,False,0.0,0.0,0.0,2026-05-12 15:40:00+00:00,2026-05-12 15:40:00+00:00
2026-05-12 15:40:00+00:00,SPY_^GSPC,HOLD,0.3240798211547419,0,0.0,0.0,0.0,8.250668642644489e-05,1.0,0.4088247113476091,Calm,0.994312,0.96,0.672,Signal below confidence or profit threshold; no capital allocation recommended under conservative risk rules.,False,False,0.0,0.0,0.0,2026-05-12 15:40:00+00:00,2026-05-12 15:40:00+00:00
2026-05-12 15:45:00+00:00,SPY_^GSPC,HOLD,0.30007415372657176,0,0.0,0.0,0.0,7.082761856015922e-05,1.0,0.32948169190337806,Calm,0.994312,0.96,0.672,Signal below confidence or profit threshold; no capital allocation recommended under conservative risk rules.,False,False,0.0,0.0,0.0,2026-05-12 15:45:00+00:00,2026-05-12 15:45:00+00:00
2026-05-12 15:45:00+00:00,URTH_ACWI,HOLD,0.12476229533125763,0,0.0,0.0,0.0,0.0005568431673296157,0.05104511556630452,0.3223524493452865,High_Vol,0.986538,0.52,0.812,Signal below confidence or profit threshold; no capital allocation recommended under conservative risk rules.,False,False,0.0,0.0,0.0,2026-05-12 15:45:00+00:00,2026-05-12 15:45:00+00:00
2026-05-12 15:45:00+00:00,QQQ_^NDX,HOLD,0.31233546118489,0,0.0,0.0,0.0,0.00015991373291268467,1.0,0.357366736758107,High_Vol,0.99995,0.52,0.812,Signal below confidence or profit threshold; no capital allocation recommended under conservative risk rules.,False,False,0.0,0.0,0.0,2026-05-12 15:45:00+00:00,2026-05-12 15:45:00+00:00
2026-05-12 15:50:00+00:00,SPY_^GSPC,HOLD,0.2998126590180064,0,0.0,0.0,0.0,7.839476992162519e-05,1.0,0.3281721290228902,Calm,0.994312,0.96,0.672,Signal below confidence or profit threshold; no capital allocation recommended under conservative risk rules.,False,False,0.0,0.0,0.0,2026-05-12 15:50:00+00:00,2026-05-12 15:50:00+00:00
2026-05-12 15:50:00+00:00,URTH_ACWI,HOLD,0.15502593477788404,0,0.0,0.0,0.0,0.00053140315872391,0.08545933747111002,0.403006382534866,High_Vol,0.986538,0.52,0.812,Signal below confidence or profit threshold; no capital allocation recommended under conservative risk rules.,False,False,0.0,0.0,0.0,2026-05-12 15:50:00+00:00,2026-05-12 15:50:00+00:00
2026-05-12 15:50:00+00:00,QQQ_^NDX,HOLD,0.28837111339205973,0,0.0,0.0,0.0,0.00015976600574606694,1.0,0.27750136026561933,High_Vol,0.99995,0.52,0.812,Signal below confidence or profit threshold; no capital allocation recommended under conservative risk rules.,False,False,0.0,0.0,0.0,2026-05-12 15:50:00+00:00,2026-05-12 15:50:00+00:00
2026-05-12 15:55:00+00:00,URTH_ACWI,HOLD,0.17901375009643422,0,0.0,0.0,0.0,0.0005473403869598361,0.08546176317225138,0.4812614544715879,High_Vol,0.986538,0.52,0.812,Signal below confidence or profit threshold; no capital allocation recommended under conservative risk rules.,False,False,0.0,0.0,0.0,2026-05-12 15:55:00+00:00,2026-05-12 15:55:00+00:00
2026-05-12 15:55:00+00:00,QQQ_^NDX,HOLD,0.3113403658815941,0,0.0,0.0,0.0,0.00014398711808578615,1.0,0.35575131382691766,High_Vol,0.99995,0.52,0.812,Signal below confidence or profit threshold; no capital allocation recommended under conservative risk rules.,False,False,0.0,0.0,0.0,2026-05-12 15:55:00+00:00,2026-05-12 15:55:00+00:00
2026-05-12 15:55:00+00:00,SPY_^GSPC,HOLD,0.29969628316693514,0,0.0,0.0,0.0,7.299684353441347e-05,1.0,0.32809658951857923,Calm,0.994312,0.96,0.672,Signal below confidence or profit threshold; no capital allocation recommended under conservative risk rules.,False,False,0.0,0.0,0.0,2026-05-12 15:55:00+00:00,2026-05-12 15:55:00+00:00
2026-05-12 16:00:00+00:00,SPY_^GSPC,HOLD,0.3231374846820614,0,0.0,0.0,0.0,6.246559103955388e-05,1.0,0.4068433753846748,Calm,0.994312,0.96,0.672,Signal below confidence or profit threshold; no capital allocation recommended under conservative risk rules.,False,False,0.0,0.0,0.0,2026-05-12 16:00:00+00:00,2026-05-12 16:00:00+00:00
2026-05-12 16:00:00+00:00,URTH_ACWI,HOLD,0.15496176941067977,0,0.0,0.0,0.0,0.0005419057219723072,0.0934154759320577,0.3963663369471006,High_Vol,0.986538,0.52,0.812,Signal below confidence or profit threshold; no capital allocation recommended under conservative risk rules.,False,False,0.0,0.0,0.0,2026-05-12 16:00:00+00:00,2026-05-12 16:00:00+00:00
2026-05-12 16:00:00+00:00,QQQ_^NDX,HOLD,0.3096855400665537,0,0.0,0.0,0.0,0.00015860634861035677,1.0,0.3486733441737305,High_Vol,0.99995,0.52,0.812,Signal below confidence or profit threshold; no capital allocation recommended under conservative risk rules.,False,False,0.0,0.0,0.0,2026-05-12 16:00:00+00:00,2026-05-12 16:00:00+00:00
2026-05-12 16:05:00+00:00,QQQ_^NDX,HOLD,0.3333602194346576,0,0.0,0.0,0.0,0.00016076342576328535,1.0,0.4273584851066273,High_Vol,0.99995,0.52,0.812,Signal below confidence or profit threshold; no capital allocation recommended under conservative risk rules.,False,False,0.0,0.0,0.0,2026-05-12 16:05:00+00:00,2026-05-12 16:05:00+00:00
2026-05-12 16:05:00+00:00,SPY_^GSPC,HOLD,0.29896176937141306,0,0.0,0.0,0.0,4.2461727836364467e-05,1.0,0.32741528865492064,Calm,0.994312,0.96,0.672,Signal below confidence or profit threshold; no capital allocation recommended under conservative risk rules.,False,False,0.0,0.0,0.0,2026-05-12 16:05:00+00:00,2026-05-12 16:05:00+00:00
2026-05-12 16:05:00+00:00,URTH_ACWI,HOLD,0.13008523123191876,0,0.0,0.0,0.0,0.0005086255310249805,0.09645515923217773,0.31497366344039485,High_Vol,0.986538,0.52,0.812,Signal below confidence or profit threshold; no capital allocation recommended under conservative risk rules.,False,False,0.0,0.0,0.0,2026-05-12 16:05:00+00:00,2026-05-12 16:05:00+00:00
2026-05-12 16:10:00+00:00,QQQ_^NDX,HOLD,0.33409424961667933,0,0.0,0.0,0.0,0.00015211998665185157,1.0,0.4307286967295453,High_Vol,0.99995,0.52,0.812,Signal below confidence or profit threshold; no capital allocation recommended under conservative risk rules.,False,False,0.0,0.0,0.0,2026-05-12 16:10:00+00:00,2026-05-12 16:10:00+00:00
2026-05-12 16:10:00+00:00,SPY_^GSPC,HOLD,0.29942552082403084,0,0.0,0.0,0.0,5.5844840527530616e-05,1.0,0.3281866411421669,Calm,0.994312,0.96,0.672,Signal below confidence or profit threshold; no capital allocation recommended under conservative risk rules.,False,False,0.0,0.0,0.0,2026-05-12 16:10:00+00:00,2026-05-12 16:10:00+00:00
2026-05-12 16:10:00+00:00,URTH_ACWI,HOLD,0.1300054498927357,0,0.0,0.0,0.0,0.0005071092709165748,0.09580613445205688,0.3153024024311906,High_Vol,0.986538,0.52,0.812,Signal below confidence or profit threshold; no capital allocation recommended under conservative risk rules.,False,False,0.0,0.0,0.0,2026-05-12 16:10:00+00:00,2026-05-12 16:10:00+00:00
2026-05-12 16:15:00+00:00,SPY_^GSPC,HOLD,0.32160438121370044,0,0.0,0.0,0.0,3.598051198427537e-05,1.0,0.4032657318243559,Calm,0.994312,0.96,0.672,Signal below confidence or profit threshold; no capital allocation recommended under conservative risk rules.,False,False,0.0,0.0,0.0,2026-05-12 16:15:00+00:00,2026-05-12 16:15:00+00:00
2026-05-12 16:15:00+00:00,URTH_ACWI,HOLD,0.1587523857173749,0,0.0,0.0,0.0,0.0005200092774358012,0.0951121494195048,0.410209972710319,High_Vol,0.986538,0.52,0.812,Signal below confidence or profit threshold; no capital allocation recommended under conservative risk rules.,False,False,0.0,0.0,0.0,2026-05-12 16:15:00+00:00,2026-05-12 16:15:00+00:00
2026-05-12 16:15:00+00:00,QQQ_^NDX,HOLD,0.35716015486705055,0,0.0,0.0,0.0,0.00020802681670822407,1.0,0.5016420956350164,High_Vol,0.99995,0.52,0.812,Signal below confidence or profit threshold; no capital allocation recommended under conservative risk rules.,False,False,0.0,0.0,0.0,2026-05-12 16:15:00+00:00,2026-05-12 16:15:00+00:00
2026-05-12 16:20:00+00:00,SPY_^GSPC,HOLD,0.321606056146405,0,0.0,0.0,0.0,7.092552540556949e-05,1.0,0.40124903406408313,Calm,0.994312,0.96,0.672,Signal below confidence or profit threshold; no capital allocation recommended under conservative risk rules.,False,False,0.0,0.0,0.0,2026-05-12 16:20:00+00:00,2026-05-12 16:20:00+00:00
2026-05-12 16:20:00+00:00,URTH_ACWI,HOLD,0.16296513610732397,0,0.0,0.0,0.0,0.0005375662756499431,0.09396675042521158,0.42314032566722704,High_Vol,0.986538,0.52,0.812,Signal below confidence or profit threshold; no capital allocation recommended under conservative risk rules.,False,False,0.0,0.0,0.0,2026-05-12 16:20:00+00:00,2026-05-12 16:20:00+00:00
2026-05-12 16:20:00+00:00,QQQ_^NDX,HOLD,0.35481742877896283,0,0.0,0.0,0.0,0.0001753539696498272,1.0,0.4973236974630142,High_Vol,0.99995,0.52,0.812,Signal below confidence or profit threshold; no capital allocation recommended under conservative risk rules.,False,False,0.0,0.0,0.0,2026-05-12 16:20:00+00:00,2026-05-12 16:20:00+00:00
2026-05-12 16:25:00+00:00,SPY_^GSPC,HOLD,0.298173619348287,0,0.0,0.0,0.0,6.180641513718934e-05,1.0,0.32366863769236937,Calm,0.994312,0.96,0.672,Signal below confidence or profit threshold; no capital allocation recommended under conservative risk rules.,False,False,0.0,0.0,0.0,2026-05-12 16:25:00+00:00,2026-05-12 16:25:00+00:00
2026-05-12 16:25:00+00:00,QQQ_^NDX,HOLD,0.37686930207730196,0,0.0,0.0,0.0,0.00017620781877634542,1.0,0.5707387185935338,High_Vol,0.99995,0.52,0.812,Signal below confidence or profit threshold; no capital allocation recommended under conservative risk rules.,False,False,0.0,0.0,0.0,2026-05-12 16:25:00+00:00,2026-05-12 16:25:00+00:00
2026-05-12 16:25:00+00:00,URTH_ACWI,HOLD,0.180673656313872,0,0.0,0.0,0.0,0.0005288327607313567,0.09404834428695678,0.4830473982810726,High_Vol,0.986538,0.52,0.812,Signal below confidence or profit threshold; no capital allocation recommended under conservative risk rules.,False,False,0.0,0.0,0.0,2026-05-12 16:25:00+00:00,2026-05-12 16:25:00+00:00
2026-05-12 16:30:00+00:00,URTH_ACWI,HOLD,0.14168930502074673,0,0.0,0.0,0.0,0.00034067597416620433,0.09356283690811157,0.37352545301009377,High_Vol,0.986538,0.52,0.812,Signal below confidence or profit threshold; no capital allocation recommended under conservative risk rules.,False,False,0.0,0.0,0.0,2026-05-12 16:30:00+00:00,2026-05-12 16:30:00+00:00
2026-05-12 16:30:00+00:00,QQQ_^NDX,HOLD,0.3539828990968902,0,0.0,0.0,0.0,0.00016777880813174183,1.0,0.49535124398410596,High_Vol,0.99995,0.52,0.812,Signal below confidence or profit threshold; no capital allocation recommended under conservative risk rules.,False,False,0.0,0.0,0.0,2026-05-12 16:30:00+00:00,2026-05-12 16:30:00+00:00
2026-05-12 16:30:00+00:00,SPY_^GSPC,HOLD,0.3214194158310526,0,0.0,0.0,0.0,6.232497111975103e-05,1.0,0.40112461694148605,Calm,0.994312,0.96,0.672,Signal below confidence or profit threshold; no capital allocation recommended under conservative risk rules.,False,False,0.0,0.0,0.0,2026-05-12 16:30:00+00:00,2026-05-12 16:30:00+00:00
2026-05-12 16:35:00+00:00,URTH_ACWI,HOLD,0.14407440147833409,0,0.0,0.0,0.0,0.00034336033501928826,0.09201448523412069,0.38222121829528016,High_Vol,0.986538,0.52,0.812,Signal below confidence or profit threshold; no capital allocation recommended under conservative risk rules.,False,False,0.0,0.0,0.0,2026-05-12 16:35:00+00:00,2026-05-12 16:35:00+00:00
2026-05-12 16:35:00+00:00,SPY_^GSPC,HOLD,0.3444030118485952,0,0.0,0.0,0.0,6.091206230135512e-05,1.0,0.47781836922324805,Calm,0.994312,0.96,0.672,Signal below confidence or profit threshold; no capital allocation recommended under conservative risk rules.,False,False,0.0,0.0,0.0,2026-05-12 16:35:00+00:00,2026-05-12 16:35:00+00:00
2026-05-12 16:35:00+00:00,QQQ_^NDX,HOLD,0.35425106859788014,0,0.0,0.0,0.0,0.00016435683139621676,1.0,0.4966107381258166,High_Vol,0.99995,0.52,0.812,Signal below confidence or profit threshold; no capital allocation recommended under conservative risk rules.,False,False,0.0,0.0,0.0,2026-05-12 16:35:00+00:00,2026-05-12 16:35:00+00:00
2026-05-12 16:40:00+00:00,URTH_ACWI,HOLD,0.12056891050466144,0,0.0,0.0,0.0,0.0003300603583951527,0.09171043877248129,0.305493217030983,High_Vol,0.986538,0.52,0.812,Signal below confidence or profit threshold; no capital allocation recommended under conservative risk rules.,False,False,0.0,0.0,0.0,2026-05-12 16:40:00+00:00,2026-05-12 16:40:00+00:00
2026-05-12 16:40:00+00:00,QQQ_^NDX,HOLD,0.3321220815764367,0,0.0,0.0,0.0,0.00017768118372751048,1.0,0.42142390613860187,High_Vol,0.99995,0.52,0.812,Signal below confidence or profit threshold; no capital allocation recommended under conservative risk rules.,False,False,0.0,0.0,0.0,2026-05-12 16:40:00+00:00,2026-05-12 16:40:00+00:00
2026-05-12 16:40:00+00:00,SPY_^GSPC,HOLD,0.32039886797339884,0,0.0,0.0,0.0,4.976580101453046e-05,1.0,0.39844959457484036,Calm,0.994312,0.96,0.672,Signal below confidence or profit threshold; no capital allocation recommended under conservative risk rules.,False,False,0.0,0.0,0.0,2026-05-12 16:40:00+00:00,2026-05-12 16:40:00+00:00
2026-05-12 16:45:00+00:00,SPY_^GSPC,HOLD,0.2964930002811865,0,0.0,0.0,0.0,4.7576258307976476e-05,1.0,0.31889007858150276,Calm,0.994312,0.96,0.672,Signal below confidence or profit threshold; no capital allocation recommended under conservative risk rules.,False,False,0.0,0.0,0.0,2026-05-12 16:45:00+00:00,2026-05-12 16:45:00+00:00
2026-05-12 16:45:00+00:00,URTH_ACWI,HOLD,0.11326723724297814,0,0.0,0.0,0.0,0.00034457231372624444,0.05484147402109782,0.3041831934148529,High_Vol,0.986538,0.52,0.812,Signal below confidence or profit threshold; no capital allocation recommended under conservative risk rules.,False,False,0.0,0.0,0.0,2026-05-12 16:45:00+00:00,2026-05-12 16:45:00+00:00
2026-05-12 16:45:00+00:00,QQQ_^NDX,HOLD,0.3322378120910049,0,0.0,0.0,0.0,0.00016401000354485787,1.0,0.42327027069385614,High_Vol,0.99995,0.52,0.812,Signal below confidence or profit threshold; no capital allocation recommended under conservative risk rules.,False,False,0.0,0.0,0.0,2026-05-12 16:45:00+00:00,2026-05-12 16:45:00+00:00
2026-05-12 16:50:00+00:00,QQQ_^NDX,HOLD,0.33110693920792883,0,0.0,0.0,0.0,0.000161344163124797,1.0,0.41978550642762635,High_Vol,0.99995,0.52,0.812,Signal below confidence or profit threshold; no capital allocation recommended under conservative risk rules.,False,False,0.0,0.0,0.0,2026-05-12 16:50:00+00:00,2026-05-12 16:50:00+00:00
2026-05-12 16:50:00+00:00,SPY_^GSPC,HOLD,0.3199662649208351,0,0.0,0.0,0.0,5.446221664646509e-05,1.0,0.3967358010875946,Calm,0.994312,0.96,0.672,Signal below confidence or profit threshold; no capital allocation recommended under conservative risk rules.,False,False,0.0,0.0,0.0,2026-05-12 16:50:00+00:00,2026-05-12 16:50:00+00:00
2026-05-12 16:50:00+00:00,URTH_ACWI,HOLD,0.12960570878277522,0,0.0,0.0,0.0,0.00033923105816878544,0.0209400653318278,0.3818163513016235,High_Vol,0.986538,0.52,0.812,Signal below confidence or profit threshold; no capital allocation recommended under conservative risk rules.,False,False,0.0,0.0,0.0,2026-05-12 16:50:00+00:00,2026-05-12 16:50:00+00:00
2026-05-12 16:55:00+00:00,SPY_^GSPC,HOLD,0.3428985860771273,0,0.0,0.0,0.0,5.2626441506199914e-05,1.0,0.4732831085958525,Calm,0.994312,0.96,0.672,Signal below confidence or profit threshold; no capital allocation recommended under conservative risk rules.,False,False,0.0,0.0,0.0,2026-05-12 16:55:00+00:00,2026-05-12 16:55:00+00:00
2026-05-12 16:55:00+00:00,URTH_ACWI,HOLD,0.13369279256619093,0,0.0,0.0,0.0,0.00037396058467158296,0.020509864589742025,0.39201634490957094,High_Vol,0.986538,0.52,0.812,Signal below confidence or profit threshold; no capital allocation recommended under conservative risk rules.,False,False,0.0,0.0,0.0,2026-05-12 16:55:00+00:00,2026-05-12 16:55:00+00:00
2026-05-12 16:55:00+00:00,QQQ_^NDX,HOLD,0.35226198607677484,0,0.0,0.0,0.0,0.0001442225988324943,1.0,0.49213155627808547,High_Vol,0.99995,0.52,0.812,Signal below confidence or profit threshold; no capital allocation recommended under conservative risk rules.,False,False,0.0,0.0,0.0,2026-05-12 16:55:00+00:00,2026-05-12 16:55:00+00:00
2026-05-12 17:00:00+00:00,URTH_ACWI,HOLD,0.12761810575469903,0,0.0,0.0,0.0,0.00038050191285730184,0.012453070045420329,0.3764397253852442,High_Vol,0.986538,0.52,0.812,Signal below confidence or profit threshold; no capital allocation recommended under conservative risk rules.,False,False,0.0,0.0,0.0,2026-05-12 17:00:00+00:00,2026-05-12 17:00:00+00:00
2026-05-12 17:00:00+00:00,QQQ_^NDX,HOLD,0.3291488447251475,0,0.0,0.0,0.0,0.00013641886212887338,1.0,0.4159214843264668,High_Vol,0.99995,0.52,0.812,Signal below confidence or profit threshold; no capital allocation recommended under conservative risk rules.,False,False,0.0,0.0,0.0,2026-05-12 17:00:00+00:00,2026-05-12 17:00:00+00:00
2026-05-12 17:00:00+00:00,SPY_^GSPC,HOLD,0.3195855102066358,0,0.0,0.0,0.0,5.932986491860045e-05,1.0,0.39518492609858913,Calm,0.994312,0.96,0.672,Signal below confidence or profit threshold; no capital allocation recommended under conservative risk rules.,False,False,0.0,0.0,0.0,2026-05-12 17:00:00+00:00,2026-05-12 17:00:00+00:00
2026-05-12 17:05:00+00:00,URTH_ACWI,HOLD,0.12338365773579524,0,0.0,0.0,0.0,0.0003556516905719846,0.010690923602701824,0.36615460122905635,High_Vol,0.986538,0.52,0.812,Signal below confidence or profit threshold; no capital allocation recommended under conservative risk rules.,False,False,0.0,0.0,0.0,2026-05-12 17:05:00+00:00,2026-05-12 17:05:00+00:00
2026-05-12 17:05:00+00:00,SPY_^GSPC,HOLD,0.31983030380971256,0,0.0,0.0,0.0,6.171331981949098e-05,1.0,0.39586297335763604,Calm,0.994312,0.96,0.672,Signal below confidence or profit threshold; no capital allocation recommended under conservative risk rules.,False,False,0.0,0.0,0.0,2026-05-12 17:05:00+00:00,2026-05-12 17:05:00+00:00
2026-05-12 17:05:00+00:00,QQQ_^NDX,HOLD,0.32789372229571445,0,0.0,0.0,0.0,0.00014342233547512314,1.0,0.410989508563159,High_Vol,0.99995,0.52,0.812,Signal below confidence or profit threshold; no capital allocation recommended under conservative risk rules.,False,False,0.0,0.0,0.0,2026-05-12 17:05:00+00:00,2026-05-12 17:05:00+00:00
2026-05-12 17:10:00+00:00,SPY_^GSPC,HOLD,0.31936644048978224,0,0.0,0.0,0.0,4.1342690717758093e-05,1.0,0.3954956181419965,Calm,0.994312,0.96,0.672,Signal below confidence or profit threshold; no capital allocation recommended under conservative risk rules.,False,False,0.0,0.0,0.0,2026-05-12 17:10:00+00:00,2026-05-12 17:10:00+00:00
2026-05-12 17:10:00+00:00,QQQ_^NDX,HOLD,0.30457123226549687,0,0.0,0.0,0.0,0.0001089743522032987,1.0,0.3369282152222439,High_Vol,0.99995,0.52,0.812,Signal below confidence or profit threshold; no capital allocation recommended under conservative risk rules.,False,False,0.0,0.0,0.0,2026-05-12 17:10:00+00:00,2026-05-12 17:10:00+00:00
2026-05-12 17:10:00+00:00,URTH_ACWI,HOLD,0.09880118473037695,0,0.0,0.0,0.0,0.0003290695432820908,0.01127255840983073,0.28666524100729984,High_Vol,0.986538,0.52,0.812,Signal below confidence or profit threshold; no capital allocation recommended under conservative risk rules.,False,False,0.0,0.0,0.0,2026-05-12 17:10:00+00:00,2026-05-12 17:10:00+00:00
2026-05-12 17:15:00+00:00,QQQ_^NDX,HOLD,0.32705528353875113,0,0.0,0.0,0.0,0.00010722385253518494,1.0,0.4120620719950695,High_Vol,0.99995,0.52,0.812,Signal below confidence or profit threshold; no capital allocation recommended under conservative risk rules.,False,False,0.0,0.0,0.0,2026-05-12 17:15:00+00:00,2026-05-12 17:15:00+00:00
2026-05-12 17:15:00+00:00,URTH_ACWI,HOLD,0.0993618288248956,0,0.0,0.0,0.0,0.00032739565049642877,0.011576728627522785,0.2885101092098901,High_Vol,0.986538,0.52,0.812,Signal below confidence or profit threshold; no capital allocation recommended under conservative risk rules.,False,False,0.0,0.0,0.0,2026-05-12 17:15:00+00:00,2026-05-12 17:15:00+00:00
2026-05-12 17:15:00+00:00,SPY_^GSPC,HOLD,0.319372182111975,0,0.0,0.0,0.0,4.264781200518564e-05,1.0,0.3954392290303572,Calm,0.994312,0.96,0.672,Signal below confidence or profit threshold; no capital allocation recommended under conservative risk rules.,False,False,0.0,0.0,0.0,2026-05-12 17:15:00+00:00,2026-05-12 17:15:00+00:00
2026-05-12 17:20:00+00:00,URTH_ACWI,HOLD,0.09760103207696355,0,0.0,0.0,0.0,0.0003499514078203834,0.013906178342641193,0.2786780171071366,High_Vol,0.986538,0.52,0.812,Signal below confidence or profit threshold; no capital allocation recommended under conservative risk rules.,False,False,0.0,0.0,0.0,2026-05-12 17:20:00+00:00,2026-05-12 17:20:00+00:00
2026-05-12 17:20:00+00:00,QQQ_^NDX,HOLD,0.3548807243632091,0,0.0,0.0,0.0,0.0002393841298931681,1.0,0.4906938536580081,High_Vol,0.99995,0.52,0.812,Signal below confidence or profit threshold; no capital allocation recommended under conservative risk rules.,False,False,0.0,0.0,0.0,2026-05-12 17:20:00+00:00,2026-05-12 17:20:00+00:00
2026-05-12 17:20:00+00:00,SPY_^GSPC,HOLD,0.32199576425184223,0,0.0,0.0,0.0,0.00020123954263173854,1.0,0.39500674064087815,Calm,0.994312,0.96,0.672,Signal below confidence or profit threshold; no capital allocation recommended under conservative risk rules.,False,False,0.0,0.0,0.0,2026-05-12 17:20:00+00:00,2026-05-12 17:20:00+00:00
2026-05-12 17:25:00+00:00,SPY_^GSPC,HOLD,0.3194562359551217,0,0.0,0.0,0.0,4.447622397542378e-05,1.0,0.3956135976296056,Calm,0.994312,0.96,0.672,Signal below confidence or profit threshold; no capital allocation recommended under conservative risk rules.,False,False,0.0,0.0,0.0,2026-05-12 17:25:00+00:00,2026-05-12 17:25:00+00:00
2026-05-12 17:25:00+00:00,QQQ_^NDX,HOLD,0.35153266871968314,0,0.0,0.0,0.0,0.00013894650741842402,1.0,0.4902641834012488,High_Vol,0.99995,0.52,0.812,Signal below confidence or profit threshold; no capital allocation recommended under conservative risk rules.,False,False,0.0,0.0,0.0,2026-05-12 17:25:00+00:00,2026-05-12 17:25:00+00:00
2026-05-12 17:30:00+00:00,SPY_^GSPC,HOLD,0.3426793706135547,0,0.0,0.0,0.0,4.144839582916774e-05,1.0,0.47319926802729073,Calm,0.994312,0.96,0.672,Signal below confidence or profit threshold; no capital allocation recommended under conservative risk rules.,False,False,0.0,0.0,0.0,2026-05-12 17:30:00+00:00,2026-05-12 17:30:00+00:00
2026-05-12 17:30:00+00:00,URTH_ACWI,HOLD,0.09646791577560467,0,0.0,0.0,0.0,0.000320658718859594,0.01414667681910197,0.27787019123804224,High_Vol,0.986538,0.52,0.812,Signal below confidence or profit threshold; no capital allocation recommended under conservative risk rules.,False,False,0.0,0.0,0.0,2026-05-12 17:30:00+00:00,2026-05-12 17:30:00+00:00
2026-05-12 17:30:00+00:00,QQQ_^NDX,HOLD,0.3499123594079043,0,0.0,0.0,0.0,0.00010887814527348067,1.0,0.48807558421507846,High_Vol,0.99995,0.52,0.812,Signal below confidence or profit threshold; no capital allocation recommended under conservative risk rules.,False,False,0.0,0.0,0.0,2026-05-12 17:30:00+00:00,2026-05-12 17:30:00+00:00
2026-05-12 17:35:00+00:00,SPY_^GSPC,HOLD,0.3193886313893276,0,0.0,0.0,0.0,2.442219949602151e-05,1.0,0.39654878290099826,Calm,0.994312,0.96,0.672,Signal below confidence or profit threshold; no capital allocation recommended under conservative risk rules.,False,False,0.0,0.0,0.0,2026-05-12 17:35:00+00:00,2026-05-12 17:35:00+00:00
2026-05-12 17:35:00+00:00,URTH_ACWI,HOLD,0.12072835614503155,0,0.0,0.0,0.0,0.0002985185048627464,0.01413386669825236,0.36111227336166063,High_Vol,0.986538,0.52,0.812,Signal below confidence or profit threshold; no capital allocation recommended under conservative risk rules.,False,False,0.0,0.0,0.0,2026-05-12 17:35:00+00:00,2026-05-12 17:35:00+00:00
2026-05-12 17:35:00+00:00,QQQ_^NDX,HOLD,0.32699675379699555,0,0.0,0.0,0.0,0.00013565210770053455,1.0,0.4088297661074494,High_Vol,0.99995,0.52,0.812,Signal below confidence or profit threshold; no capital allocation recommended under conservative risk rules.,False,False,0.0,0.0,0.0,2026-05-12 17:35:00+00:00,2026-05-12 17:35:00+00:00
2026-05-12 17:40:00+00:00,URTH_ACWI,HOLD,0.1219563629709706,0,0.0,0.0,0.0,0.00030230428040558025,0.014309007063090007,0.36468440600587826,High_Vol,0.986538,0.52,0.812,Signal below confidence or profit threshold; no capital allocation recommended under conservative risk rules.,False,False,0.0,0.0,0.0,2026-05-12 17:40:00+00:00,2026-05-12 17:40:00+00:00
2026-05-12 17:40:00+00:00,QQQ_^NDX,HOLD,0.32563696386645674,0,0.0,0.0,0.0,0.00011183390150306954,1.0,0.40684181315495516,High_Vol,0.99995,0.52,0.812,Signal below confidence or profit threshold; no capital allocation recommended under conservative risk rules.,False,False,0.0,0.0,0.0,2026-05-12 17:40:00+00:00,2026-05-12 17:40:00+00:00
2026-05-12 17:40:00+00:00,SPY_^GSPC,HOLD,0.29621120737295775,0,0.0,0.0,0.0,3.9320542352508284e-05,1.0,0.31842853022742235,Calm,0.994312,0.96,0.672,Signal below confidence or profit threshold; no capital allocation recommended under conservative risk rules.,False,False,0.0,0.0,0.0,2026-05-12 17:40:00+00:00,2026-05-12 17:40:00+00:00
2026-05-12 17:45:00+00:00,URTH_ACWI,HOLD,0.12361701798374125,0,0.0,0.0,0.0,0.00034936604014695774,0.014188718837127686,0.36527214908142014,High_Vol,0.986538,0.52,0.812,Signal below confidence or profit threshold; no capital allocation recommended under conservative risk rules.,False,False,0.0,0.0,0.0,2026-05-12 17:45:00+00:00,2026-05-12 17:45:00+00:00
2026-05-12 17:45:00+00:00,SPY_^GSPC,HOLD,0.3196939437807908,0,0.0,0.0,0.0,4.429578956786821e-05,1.0,0.3964163988544954,Calm,0.994312,0.96,0.672,Signal below confidence or profit threshold; no capital allocation recommended under conservative risk rules.,False,False,0.0,0.0,0.0,2026-05-12 17:45:00+00:00,2026-05-12 17:45:00+00:00
2026-05-12 17:45:00+00:00,QQQ_^NDX,HOLD,0.3249142294577494,0,0.0,0.0,0.0,0.00010107968250737763,1.0,0.4055816534801714,High_Vol,0.99995,0.52,0.812,Signal below confidence or profit threshold; no capital allocation recommended under conservative risk rules.,False,False,0.0,0.0,0.0,2026-05-12 17:45:00+00:00,2026-05-12 17:45:00+00:00
2026-05-12 17:50:00+00:00,QQQ_^NDX,HOLD,0.324976377302312,0,0.0,0.0,0.0,8.21988031261364e-05,1.0,0.4078060009301279,High_Vol,0.99995,0.52,0.812,Signal below confidence or profit threshold; no capital allocation recommended under conservative risk rules.,False,False,0.0,0.0,0.0,2026-05-12 17:50:00+00:00,2026-05-12 17:50:00+00:00
2026-05-12 17:50:00+00:00,URTH_ACWI,HOLD,0.1269255386950543,0,0.0,0.0,0.0,0.0003690493284722845,0.016859016395314532,0.3724174376609666,High_Vol,0.986538,0.52,0.812,Signal below confidence or profit threshold; no capital allocation recommended under conservative risk rules.,False,False,0.0,0.0,0.0,2026-05-12 17:50:00+00:00,2026-05-12 17:50:00+00:00
2026-05-12 17:50:00+00:00,SPY_^GSPC,HOLD,0.3198157821151749,0,0.0,0.0,0.0,4.99515720396268e-05,1.0,0.396495224409401,Calm,0.994312,0.96,0.672,Signal below confidence or profit threshold; no capital allocation recommended under conservative risk rules.,False,False,0.0,0.0,0.0,2026-05-12 17:50:00+00:00,2026-05-12 17:50:00+00:00
2026-05-12 17:55:00+00:00,QQQ_^NDX,HOLD,0.3254934199983308,0,0.0,0.0,0.0,9.824771815722466e-05,1.0,0.40781484890926245,High_Vol,0.99995,0.52,0.812,Signal below confidence or profit threshold; no capital allocation recommended under conservative risk rules.,False,False,0.0,0.0,0.0,2026-05-12 17:55:00+00:00,2026-05-12 17:55:00+00:00
2026-05-12 17:55:00+00:00,URTH_ACWI,HOLD,0.12571320370868158,0,0.0,0.0,0.0,0.00033174177618222676,0.017116908581797284,0.372190242519041,High_Vol,0.986538,0.52,0.812,Signal below confidence or profit threshold; no capital allocation recommended under conservative risk rules.,False,False,0.0,0.0,0.0,2026-05-12 17:55:00+00:00,2026-05-12 17:55:00+00:00
2026-05-12 17:55:00+00:00,SPY_^GSPC,HOLD,0.3197776314754699,0,0.0,0.0,0.0,4.47367187360815e-05,1.0,0.39666984110248743,Calm,0.994312,0.96,0.672,Signal below confidence or profit threshold; no capital allocation recommended under conservative risk rules.,False,False,0.0,0.0,0.0,2026-05-12 17:55:00+00:00,2026-05-12 17:55:00+00:00
2026-05-12 18:00:00+00:00,QQQ_^NDX,HOLD,0.3027159756312862,0,0.0,0.0,0.0,9.379831983257308e-05,1.0,0.3323653974213201,High_Vol,0.99995,0.52,0.812,Signal below confidence or profit threshold; no capital allocation recommended under conservative risk rules.,False,False,0.0,0.0,0.0,2026-05-12 18:00:00+00:00,2026-05-12 18:00:00+00:00
2026-05-12 18:00:00+00:00,SPY_^GSPC,HOLD,0.29667507410755084,0,0.0,0.0,0.0,4.3537814773298865e-05,1.0,0.31973069755912203,Calm,0.994312,0.96,0.672,Signal below confidence or profit threshold; no capital allocation recommended under conservative risk rules.,False,False,0.0,0.0,0.0,2026-05-12 18:00:00+00:00,2026-05-12 18:00:00+00:00
2026-05-12 18:00:00+00:00,URTH_ACWI,HOLD,0.12876703991568061,0,0.0,0.0,0.0,0.0003621549219109167,0.018495638482971193,0.3782012755688652,High_Vol,0.986538,0.52,0.812,Signal below confidence or profit threshold; no capital allocation recommended under conservative risk rules.,False,False,0.0,0.0,0.0,2026-05-12 18:00:00+00:00,2026-05-12 18:00:00+00:00
2026-05-12 18:05:00+00:00,URTH_ACWI,HOLD,0.15020164351981222,0,0.0,0.0,0.0,0.0003055386425541943,0.01858797493291219,0.45563714441053144,High_Vol,0.986538,0.52,0.812,Signal below confidence or profit threshold; no capital allocation recommended under conservative risk rules.,False,False,0.0,0.0,0.0,2026-05-12 18:05:00+00:00,2026-05-12 18:05:00+00:00
2026-05-12 18:05:00+00:00,QQQ_^NDX,HOLD,0.3015808280979999,0,0.0,0.0,0.0,8.603454125373509e-05,1.0,0.329411035833746,High_Vol,0.99995,0.52,0.812,Signal below confidence or profit threshold; no capital allocation recommended under conservative risk rules.,False,False,0.0,0.0,0.0,2026-05-12 18:05:00+00:00,2026-05-12 18:05:00+00:00
2026-05-12 18:05:00+00:00,SPY_^GSPC,HOLD,0.2970351816443394,0,0.0,0.0,0.0,5.40306356467113e-05,1.0,0.3203238325849095,Calm,0.994312,0.96,0.672,Signal below confidence or profit threshold; no capital allocation recommended under conservative risk rules.,False,False,0.0,0.0,0.0,2026-05-12 18:05:00+00:00,2026-05-12 18:05:00+00:00
2026-05-12 18:10:00+00:00,SPY_^GSPC,HOLD,0.2971658989870149,0,0.0,0.0,0.0,3.961087639336872e-05,1.0,0.32159403386913715,Calm,0.994312,0.96,0.672,Signal below confidence or profit threshold; no capital allocation recommended under conservative risk rules.,False,False,0.0,0.0,0.0,2026-05-12 18:10:00+00:00,2026-05-12 18:10:00+00:00
2026-05-12 18:10:00+00:00,QQQ_^NDX,HOLD,0.32459477237635115,0,0.0,0.0,0.0,8.018158754415841e-05,1.0,0.40674949899551255,High_Vol,0.99995,0.52,0.812,Signal below confidence or profit threshold; no capital allocation recommended under conservative risk rules.,False,False,0.0,0.0,0.0,2026-05-12 18:10:00+00:00,2026-05-12 18:10:00+00:00
2026-05-12 18:10:00+00:00,URTH_ACWI,HOLD,0.1498933980610889,0,0.0,0.0,0.0,0.0003078886484401676,0.017515391960601808,0.4550736458580824,High_Vol,0.986538,0.52,0.812,Signal below confidence or profit threshold; no capital allocation recommended under conservative risk rules.,False,False,0.0,0.0,0.0,2026-05-12 18:10:00+00:00,2026-05-12 18:10:00+00:00
2026-05-12 18:15:00+00:00,QQQ_^NDX,HOLD,0.30091097108883813,0,0.0,0.0,0.0,7.03405691852167e-05,1.0,0.3288548855541168,High_Vol,0.99995,0.52,0.812,Signal below confidence or profit threshold; no capital allocation recommended under conservative risk rules.,False,False,0.0,0.0,0.0,2026-05-12 18:15:00+00:00,2026-05-12 18:15:00+00:00
2026-05-12 18:15:00+00:00,SPY_^GSPC,HOLD,0.27388119895317026,0,0.0,0.0,0.0,4.4712128862321436e-05,1.0,0.24368315571992386,Calm,0.994312,0.96,0.672,Signal below confidence or profit threshold; no capital allocation recommended under conservative risk rules.,False,False,0.0,0.0,0.0,2026-05-12 18:15:00+00:00,2026-05-12 18:15:00+00:00
2026-05-12 18:15:00+00:00,URTH_ACWI,HOLD,0.19461072172911403,0,0.0,0.0,0.0,0.0003828614779557095,0.08356677172714233,0.552087220557188,High_Vol,0.986538,0.52,0.812,Signal below confidence or profit threshold; no capital allocation recommended under conservative risk rules.,False,False,0.0,0.0,0.0,2026-05-12 18:15:00+00:00,2026-05-12 18:15:00+00:00
2026-05-12 18:20:00+00:00,QQQ_^NDX,HOLD,0.3258785488734025,0,0.0,0.0,0.0,9.18943107102869e-05,1.0,0.40977739467306307,High_Vol,0.99995,0.52,0.812,Signal below confidence or profit threshold; no capital allocation recommended under conservative risk rules.,False,False,0.0,0.0,0.0,2026-05-12 18:20:00+00:00,2026-05-12 18:20:00+00:00
2026-05-12 18:20:00+00:00,SPY_^GSPC,HOLD,0.2970574387143585,0,0.0,0.0,0.0,4.90153737525425e-05,1.0,0.3206882578816267,Calm,0.994312,0.96,0.672,Signal below confidence or profit threshold; no capital allocation recommended under conservative risk rules.,False,False,0.0,0.0,0.0,2026-05-12 18:20:00+00:00,2026-05-12 18:20:00+00:00
2026-05-12 18:20:00+00:00,URTH_ACWI,HOLD,0.1699217068615083,0,0.0,0.0,0.0,0.00032261917561380405,0.09676649177724203,0.4674268343776991,High_Vol,0.986538,0.52,0.812,Signal below confidence or profit threshold; no capital allocation recommended under conservative risk rules.,False,False,0.0,0.0,0.0,2026-05-12 18:20:00+00:00,2026-05-12 18:20:00+00:00
2026-05-12 18:25:00+00:00,SPY_^GSPC,HOLD,0.29747867802622474,0,0.0,0.0,0.0,4.9812405768024815e-05,1.0,0.32204626438324757,Calm,0.994312,0.96,0.672,Signal below confidence or profit threshold; no capital allocation recommended under conservative risk rules.,False,False,0.0,0.0,0.0,2026-05-12 18:25:00+00:00,2026-05-12 18:25:00+00:00
2026-05-12 18:25:00+00:00,URTH_ACWI,HOLD,0.14810530023549254,0,0.0,0.0,0.0,0.0003559483198462648,0.1033538187535604,0.3867531216323596,High_Vol,0.986538,0.52,0.812,Signal below confidence or profit threshold; no capital allocation recommended under conservative risk rules.,False,False,0.0,0.0,0.0,2026-05-12 18:25:00+00:00,2026-05-12 18:25:00+00:00
2026-05-12 18:25:00+00:00,QQQ_^NDX,HOLD,0.3252472680840902,0,0.0,0.0,0.0,8.009458328453722e-05,1.0,0.40893378001485875,High_Vol,0.99995,0.52,0.812,Signal below confidence or profit threshold; no capital allocation recommended under conservative risk rules.,False,False,0.0,0.0,0.0,2026-05-12 18:25:00+00:00,2026-05-12 18:25:00+00:00
2026-05-12 18:30:00+00:00,URTH_ACWI,HOLD,0.14329313362991586,0,0.0,0.0,0.0,0.000343435196938351,0.10276808864578248,0.3724399251245023,High_Vol,0.986538,0.52,0.812,Signal below confidence or profit threshold; no capital allocation recommended under conservative risk rules.,False,False,0.0,0.0,0.0,2026-05-12 18:30:00+00:00,2026-05-12 18:30:00+00:00
2026-05-12 18:30:00+00:00,SPY_^GSPC,HOLD,0.2737034915629886,0,0.0,0.0,0.0,5.135215737926055e-05,1.0,0.24270653684310672,Calm,0.994312,0.96,0.672,Signal below confidence or profit threshold; no capital allocation recommended under conservative risk rules.,False,False,0.0,0.0,0.0,2026-05-12 18:30:00+00:00,2026-05-12 18:30:00+00:00
2026-05-12 18:30:00+00:00,QQQ_^NDX,HOLD,0.32668471707379926,0,0.0,0.0,0.0,0.00011079596821219069,1.0,0.4104452141549515,High_Vol,0.99995,0.52,0.812,Signal below confidence or profit threshold; no capital allocation recommended under conservative risk rules.,False,False,0.0,0.0,0.0,2026-05-12 18:30:00+00:00,2026-05-12 18:30:00+00:00
2026-05-12 18:35:00+00:00,URTH_ACWI,HOLD,0.1410886534425442,0,0.0,0.0,0.0,0.00030674112802980634,0.10355236247014364,0.3684891151243458,High_Vol,0.986538,0.52,0.812,Signal below confidence or profit threshold; no capital allocation recommended under conservative risk rules.,False,False,0.0,0.0,0.0,2026-05-12 18:35:00+00:00,2026-05-12 18:35:00+00:00
2026-05-12 18:35:00+00:00,QQQ_^NDX,HOLD,0.30329205444369733,0,0.0,0.0,0.0,8.263453731039618e-05,1.0,0.335478371937282,High_Vol,0.99995,0.52,0.812,Signal below confidence or profit threshold; no capital allocation recommended under conservative risk rules.,False,False,0.0,0.0,0.0,2026-05-12 18:35:00+00:00,2026-05-12 18:35:00+00:00
2026-05-12 18:35:00+00:00,SPY_^GSPC,HOLD,0.2508916477111026,0,0.0,0.0,0.0,4.3326381508410656e-05,1.0,0.16713151195897566,Calm,0.994312,0.96,0.672,Signal below confidence or profit threshold; no capital allocation recommended under conservative risk rules.,False,False,0.0,0.0,0.0,2026-05-12 18:35:00+00:00,2026-05-12 18:35:00+00:00
2026-05-12 18:40:00+00:00,URTH_ACWI,HOLD,0.14586623629640516,0,0.0,0.0,0.0,0.0003545401845534278,0.10821759548578898,0.3761974991520395,High_Vol,0.986538,0.52,0.812,Signal below confidence or profit threshold; no capital allocation recommended under conservative risk rules.,False,False,0.0,0.0,0.0,2026-05-12 18:40:00+00:00,2026-05-12 18:40:00+00:00
2026-05-12 18:40:00+00:00,SPY_^GSPC,HOLD,0.2753849357171022,0,0.0,0.0,0.0,5.377431772381591e-05,1.0,0.24817117937391622,Calm,0.994312,0.96,0.672,Signal below confidence or profit threshold; no capital allocation recommended under conservative risk rules.,False,False,0.0,0.0,0.0,2026-05-12 18:40:00+00:00,2026-05-12 18:40:00+00:00
2026-05-12 18:40:00+00:00,QQQ_^NDX,HOLD,0.32710178427329717,0,0.0,0.0,0.0,9.616886848639473e-05,1.0,0.413398162482957,High_Vol,0.99995,0.52,0.812,Signal below confidence or profit threshold; no capital allocation recommended under conservative risk rules.,False,False,0.0,0.0,0.0,2026-05-12 18:40:00+00:00,2026-05-12 18:40:00+00:00
2026-05-12 18:45:00+00:00,QQQ_^NDX,HOLD,0.3508748451853734,0,0.0,0.0,0.0,0.00010462638172916074,1.0,0.49173811838188985,High_Vol,0.99995,0.52,0.812,Signal below confidence or profit threshold; no capital allocation recommended under conservative risk rules.,False,False,0.0,0.0,0.0,2026-05-12 18:45:00+00:00,2026-05-12 18:45:00+00:00
2026-05-12 18:45:00+00:00,URTH_ACWI,HOLD,0.16585025189188052,0,0.0,0.0,0.0,0.0003128914300796207,0.10933265885345458,0.4465171621475956,High_Vol,0.986538,0.52,0.812,Signal below confidence or profit threshold; no capital allocation recommended under conservative risk rules.,False,False,0.0,0.0,0.0,2026-05-12 18:45:00+00:00,2026-05-12 18:45:00+00:00
2026-05-12 18:45:00+00:00,SPY_^GSPC,HOLD,0.2985632182598469,0,0.0,0.0,0.0,5.2788007588637215e-05,1.0,0.32548919931588793,Calm,0.994312,0.96,0.672,Signal below confidence or profit threshold; no capital allocation recommended under conservative risk rules.,False,False,0.0,0.0,0.0,2026-05-12 18:45:00+00:00,2026-05-12 18:45:00+00:00
2026-05-12 18:50:00+00:00,SPY_^GSPC,HOLD,0.2982527635553876,0,0.0,0.0,0.0,5.289913377166633e-05,1.0,0.3244479193876539,Calm,0.994312,0.96,0.672,Signal below confidence or profit threshold; no capital allocation recommended under conservative risk rules.,False,False,0.0,0.0,0.0,2026-05-12 18:50:00+00:00,2026-05-12 18:50:00+00:00
2026-05-12 18:50:00+00:00,URTH_ACWI,HOLD,0.16634395248551792,0,0.0,0.0,0.0,0.0003155884957327269,0.10678889195322672,0.44957052735334374,High_Vol,0.986538,0.52,0.812,Signal below confidence or profit threshold; no capital allocation recommended under conservative risk rules.,False,False,0.0,0.0,0.0,2026-05-12 18:50:00+00:00,2026-05-12 18:50:00+00:00
2026-05-12 18:50:00+00:00,QQQ_^NDX,HOLD,0.3274403883633322,0,0.0,0.0,0.0,9.550931236340365e-05,1.0,0.4145973081808292,High_Vol,0.99995,0.52,0.812,Signal below confidence or profit threshold; no capital allocation recommended under conservative risk rules.,False,False,0.0,0.0,0.0,2026-05-12 18:50:00+00:00,2026-05-12 18:50:00+00:00
2026-05-12 18:55:00+00:00,URTH_ACWI,HOLD,0.16684998780241553,0,0.0,0.0,0.0,0.00029164523849967275,0.10663988669682821,0.4539146888832782,High_Vol,0.986538,0.52,0.812,Signal below confidence or profit threshold; no capital allocation recommended under conservative risk rules.,False,False,0.0,0.0,0.0,2026-05-12 18:55:00+00:00,2026-05-12 18:55:00+00:00
2026-05-12 18:55:00+00:00,SPY_^GSPC,HOLD,0.3209693837106542,0,0.0,0.0,0.0,5.110008937845255e-05,1.0,0.4002740979372239,Calm,0.994312,0.96,0.672,Signal below confidence or profit threshold; no capital allocation recommended under conservative risk rules.,False,False,0.0,0.0,0.0,2026-05-12 18:55:00+00:00,2026-05-12 18:55:00+00:00
2026-05-12 18:55:00+00:00,QQQ_^NDX,HOLD,0.327314223744398,0,0.0,0.0,0.0,9.097958718873008e-05,1.0,0.4146607044483426,High_Vol,0.99995,0.52,0.812,Signal below confidence or profit threshold; no capital allocation recommended under conservative risk rules.,False,False,0.0,0.0,0.0,2026-05-12 18:55:00+00:00,2026-05-12 18:55:00+00:00
2026-05-12 19:00:00+00:00,SPY_^GSPC,HOLD,0.32096070278202893,0,0.0,0.0,0.0,5.0915039468439635e-05,1.0,0.4002558704153024,Calm,0.994312,0.96,0.672,Signal below confidence or profit threshold; no capital allocation recommended under conservative risk rules.,False,False,0.0,0.0,0.0,2026-05-12 19:00:00+00:00,2026-05-12 19:00:00+00:00
2026-05-12 19:00:00+00:00,URTH_ACWI,HOLD,0.14299590104636467,0,0.0,0.0,0.0,0.000346344083939288,0.1043094197177124,0.3701108172723039,High_Vol,0.986538,0.52,0.812,Signal below confidence or profit threshold; no capital allocation recommended under conservative risk rules.,False,False,0.0,0.0,0.0,2026-05-12 19:00:00+00:00,2026-05-12 19:00:00+00:00
2026-05-12 19:00:00+00:00,QQQ_^NDX,HOLD,0.32788910989009523,0,0.0,0.0,0.0,9.714342526776354e-05,1.0,0.41591846189136833,High_Vol,0.99995,0.52,0.812,Signal below confidence or profit threshold; no capital allocation recommended under conservative risk rules.,False,False,0.0,0.0,0.0,2026-05-12 19:00:00+00:00,2026-05-12 19:00:00+00:00
2026-05-12 19:05:00+00:00,URTH_ACWI,HOLD,0.14264996808364364,0,0.0,0.0,0.0,0.00033192540757167964,0.10439255090769449,0.37044274348012696,High_Vol,0.986538,0.52,0.812,Signal below confidence or profit threshold; no capital allocation recommended under conservative risk rules.,False,False,0.0,0.0,0.0,2026-05-12 19:05:00+00:00,2026-05-12 19:05:00+00:00
2026-05-12 19:05:00+00:00,SPY_^GSPC,HOLD,0.3212047172218525,0,0.0,0.0,0.0,5.798301663712986e-05,1.0,0.4006602254248595,Calm,0.994312,0.96,0.672,Signal below confidence or profit threshold; no capital allocation recommended under conservative risk rules.,False,False,0.0,0.0,0.0,2026-05-12 19:05:00+00:00,2026-05-12 19:05:00+00:00
2026-05-12 19:05:00+00:00,QQQ_^NDX,HOLD,0.3291410975211319,0,0.0,0.0,0.0,9.3629428100995e-05,1.0,0.4204671810425556,High_Vol,0.99995,0.52,0.812,Signal below confidence or profit threshold; no capital allocation recommended under conservative risk rules.,False,False,0.0,0.0,0.0,2026-05-12 19:05:00+00:00,2026-05-12 19:05:00+00:00
2026-05-12 19:10:00+00:00,URTH_ACWI,HOLD,0.16450017568044648,0,0.0,0.0,0.0,0.00031905702785909565,0.1065493698340861,0.44321371641091206,High_Vol,0.986538,0.52,0.812,Signal below confidence or profit threshold; no capital allocation recommended under conservative risk rules.,False,False,0.0,0.0,0.0,2026-05-12 19:10:00+00:00,2026-05-12 19:10:00+00:00
2026-05-12 19:10:00+00:00,SPY_^GSPC,HOLD,0.321629680509059,0,0.0,0.0,0.0,6.110581820057034e-05,1.0,0.40189605203247836,Calm,0.994312,0.96,0.672,Signal below confidence or profit threshold; no capital allocation recommended under conservative risk rules.,False,False,0.0,0.0,0.0,2026-05-12 19:10:00+00:00,2026-05-12 19:10:00+00:00
2026-05-12 19:10:00+00:00,QQQ_^NDX,HOLD,0.3080756389706337,0,0.0,0.0,0.0,0.00010358636964035466,1.0,0.3491852100687411,High_Vol,0.99995,0.52,0.812,Signal below confidence or profit threshold; no capital allocation recommended under conservative risk rules.,False,False,0.0,0.0,0.0,2026-05-12 19:10:00+00:00,2026-05-12 19:10:00+00:00
2026-05-12 19:15:00+00:00,SPY_^GSPC,HOLD,0.32222227422039895,0,0.0,0.0,0.0,7.01086762824852e-05,1.0,0.4033503656720193,Calm,0.994312,0.96,0.672,Signal below confidence or profit threshold; no capital allocation recommended under conservative risk rules.,False,False,0.0,0.0,0.0,2026-05-12 19:15:00+00:00,2026-05-12 19:15:00+00:00
2026-05-12 19:15:00+00:00,QQQ_^NDX,HOLD,0.3320483150786312,0,0.0,0.0,0.0,0.0001446920363149856,1.0,0.42470249937375093,High_Vol,0.99995,0.52,0.812,Signal below confidence or profit threshold; no capital allocation recommended under conservative risk rules.,False,False,0.0,0.0,0.0,2026-05-12 19:15:00+00:00,2026-05-12 19:15:00+00:00
2026-05-12 19:15:00+00:00,URTH_ACWI,HOLD,0.1543953369076601,0,0.0,0.0,0.0,0.0003781402235199704,0.039624106012980144,0.44783545582030226,High_Vol,0.986538,0.52,0.812,Signal below confidence or profit threshold; no capital allocation recommended under conservative risk rules.,False,False,0.0,0.0,0.0,2026-05-12 19:15:00+00:00,2026-05-12 19:15:00+00:00
2026-05-12 19:20:00+00:00,URTH_ACWI,HOLD,0.12421059123242295,0,0.0,0.0,0.0,0.0002835544550283201,0.027356348530832925,0.36550345903748704,High_Vol,0.986538,0.52,0.812,Signal below confidence or profit threshold; no capital allocation recommended under conservative risk rules.,False,False,0.0,0.0,0.0,2026-05-12 19:20:00+00:00,2026-05-12 19:20:00+00:00
2026-05-12 19:20:00+00:00,SPY_^GSPC,HOLD,0.3453416210845814,0,0.0,0.0,0.0,5.794928378000553e-05,1.0,0.48111852376689124,Calm,0.994312,0.96,0.672,Signal below confidence or profit threshold; no capital allocation recommended under conservative risk rules.,False,False,0.0,0.0,0.0,2026-05-12 19:20:00+00:00,2026-05-12 19:20:00+00:00
2026-05-12 19:20:00+00:00,QQQ_^NDX,HOLD,0.32955459491070394,0,0.0,0.0,0.0,0.00011519471112760499,1.0,0.41954152244512366,High_Vol,0.99995,0.52,0.812,Signal below confidence or profit threshold; no capital allocation recommended under conservative risk rules.,False,False,0.0,0.0,0.0,2026-05-12 19:20:00+00:00,2026-05-12 19:20:00+00:00
2026-05-12 19:25:00+00:00,QQQ_^NDX,HOLD,0.328197946075447,0,0.0,0.0,0.0,0.00012155850839983933,1.0,0.4143394667899687,High_Vol,0.99995,0.52,0.812,Signal below confidence or profit threshold; no capital allocation recommended under conservative risk rules.,False,False,0.0,0.0,0.0,2026-05-12 19:25:00+00:00,2026-05-12 19:25:00+00:00
2026-05-12 19:25:00+00:00,SPY_^GSPC,HOLD,0.32160892012276576,0,0.0,0.0,0.0,5.977126309281527e-05,1.0,0.4019040819431999,Calm,0.994312,0.96,0.672,Signal below confidence or profit threshold; no capital allocation recommended under conservative risk rules.,False,False,0.0,0.0,0.0,2026-05-12 19:25:00+00:00,2026-05-12 19:25:00+00:00
2026-05-12 19:30:00+00:00,URTH_ACWI,HOLD,0.1431060035852297,0,0.0,0.0,0.0,0.00027433423966369215,0.021892250926462808,0.43311596436050714,High_Vol,0.986538,0.52,0.812,Signal below confidence or profit threshold; no capital allocation recommended under conservative risk rules.,False,False,0.0,0.0,0.0,2026-05-12 19:30:00+00:00,2026-05-12 19:30:00+00:00
2026-05-12 19:30:00+00:00,SPY_^GSPC,HOLD,0.2984142192902469,0,0.0,0.0,0.0,5.908279672339243e-05,1.0,0.32462825430525644,Calm,0.994312,0.96,0.672,Signal below confidence or profit threshold; no capital allocation recommended under conservative risk rules.,False,False,0.0,0.0,0.0,2026-05-12 19:30:00+00:00,2026-05-12 19:30:00+00:00
2026-05-12 19:30:00+00:00,QQQ_^NDX,HOLD,0.30488108911968526,0,0.0,0.0,0.0,0.0001179342306548557,1.0,0.33700381943155183,High_Vol,0.99995,0.52,0.812,Signal below confidence or profit threshold; no capital allocation recommended under conservative risk rules.,False,False,0.0,0.0,0.0,2026-05-12 19:30:00+00:00,2026-05-12 19:30:00+00:00
2026-05-12 19:35:00+00:00,URTH_ACWI,HOLD,0.12381006420349999,0,0.0,0.0,0.0,0.00038075264967640885,0.023562651141459147,0.35631307802885537,High_Vol,0.986538,0.52,0.812,Signal below confidence or profit threshold; no capital allocation recommended under conservative risk rules.,False,False,0.0,0.0,0.0,2026-05-12 19:35:00+00:00,2026-05-12 19:35:00+00:00
2026-05-12 19:35:00+00:00,QQQ_^NDX,HOLD,0.32911230939890823,0,0.0,0.0,0.0,0.00014774901307705783,1.0,0.41458921369325635,High_Vol,0.99995,0.52,0.812,Signal below confidence or profit threshold; no capital allocation recommended under conservative risk rules.,False,False,0.0,0.0,0.0,2026-05-12 19:35:00+00:00,2026-05-12 19:35:00+00:00
2026-05-12 19:35:00+00:00,SPY_^GSPC,HOLD,0.2778657361781089,0,0.0,0.0,0.0,0.00022423324866506126,1.0,0.24657599277743114,Calm,0.994312,0.96,0.672,Signal below confidence or profit threshold; no capital allocation recommended under conservative risk rules.,False,False,0.0,0.0,0.0,2026-05-12 19:35:00+00:00,2026-05-12 19:35:00+00:00
2026-05-12 19:40:00+00:00,SPY_^GSPC,HOLD,0.2520721945358124,0,0.0,0.0,0.0,7.167027358515718e-05,1.0,0.16942639650912258,Calm,0.994312,0.96,0.672,Signal below confidence or profit threshold; no capital allocation recommended under conservative risk rules.,False,False,0.0,0.0,0.0,2026-05-12 19:40:00+00:00,2026-05-12 19:40:00+00:00
2026-05-12 19:40:00+00:00,QQQ_^NDX,HOLD,0.32746738245661766,0,0.0,0.0,0.0,0.00011100559238304047,1.0,0.41303170301959724,High_Vol,0.99995,0.52,0.812,Signal below confidence or profit threshold; no capital allocation recommended under conservative risk rules.,False,False,0.0,0.0,0.0,2026-05-12 19:40:00+00:00,2026-05-12 19:40:00+00:00
2026-05-12 19:40:00+00:00,URTH_ACWI,HOLD,0.12111715291620997,0,0.0,0.0,0.0,0.00027707339866301517,0.02474241370198568,0.3576270417545241,High_Vol,0.986538,0.52,0.812,Signal below confidence or profit threshold; no capital allocation recommended under conservative risk rules.,False,False,0.0,0.0,0.0,2026-05-12 19:40:00+00:00,2026-05-12 19:40:00+00:00
2026-05-12 19:45:00+00:00,URTH_ACWI,HOLD,0.09645022840223243,0,0.0,0.0,0.0,0.00027129832673989496,0.02399420597015381,0.2765197600594014,High_Vol,0.986538,0.52,0.812,Signal below confidence or profit threshold; no capital allocation recommended under conservative risk rules.,False,False,0.0,0.0,0.0,2026-05-12 19:45:00+00:00,2026-05-12 19:45:00+00:00
2026-05-12 19:45:00+00:00,SPY_^GSPC,HOLD,0.27584206716675574,0,0.0,0.0,0.0,6.499099402050827e-05,1.0,0.2490458376611472,Calm,0.994312,0.96,0.672,Signal below confidence or profit threshold; no capital allocation recommended under conservative risk rules.,False,False,0.0,0.0,0.0,2026-05-12 19:45:00+00:00,2026-05-12 19:45:00+00:00
2026-05-12 19:45:00+00:00,QQQ_^NDX,HOLD,0.3504629613717918,0,0.0,0.0,0.0,0.00010292859351722465,1.0,0.4905465599660981,High_Vol,0.99995,0.52,0.812,Signal below confidence or profit threshold; no capital allocation recommended under conservative risk rules.,False,False,0.0,0.0,0.0,2026-05-12 19:45:00+00:00,2026-05-12 19:45:00+00:00
2026-05-12 19:50:00+00:00,QQQ_^NDX,HOLD,0.32528227749861105,0,0.0,0.0,0.0,0.00011034169034339725,1.0,0.405818949531332,High_Vol,0.99995,0.52,0.812,Signal below confidence or profit threshold; no capital allocation recommended under conservative risk rules.,False,False,0.0,0.0,0.0,2026-05-12 19:50:00+00:00,2026-05-12 19:50:00+00:00
2026-05-12 19:50:00+00:00,SPY_^GSPC,HOLD,0.2760293849393537,0,0.0,0.0,0.0,6.554625396159891e-05,1.0,0.2496380971380309,Calm,0.994312,0.96,0.672,Signal below confidence or profit threshold; no capital allocation recommended under conservative risk rules.,False,False,0.0,0.0,0.0,2026-05-12 19:50:00+00:00,2026-05-12 19:50:00+00:00
2026-05-12 19:50:00+00:00,URTH_ACWI,HOLD,0.11889507711528544,0,0.0,0.0,0.0,0.0002581351738846059,0.02964584493372599,0.3489744828766933,High_Vol,0.986538,0.52,0.812,Signal below confidence or profit threshold; no capital allocation recommended under conservative risk rules.,False,False,0.0,0.0,0.0,2026-05-12 19:50:00+00:00,2026-05-12 19:50:00+00:00
