timestamp,pair,action,confidence,recommended_shares,notional,estimated_profit,estimated_profit_bps,predicted_tracking_error,liquidity_score,persistence_score,regime,regime_confidence,applied_alert_tracking_error_pct,applied_confidence_threshold,reason,executed,hit,realized_net_profit,realized_net_profit_bps,realized_spread_capture,entry_timestamp,exit_timestamp
2026-02-09 00:00:00+00:00,BNK.PA_^FCHI,CREATE,0.7464924642157897,11714,746492.4642157897,5987.4060385075545,80.20718661637777,0.008520718661637776,0.19912898774561566,0.6888888888888889,Unknown,0.0,0.05,0.7,"Significant premium with persistence score 0.69, liquidity score 0.20, and confidence 0.75.",True,False,-1650.440118328967,-22.109266971138126,-0.14809573424807637,2026-02-10 00:00:00+00:00,2026-02-18 00:00:00+00:00
2026-02-10 00:00:00+00:00,BNK.PA_^FCHI,CREATE,0.7464424084048971,11843,746442.4084048971,6192.167320752543,82.9557277430798,0.00879557277430798,0.19887870869115193,0.6888888888888889,Unknown,0.0,0.05,0.7,"Significant premium with persistence score 0.69, liquidity score 0.20, and confidence 0.75.",True,False,387.433810188054,5.190404588827917,0.10110833187979423,2026-02-11 00:00:00+00:00,2026-02-19 00:00:00+00:00
2026-02-11 00:00:00+00:00,SPY_^GSPC,HOLD,0.45552165663634814,0,0.0,0.0,0.0,0.0003741313235095077,1.0,0.4360373848883742,Unknown,0.0,0.05,0.7,Signal below confidence or profit threshold; no capital allocation recommended under conservative risk rules.,False,False,0.0,0.0,0.0,2026-02-11 00:00:00+00:00,2026-02-11 00:00:00+00:00
2026-02-11 00:00:00+00:00,URTH_ACWI,CREATE,0.7051942774117903,3045,584229.669662622,312.9033811538422,5.355828322353708,0.0010355828322353708,1.0,0.5333333333333333,Unknown,0.0,0.05,0.7,"Significant premium with persistence score 0.53, liquidity score 1.00, and confidence 0.71.",True,False,-139.3960081171063,-2.3859796130792876,0.37234553125770214,2026-02-12 00:00:00+00:00,2026-02-23 00:00:00+00:00
2026-02-11 00:00:00+00:00,BNK.PA_^FCHI,CREATE,0.7518521383513387,12072,751852.1383513387,6199.325949662861,82.45405756584988,0.008745405756584987,0.22592735842336018,0.6888888888888889,Unknown,0.0,0.05,0.7,"Significant premium with persistence score 0.69, liquidity score 0.23, and confidence 0.75.",True,False,14646.75272121366,194.80895210767181,0.9686517968305864,2026-02-12 00:00:00+00:00,2026-02-20 00:00:00+00:00
2026-02-11 00:00:00+00:00,QQQ_^NDX,HOLD,0.4458614547316339,0,0.0,0.0,0.0,0.00034528442624992003,1.0,0.43588881993886863,Unknown,0.0,0.05,0.7,Signal below confidence or profit threshold; no capital allocation recommended under conservative risk rules.,False,False,0.0,0.0,0.0,2026-02-11 00:00:00+00:00,2026-02-11 00:00:00+00:00
2026-02-12 00:00:00+00:00,SPY_^GSPC,HOLD,0.4548257160854671,0,0.0,0.0,0.0,0.00040525894567757133,1.0,0.3991313361987001,Unknown,0.0,0.05,0.7,Signal below confidence or profit threshold; no capital allocation recommended under conservative risk rules.,False,False,0.0,0.0,0.0,2026-02-12 00:00:00+00:00,2026-02-12 00:00:00+00:00
2026-02-12 00:00:00+00:00,BNK.PA_^FCHI,CREATE,0.7282415391870066,11899,728241.5391870067,5814.141055546591,79.83808589163114,0.008483808589163115,0.2245410292683665,0.611111111111111,Unknown,0.0,0.05,0.7,"Significant premium with persistence score 0.61, liquidity score 0.22, and confidence 0.73.",True,False,14926.491725206633,204.96622235900264,0.8395558581721763,2026-02-13 00:00:00+00:00,2026-02-23 00:00:00+00:00
2026-02-12 00:00:00+00:00,QQQ_^NDX,HOLD,0.4504879967036989,0,0.0,0.0,0.0,0.0003822325714433877,1.0,0.41025713185300994,Unknown,0.0,0.05,0.7,Signal below confidence or profit threshold; no capital allocation recommended under conservative risk rules.,False,False,0.0,0.0,0.0,2026-02-12 00:00:00+00:00,2026-02-12 00:00:00+00:00
2026-02-12 00:00:00+00:00,ESE.PA_^GSPC,CREATE,0.7691082328431842,26351,769108.2328431841,5062.519449776486,65.82323831148871,0.007082323831148871,0.19554116421592074,0.7666666666666666,Unknown,0.0,0.05,0.7,"Significant premium with persistence score 0.77, liquidity score 0.20, and confidence 0.77.",True,False,-291.9812289203986,-3.796360725993315,0.05349640393677642,2026-02-13 00:00:00+00:00,2026-02-24 00:00:00+00:00
2026-02-12 00:00:00+00:00,URTH_ACWI,CREATE,0.7049271528494474,3357,634541.9155484776,396.70963043330005,6.251905834942315,0.0011251905834942315,1.0,0.4328787500601232,Unknown,0.0,0.05,0.7,"Significant premium with persistence score 0.43, liquidity score 1.00, and confidence 0.70.",True,False,-694.6576837564596,-10.947388450391333,-31.006520474641956,2026-02-13 00:00:00+00:00,2026-02-24 00:00:00+00:00
2026-02-12 00:00:00+00:00,BNKE.L_^STOXX50E,CREATE,0.7061116708071289,2488,706111.6708071289,5761.319660821588,81.5921885873384,0.00865921885873384,0.23055835403564454,0.5333333333333333,Unknown,0.0,0.05,0.7,"Significant premium with persistence score 0.53, liquidity score 0.23, and confidence 0.71.",True,False,10615.578842972256,150.33852691937523,0.641467417082904,2026-02-13 00:00:00+00:00,2026-02-23 00:00:00+00:00
2026-02-13 00:00:00+00:00,SPY_^GSPC,HOLD,0.47601589469216127,0,0.0,0.0,0.0,0.00040526471107054106,1.0,0.4697588588954918,Unknown,0.0,0.05,0.7,Signal below confidence or profit threshold; no capital allocation recommended under conservative risk rules.,False,False,0.0,0.0,0.0,2026-02-13 00:00:00+00:00,2026-02-13 00:00:00+00:00
2026-02-13 00:00:00+00:00,ESE.PA_^GSPC,CREATE,0.7470621785427564,25640,747062.1785427564,4742.837650780848,63.48651808384117,0.006848651808384116,0.20197755938044865,0.6888888888888889,Unknown,0.0,0.05,0.7,"Significant premium with persistence score 0.69, liquidity score 0.20, and confidence 0.75.",True,False,-447.5098180271283,-5.990262000681863,-0.17867782698371795,2026-02-17 00:00:00+00:00,2026-02-25 00:00:00+00:00
2026-02-13 00:00:00+00:00,URTH_ACWI,CREATE,0.7023124860195855,3117,590410.0896168745,325.21691988037776,5.5083225303858825,0.0010508322530385884,1.0,0.5067835611335204,Unknown,0.0,0.05,0.7,"Significant premium with persistence score 0.51, liquidity score 1.00, and confidence 0.70.",True,False,-577.5134073238469,-9.781563992217741,-5.073084829541219,2026-02-17 00:00:00+00:00,2026-02-25 00:00:00+00:00
2026-02-13 00:00:00+00:00,BNK.PA_^FCHI,CREATE,0.7073576025145569,11896,707357.602514557,5874.462713048754,83.04799004302582,0.008804799004302583,0.23678801257278442,0.5333333333333333,Unknown,0.0,0.05,0.7,"Significant premium with persistence score 0.53, liquidity score 0.24, and confidence 0.71.",True,False,-1281.2295211497258,-18.11289673844085,-0.09076827534665184,2026-02-16 00:00:00+00:00,2026-02-24 00:00:00+00:00
2026-02-13 00:00:00+00:00,BNKE.L_^STOXX50E,HOLD,0.6842754140425822,0,0.0,0.0,0.0,0.008781453791840654,0.23804373687957764,0.4555555555555555,Unknown,0.0,0.05,0.7,Signal below confidence or profit threshold; no capital allocation recommended under conservative risk rules.,False,False,0.0,0.0,0.0,2026-02-13 00:00:00+00:00,2026-02-13 00:00:00+00:00
2026-02-13 00:00:00+00:00,QQQ_^NDX,HOLD,0.45543219743327523,0,0.0,0.0,0.0,0.0003306029999954612,1.0,0.48410399144929384,Unknown,0.0,0.05,0.7,Signal below confidence or profit threshold; no capital allocation recommended under conservative risk rules.,False,False,0.0,0.0,0.0,2026-02-13 00:00:00+00:00,2026-02-13 00:00:00+00:00
2026-02-16 00:00:00+00:00,BNKE.L_^STOXX50E,HOLD,0.6826772918377482,0,0.0,0.0,0.0,0.00868033925671644,0.23005312585540771,0.4555555555555555,Unknown,0.0,0.05,0.7,Signal below confidence or profit threshold; no capital allocation recommended under conservative risk rules.,False,False,0.0,0.0,0.0,2026-02-16 00:00:00+00:00,2026-02-16 00:00:00+00:00
2026-02-16 00:00:00+00:00,BNK.PA_^FCHI,CREATE,0.7066985247772649,11710,706698.5247772649,5721.4062077940025,80.95964555178968,0.008595964555178968,0.23349262388632458,0.5333333333333333,Unknown,0.0,0.05,0.7,"Significant premium with persistence score 0.53, liquidity score 0.23, and confidence 0.71.",True,False,-12213.62915787651,-172.82658346748303,-3.1479524557668013,2026-02-17 00:00:00+00:00,2026-02-25 00:00:00+00:00
2026-02-17 00:00:00+00:00,QQQ_^NDX,HOLD,0.4740356757490179,0,0.0,0.0,0.0,0.00038484980533833057,1.0,0.485841357676359,Unknown,0.0,0.05,0.7,Signal below confidence or profit threshold; no capital allocation recommended under conservative risk rules.,False,False,0.0,0.0,0.0,2026-02-17 00:00:00+00:00,2026-02-17 00:00:00+00:00
2026-02-17 00:00:00+00:00,SPY_^GSPC,HOLD,0.48962010463503286,0,0.0,0.0,0.0,0.00036015541141467,1.0,0.5652276694338094,Unknown,0.0,0.05,0.7,Signal below confidence or profit threshold; no capital allocation recommended under conservative risk rules.,False,False,0.0,0.0,0.0,2026-02-17 00:00:00+00:00,2026-02-17 00:00:00+00:00
2026-02-17 00:00:00+00:00,BNK.PA_^FCHI,CREATE,0.7648300798440374,12538,764830.0798440374,6242.2425935292285,81.61607078531918,0.008661607078531919,0.4074837325535202,0.611111111111111,Unknown,0.0,0.05,0.7,"Significant premium with persistence score 0.61, liquidity score 0.41, and confidence 0.76.",True,True,5684.965492521937,74.32978438401905,0.5980938225509683,2026-02-18 00:00:00+00:00,2026-02-26 00:00:00+00:00
2026-02-17 00:00:00+00:00,BNKE.L_^STOXX50E,CREATE,0.7067606319290365,2494,706760.6319290365,5746.644819721938,81.30963384359728,0.008630963384359728,0.2338031596451823,0.5333333333333333,Unknown,0.0,0.05,0.7,"Significant premium with persistence score 0.53, liquidity score 0.23, and confidence 0.71.",True,True,2967.333760319625,41.984989348098914,0.6523705621091297,2026-02-18 00:00:00+00:00,2026-02-26 00:00:00+00:00
2026-02-17 00:00:00+00:00,URTH_ACWI,CREATE,0.7008747446221377,3189,604306.282380016,349.1509715028354,5.7777154016623795,0.001077771540166238,1.0,0.4720585485557498,Unknown,0.0,0.05,0.7,"Significant premium with persistence score 0.47, liquidity score 1.00, and confidence 0.70.",True,False,-557.8014751463216,-9.230443095005754,-0.6050986384495485,2026-02-18 00:00:00+00:00,2026-02-26 00:00:00+00:00
2026-02-17 00:00:00+00:00,ESE.PA_^GSPC,CREATE,0.7227417045785243,24794,722741.7045785242,3520.612896926805,48.711910141948906,0.00537119101419489,0.19704185622595471,0.611111111111111,Unknown,0.0,0.05,0.7,"Significant premium with persistence score 0.61, liquidity score 0.20, and confidence 0.72.",True,True,2533.1010807278126,35.04849747400452,0.6749844506347815,2026-02-18 00:00:00+00:00,2026-02-26 00:00:00+00:00
2026-02-18 00:00:00+00:00,BNKE.L_^STOXX50E,CREATE,0.7277576600012817,2516,727757.6600012818,5805.350297091744,79.77037709340662,0.00847703770934066,0.22212163333974203,0.611111111111111,Unknown,0.0,0.05,0.7,"Significant premium with persistence score 0.61, liquidity score 0.22, and confidence 0.73.",True,False,-4824.709322374345,-66.29554847098206,-3.069994025500491,2026-02-19 00:00:00+00:00,2026-02-27 00:00:00+00:00
2026-02-18 00:00:00+00:00,EUFN_^STOXX,CREATE,0.8600000000000001,22860,860000.0000000001,6800.1586817027655,79.07161257793912,0.008407161257793913,1.0,0.5333333333333333,Unknown,0.0,0.05,0.7,"Significant premium with persistence score 0.53, liquidity score 1.00, and confidence 0.86.",True,False,-10283.583912209888,-119.57655711871962,-2.5513942918866928,2026-02-19 00:00:00+00:00,2026-02-27 00:00:00+00:00
2026-02-18 00:00:00+00:00,QQQ_^NDX,HOLD,0.4522069254785672,0,0.0,0.0,0.0,0.00037940764432937204,1.0,0.4191257023403662,Unknown,0.0,0.05,0.7,Signal below confidence or profit threshold; no capital allocation recommended under conservative risk rules.,False,False,0.0,0.0,0.0,2026-02-18 00:00:00+00:00,2026-02-18 00:00:00+00:00
2026-02-18 00:00:00+00:00,FEZ_^STOXX50E,CREATE,0.8833333333333333,12958,883333.3333333333,4548.733036809308,51.49509098274689,0.005649509098274689,1.0,0.611111111111111,Unknown,0.0,0.05,0.7,"Significant premium with persistence score 0.61, liquidity score 1.00, and confidence 0.88.",True,False,-4905.872517593215,-55.538179444451494,-553.9073951804169,2026-02-19 00:00:00+00:00,2026-02-27 00:00:00+00:00
2026-02-18 00:00:00+00:00,ESE.PA_^GSPC,CREATE,0.7212091885824128,24460,721209.1885824128,3463.42169339466,48.02242883513808,0.0053022428835138085,0.1893792762453969,0.611111111111111,Unknown,0.0,0.05,0.7,"Significant premium with persistence score 0.61, liquidity score 0.19, and confidence 0.72.",True,True,50.561869118416745,0.7010707838844876,0.2617866977420893,2026-02-19 00:00:00+00:00,2026-02-27 00:00:00+00:00
2026-02-18 00:00:00+00:00,SPY_^GSPC,HOLD,0.4657140682160114,0,0.0,0.0,0.0,0.00034944206080357387,1.0,0.4974446042716225,Unknown,0.0,0.05,0.7,Signal below confidence or profit threshold; no capital allocation recommended under conservative risk rules.,False,False,0.0,0.0,0.0,2026-02-18 00:00:00+00:00,2026-02-18 00:00:00+00:00
2026-02-18 00:00:00+00:00,BNK.PA_^FCHI,CREATE,0.7890815403640543,12665,789081.5403640543,6353.882749401132,80.52251160849202,0.0085522511608492,0.41207436848693846,0.6888888888888889,Unknown,0.0,0.05,0.7,"Significant premium with persistence score 0.69, liquidity score 0.41, and confidence 0.79.",True,False,-3932.6301284688366,-49.83807030455256,-0.4949200827337926,2026-02-19 00:00:00+00:00,2026-02-27 00:00:00+00:00
2026-02-18 00:00:00+00:00,URTH_ACWI,HOLD,0.697214740337659,0,0.0,0.0,0.0,0.0010863385806526079,1.0,0.4503396004004102,Unknown,0.0,0.05,0.7,Signal below confidence or profit threshold; no capital allocation recommended under conservative risk rules.,False,False,0.0,0.0,0.0,2026-02-18 00:00:00+00:00,2026-02-18 00:00:00+00:00
2026-02-19 00:00:00+00:00,EUFN_^STOXX,CREATE,0.8600000000000001,23087,860000.0000000001,6944.778053267545,80.75323317752958,0.008575323317752959,1.0,0.5333333333333333,Unknown,0.0,0.05,0.7,"Significant premium with persistence score 0.53, liquidity score 1.00, and confidence 0.86.",True,False,-1549.653442358202,-18.01922607393258,-0.13529314429086295,2026-02-20 00:00:00+00:00,2026-03-02 00:00:00+00:00
2026-02-19 00:00:00+00:00,ESE.PA_^GSPC,CREATE,0.7185068161827253,24384,718506.8161827252,3435.5823823694573,47.815585113332396,0.00528155851133324,0.17586741424695967,0.611111111111111,Unknown,0.0,0.05,0.7,"Significant premium with persistence score 0.61, liquidity score 0.18, and confidence 0.72.",True,False,-2333.7390794126786,-32.48040278603536,-0.5438635767288728,2026-02-20 00:00:00+00:00,2026-03-02 00:00:00+00:00
2026-02-19 00:00:00+00:00,BNK.PA_^FCHI,CREATE,0.7592603812727102,12343,759260.3812727103,6297.487877096475,82.94240068921165,0.008794240068921166,0.3796352396968842,0.611111111111111,Unknown,0.0,0.05,0.7,"Significant premium with persistence score 0.61, liquidity score 0.38, and confidence 0.76.",True,False,-7742.387019102581,-101.9727515101526,-14.996496549699827,2026-02-20 00:00:00+00:00,2026-03-02 00:00:00+00:00
2026-02-19 00:00:00+00:00,URTH_ACWI,HOLD,0.6985214102304766,0,0.0,0.0,0.0,0.001099403811869208,1.0,0.44017824313580234,Unknown,0.0,0.05,0.7,Signal below confidence or profit threshold; no capital allocation recommended under conservative risk rules.,False,False,0.0,0.0,0.0,2026-02-19 00:00:00+00:00,2026-02-19 00:00:00+00:00
2026-02-19 00:00:00+00:00,SPY_^GSPC,HOLD,0.49019573735462324,0,0.0,0.0,0.0,0.00035449218648457825,1.0,0.5734389173103237,Unknown,0.0,0.05,0.7,Signal below confidence or profit threshold; no capital allocation recommended under conservative risk rules.,False,False,0.0,0.0,0.0,2026-02-19 00:00:00+00:00,2026-02-19 00:00:00+00:00
2026-02-19 00:00:00+00:00,BNKE.L_^STOXX50E,CREATE,0.7265883515012818,2536,726588.3515012817,5938.759920221632,81.73486277272305,0.008673486277272303,0.216275090839742,0.611111111111111,Unknown,0.0,0.05,0.7,"Significant premium with persistence score 0.61, liquidity score 0.22, and confidence 0.73.",True,False,-8161.591897682688,-112.32759073028286,-3.3772921862201692,2026-02-20 00:00:00+00:00,2026-03-02 00:00:00+00:00
2026-02-19 00:00:00+00:00,QQQ_^NDX,HOLD,0.47543761275017427,0,0.0,0.0,0.0,0.00039066354908635475,1.0,0.48405476573796447,Unknown,0.0,0.05,0.7,Signal below confidence or profit threshold; no capital allocation recommended under conservative risk rules.,False,False,0.0,0.0,0.0,2026-02-19 00:00:00+00:00,2026-02-19 00:00:00+00:00
2026-02-19 00:00:00+00:00,FEZ_^STOXX50E,CREATE,0.8833333333333333,13052,883333.3333333333,4063.334009222653,46.00000765157721,0.0051000007651577205,1.0,0.611111111111111,Unknown,0.0,0.05,0.7,"Significant premium with persistence score 0.61, liquidity score 1.00, and confidence 0.88.",True,False,-2876.0091822017075,-32.55859451549103,-1.581535006673003,2026-02-20 00:00:00+00:00,2026-03-02 00:00:00+00:00
2026-02-20 00:00:00+00:00,QQQ_^NDX,HOLD,0.4874829044217507,0,0.0,0.0,0.0,0.000361766543660913,1.0,0.556313521782599,Unknown,0.0,0.05,0.7,Signal below confidence or profit threshold; no capital allocation recommended under conservative risk rules.,False,False,0.0,0.0,0.0,2026-02-20 00:00:00+00:00,2026-02-20 00:00:00+00:00
2026-02-20 00:00:00+00:00,EUFN_^STOXX,CREATE,0.8600000000000001,22679,860000.0000000001,6815.067254887995,79.24496808009295,0.008424496808009295,1.0,0.5333333333333333,Unknown,0.0,0.05,0.7,"Significant premium with persistence score 0.53, liquidity score 1.00, and confidence 0.86.",True,False,-4286.903892763775,-49.8477196832997,-3.5424962938561535,2026-02-23 00:00:00+00:00,2026-03-03 00:00:00+00:00
2026-02-20 00:00:00+00:00,FEZ_^STOXX50E,CREATE,0.8833333333333333,12877,883333.3333333333,3812.132465333601,43.15621658868228,0.004815621658868228,1.0,0.611111111111111,Unknown,0.0,0.05,0.7,"Significant premium with persistence score 0.61, liquidity score 1.00, and confidence 0.88.",True,False,-2800.952896789316,-31.70890071836962,-12.355359559076557,2026-02-23 00:00:00+00:00,2026-03-03 00:00:00+00:00
2026-02-20 00:00:00+00:00,ESE.PA_^GSPC,CREATE,0.7186373646760928,24343,718637.3646760929,3190.894036523458,44.402005703692716,0.004940200570369272,0.17652015671379725,0.611111111111111,Unknown,0.0,0.05,0.7,"Significant premium with persistence score 0.61, liquidity score 0.18, and confidence 0.72.",True,False,-3640.314726542235,-50.655795335426404,-2.7010745708231507,2026-02-23 00:00:00+00:00,2026-03-03 00:00:00+00:00
2026-02-20 00:00:00+00:00,URTH_ACWI,HOLD,0.6852551385461245,0,0.0,0.0,0.0,0.0010354698458327693,1.0,0.4669950775617824,Unknown,0.0,0.05,0.7,Signal below confidence or profit threshold; no capital allocation recommended under conservative risk rules.,False,False,0.0,0.0,0.0,2026-02-20 00:00:00+00:00,2026-02-20 00:00:00+00:00
2026-02-20 00:00:00+00:00,BNKE.L_^STOXX50E,CREATE,0.7236001436140137,2488,723600.1436140137,5588.399351618552,77.2304898076353,0.00822304898076353,0.2013340514034017,0.611111111111111,Unknown,0.0,0.05,0.7,"Significant premium with persistence score 0.61, liquidity score 0.20, and confidence 0.72.",True,False,-2842.882353047178,-39.28802914339446,-0.39492016713812184,2026-02-23 00:00:00+00:00,2026-03-03 00:00:00+00:00
2026-02-20 00:00:00+00:00,SPY_^GSPC,HOLD,0.50953304228249,0,0.0,0.0,0.0,0.0003490724521912291,1.0,0.6439185273958229,Unknown,0.0,0.05,0.7,Signal below confidence or profit threshold; no capital allocation recommended under conservative risk rules.,False,False,0.0,0.0,0.0,2026-02-20 00:00:00+00:00,2026-02-20 00:00:00+00:00
2026-02-20 00:00:00+00:00,BNK.PA_^FCHI,CREATE,0.7312373047567216,11732,731237.3047567216,5844.824550987954,79.93061230557012,0.008493061230557012,0.3561865237836075,0.5333333333333333,Unknown,0.0,0.05,0.7,"Significant premium with persistence score 0.53, liquidity score 0.36, and confidence 0.73.",True,False,-2643.199642505213,-36.146947445256366,-0.7762324373032863,2026-02-23 00:00:00+00:00,2026-03-03 00:00:00+00:00
2026-02-23 00:00:00+00:00,BNKE.L_^STOXX50E,CREATE,0.7458985649486491,2550,745898.5649486491,5833.095691087211,78.2022645597768,0.00832022645597768,0.1961594914099121,0.6888888888888889,Unknown,0.0,0.05,0.7,"Significant premium with persistence score 0.69, liquidity score 0.20, and confidence 0.75.",True,False,9753.071094687553,130.75599757131852,0.6532919712067692,2026-02-24 00:00:00+00:00,2026-03-04 00:00:00+00:00
2026-02-23 00:00:00+00:00,FEZ_^STOXX50E,CREATE,0.8833333333333333,12911,883333.3333333333,3741.0781229895742,42.351827807429146,0.004735182780742915,1.0,0.611111111111111,Unknown,0.0,0.05,0.7,"Significant premium with persistence score 0.61, liquidity score 1.00, and confidence 0.88.",True,False,-3755.331847377189,-42.51319072502479,-2.857072365184777,2026-02-24 00:00:00+00:00,2026-03-04 00:00:00+00:00
2026-02-23 00:00:00+00:00,BNK.PA_^FCHI,CREATE,0.7468768890012996,11960,746876.8890012995,6122.319404891192,81.97227006284484,0.008697227006284485,0.31771777833983106,0.611111111111111,Unknown,0.0,0.05,0.7,"Significant premium with persistence score 0.61, liquidity score 0.32, and confidence 0.75.",True,False,-893.6138919610469,-11.964674568468165,-0.04419811755423827,2026-02-24 00:00:00+00:00,2026-03-04 00:00:00+00:00
2026-02-23 00:00:00+00:00,URTH_ACWI,HOLD,0.6988435892971085,0,0.0,0.0,0.0,0.0010835790920740369,1.0,0.45883519535254313,Unknown,0.0,0.05,0.7,Signal below confidence or profit threshold; no capital allocation recommended under conservative risk rules.,False,False,0.0,0.0,0.0,2026-02-23 00:00:00+00:00,2026-02-23 00:00:00+00:00
2026-02-23 00:00:00+00:00,ESE.PA_^GSPC,CREATE,0.7418475017331594,25349,741847.5017331594,3203.837332571116,43.18727669886429,0.0048187276698864285,0.17590417533246358,0.6888888888888889,Unknown,0.0,0.05,0.7,"Significant premium with persistence score 0.69, liquidity score 0.18, and confidence 0.74.",True,False,-248.3490804555936,-3.347710680097755,0.07758755508476801,2026-02-24 00:00:00+00:00,2026-03-04 00:00:00+00:00
2026-02-23 00:00:00+00:00,SPY_^GSPC,HOLD,0.5134981466089767,0,0.0,0.0,0.0,0.00035966000066208186,1.0,0.6453715990720539,Unknown,0.0,0.05,0.7,Signal below confidence or profit threshold; no capital allocation recommended under conservative risk rules.,False,False,0.0,0.0,0.0,2026-02-23 00:00:00+00:00,2026-02-23 00:00:00+00:00
2026-02-23 00:00:00+00:00,EUFN_^STOXX,CREATE,0.8366666666666667,22192,836666.6666666666,6899.830972342965,82.46809927103145,0.008746809927103145,1.0,0.4555555555555555,Unknown,0.0,0.05,0.7,"Significant premium with persistence score 0.46, liquidity score 1.00, and confidence 0.84.",True,False,5479.100256020968,65.48725405602751,0.7897383815483644,2026-02-24 00:00:00+00:00,2026-03-04 00:00:00+00:00
2026-02-23 00:00:00+00:00,QQQ_^NDX,HOLD,0.4767846592646197,0,0.0,0.0,0.0,0.00032959812904994717,1.0,0.5563953874932355,Unknown,0.0,0.05,0.7,Signal below confidence or profit threshold; no capital allocation recommended under conservative risk rules.,False,False,0.0,0.0,0.0,2026-02-23 00:00:00+00:00,2026-02-23 00:00:00+00:00
2026-02-24 00:00:00+00:00,BNK.PA_^FCHI,CREATE,0.7564082032373682,12275,756408.2032373683,5940.710720992784,78.53842271364859,0.00835384227136486,0.3653743495201746,0.611111111111111,Unknown,0.0,0.05,0.7,"Significant premium with persistence score 0.61, liquidity score 0.37, and confidence 0.76.",True,True,15514.39301391408,205.1060914928432,0.9501064907259941,2026-02-25 00:00:00+00:00,2026-03-05 00:00:00+00:00
2026-02-24 00:00:00+00:00,ESE.PA_^GSPC,CREATE,0.7170423501370367,24367,717042.3501370366,2985.7614063817077,41.639959003970795,0.00466399590039708,0.16854508401851653,0.611111111111111,Unknown,0.0,0.05,0.7,"Significant premium with persistence score 0.61, liquidity score 0.17, and confidence 0.72.",True,False,-2228.4100892238966,-31.0778029888753,-3.992054246950862,2026-02-25 00:00:00+00:00,2026-03-05 00:00:00+00:00
2026-02-24 00:00:00+00:00,SPY_^GSPC,HOLD,0.4845488645598813,0,0.0,0.0,0.0,0.0003513138961382965,1.0,0.5581474417126082,Unknown,0.0,0.05,0.7,Signal below confidence or profit threshold; no capital allocation recommended under conservative risk rules.,False,False,0.0,0.0,0.0,2026-02-24 00:00:00+00:00,2026-02-24 00:00:00+00:00
2026-02-24 00:00:00+00:00,BNKE.L_^STOXX50E,CREATE,0.7452314041092123,2600,745231.4041092123,5981.771926049863,80.26730882604143,0.008526730882604144,0.19282368721272786,0.6888888888888889,Unknown,0.0,0.05,0.7,"Significant premium with persistence score 0.69, liquidity score 0.19, and confidence 0.75.",True,False,-266.52892776606967,-3.5764586180403413,0.01340588557940838,2026-02-25 00:00:00+00:00,2026-03-05 00:00:00+00:00
2026-02-24 00:00:00+00:00,EUFN_^STOXX,CREATE,0.8366666666666667,22340,836666.6666666666,6801.857832281232,81.29710556511432,0.008629710556511433,1.0,0.4555555555555555,Unknown,0.0,0.05,0.7,"Significant premium with persistence score 0.46, liquidity score 1.00, and confidence 0.84.",True,True,3617.5485510218227,43.23763208392617,0.35967797607753427,2026-02-25 00:00:00+00:00,2026-03-05 00:00:00+00:00
2026-02-24 00:00:00+00:00,URTH_ACWI,HOLD,0.684843497807222,0,0.0,0.0,0.0,0.0010403383266957,1.0,0.46021351858440673,Unknown,0.0,0.05,0.7,Signal below confidence or profit threshold; no capital allocation recommended under conservative risk rules.,False,False,0.0,0.0,0.0,2026-02-24 00:00:00+00:00,2026-02-24 00:00:00+00:00
2026-02-24 00:00:00+00:00,FEZ_^STOXX50E,CREATE,0.9066666666666667,13229,906666.6666666667,3986.2359052744755,43.965837190527296,0.00489658371905273,1.0,0.6888888888888889,Unknown,0.0,0.05,0.7,"Significant premium with persistence score 0.69, liquidity score 1.00, and confidence 0.91.",True,False,-5926.683999940854,-65.36783823464177,-6.526430854226649,2026-02-25 00:00:00+00:00,2026-03-05 00:00:00+00:00
2026-02-24 00:00:00+00:00,QQQ_^NDX,HOLD,0.4413695384809556,0,0.0,0.0,0.0,0.0003177196164164692,1.0,0.451543332251553,Unknown,0.0,0.05,0.7,Signal below confidence or profit threshold; no capital allocation recommended under conservative risk rules.,False,False,0.0,0.0,0.0,2026-02-24 00:00:00+00:00,2026-02-24 00:00:00+00:00
2026-02-25 00:00:00+00:00,BNK.PA_^FCHI,CREATE,0.7805755317972056,12336,780575.5317972057,6045.486507427613,77.44909058971422,0.008244909058971421,0.3695443256526947,0.6888888888888889,Unknown,0.0,0.05,0.7,"Significant premium with persistence score 0.69, liquidity score 0.37, and confidence 0.78.",True,False,-826.6295965859796,-10.590001388882104,-0.10486251684934257,2026-02-26 00:00:00+00:00,2026-03-09 00:00:00+00:00
2026-02-25 00:00:00+00:00,FEZ_^STOXX50E,CREATE,0.9066666666666667,13095,906666.6666666667,3556.427683621392,39.22530533405946,0.004422530533405947,1.0,0.6888888888888889,Unknown,0.0,0.05,0.7,"Significant premium with persistence score 0.69, liquidity score 1.00, and confidence 0.91.",True,False,-878.1195011475011,-9.685141556773909,-0.6781369908799151,2026-02-26 00:00:00+00:00,2026-03-06 00:00:00+00:00
2026-02-25 00:00:00+00:00,BNKE.L_^STOXX50E,CREATE,0.7657558567758789,2620,765755.8567758789,5878.498961975166,76.76727392887159,0.008176727392887159,0.17877928387939454,0.7666666666666666,Unknown,0.0,0.05,0.7,"Significant premium with persistence score 0.77, liquidity score 0.18, and confidence 0.77.",True,False,-4021.0649892082442,-52.51105758614038,-1.8976380259525742,2026-02-26 00:00:00+00:00,2026-03-09 00:00:00+00:00
2026-02-25 00:00:00+00:00,EUFN_^STOXX,CREATE,0.8600000000000001,22507,860000.0000000001,6899.905438252144,80.23145858432724,0.008523145858432725,1.0,0.5333333333333333,Unknown,0.0,0.05,0.7,"Significant premium with persistence score 0.53, liquidity score 1.00, and confidence 0.86.",True,False,-1071.110901254496,-12.454777921563904,-0.3255739007130563,2026-02-26 00:00:00+00:00,2026-03-06 00:00:00+00:00
2026-02-25 00:00:00+00:00,ESE.PA_^GSPC,CREATE,0.7160145020835342,24151,716014.5020835343,2950.670926874555,41.20965313256062,0.004620965313256062,0.16340584375100453,0.611111111111111,Unknown,0.0,0.05,0.7,"Significant premium with persistence score 0.61, liquidity score 0.16, and confidence 0.72.",True,False,-401.2948986001103,-5.6045638381957374,-0.03135057919423177,2026-02-26 00:00:00+00:00,2026-03-06 00:00:00+00:00
2026-02-25 00:00:00+00:00,SPY_^GSPC,HOLD,0.5188810583938068,0,0.0,0.0,0.0,0.00038071376133845633,1.0,0.6399215709366272,Unknown,0.0,0.05,0.7,Signal below confidence or profit threshold; no capital allocation recommended under conservative risk rules.,False,False,0.0,0.0,0.0,2026-02-25 00:00:00+00:00,2026-02-25 00:00:00+00:00
2026-02-25 00:00:00+00:00,URTH_ACWI,HOLD,0.6809647157833689,0,0.0,0.0,0.0,0.00105698055599349,1.0,0.42879287928512966,Unknown,0.0,0.05,0.7,Signal below confidence or profit threshold; no capital allocation recommended under conservative risk rules.,False,False,0.0,0.0,0.0,2026-02-25 00:00:00+00:00,2026-02-25 00:00:00+00:00
2026-02-25 00:00:00+00:00,QQQ_^NDX,HOLD,0.4835281406244096,0,0.0,0.0,0.0,0.0003696197537520182,1.0,0.5344051868013451,Unknown,0.0,0.05,0.7,Signal below confidence or profit threshold; no capital allocation recommended under conservative risk rules.,False,False,0.0,0.0,0.0,2026-02-25 00:00:00+00:00,2026-02-25 00:00:00+00:00
2026-02-26 00:00:00+00:00,QQQ_^NDX,HOLD,0.4513004687571665,0,0.0,0.0,0.0,0.00033130105704492254,1.0,0.46955594358508557,Unknown,0.0,0.05,0.7,Signal below confidence or profit threshold; no capital allocation recommended under conservative risk rules.,False,False,0.0,0.0,0.0,2026-02-26 00:00:00+00:00,2026-02-26 00:00:00+00:00
2026-02-26 00:00:00+00:00,BNK.PA_^FCHI,CREATE,0.7807074682959951,12315,780707.4682959951,6204.703685443959,79.47539811533512,0.008447539811533513,0.37020400814664206,0.6888888888888889,Unknown,0.0,0.05,0.7,"Significant premium with persistence score 0.69, liquidity score 0.37, and confidence 0.78.",True,False,-4487.887050912903,-57.48487408104796,-0.38752912399404266,2026-02-27 00:00:00+00:00,2026-03-10 00:00:00+00:00
2026-02-26 00:00:00+00:00,ESE.PA_^GSPC,CREATE,0.715617012436671,24221,715617.012436671,3020.7693802789827,42.21209568499893,0.0047212095684998935,0.16141839551668802,0.611111111111111,Unknown,0.0,0.05,0.7,"Significant premium with persistence score 0.61, liquidity score 0.16, and confidence 0.72.",True,False,-8154.05599022368,-113.94441228359253,-6.776637196605638,2026-02-27 00:00:00+00:00,2026-03-09 00:00:00+00:00
2026-02-26 00:00:00+00:00,SPY_^GSPC,HOLD,0.48980015893312373,0,0.0,0.0,0.0,0.00036416832528164786,1.0,0.5613690572419149,Unknown,0.0,0.05,0.7,Signal below confidence or profit threshold; no capital allocation recommended under conservative risk rules.,False,False,0.0,0.0,0.0,2026-02-26 00:00:00+00:00,2026-02-26 00:00:00+00:00
2026-02-26 00:00:00+00:00,EUFN_^STOXX,CREATE,0.8833333333333333,23075,883333.3333333333,7222.666809794907,81.76603935616876,0.008676603935616877,1.0,0.611111111111111,Unknown,0.0,0.05,0.7,"Significant premium with persistence score 0.61, liquidity score 1.00, and confidence 0.88.",True,False,-20.333343549028804,-0.2301887948946657,0.029907775267469155,2026-02-27 00:00:00+00:00,2026-03-09 00:00:00+00:00
2026-02-26 00:00:00+00:00,FEZ_^STOXX50E,CREATE,0.9066666666666667,13129,906666.6666666667,3572.5061604477214,39.40264147552634,0.0044402641475526335,1.0,0.6888888888888889,Unknown,0.0,0.05,0.7,"Significant premium with persistence score 0.69, liquidity score 1.00, and confidence 0.91.",True,False,-11280.724600986057,-124.41975662852266,-2.3587028915131927,2026-02-27 00:00:00+00:00,2026-03-09 00:00:00+00:00
2026-02-26 00:00:00+00:00,URTH_ACWI,CREATE,0.724184201940836,3336,639619.7341060631,386.352672742566,6.0403494786247505,0.001104034947862475,1.0,0.5205751755111481,Unknown,0.0,0.05,0.7,"Significant premium with persistence score 0.52, liquidity score 1.00, and confidence 0.72.",True,False,-1083.0390002741512,-16.932545112727233,-2.252760261575922,2026-02-27 00:00:00+00:00,2026-03-09 00:00:00+00:00
2026-02-26 00:00:00+00:00,BNKE.L_^STOXX50E,CREATE,0.7854016669191894,2685,785401.6669191894,6363.087120087453,81.0169800765416,0.00860169800765416,0.16034166792928062,0.8444444444444443,Unknown,0.0,0.05,0.7,"Significant premium with persistence score 0.84, liquidity score 0.16, and confidence 0.79.",True,False,-5407.646196673646,-68.85198267894742,-0.7857587217677346,2026-02-27 00:00:00+00:00,2026-03-10 00:00:00+00:00
2026-02-27 00:00:00+00:00,EUFN_^STOXX,CREATE,0.8833333333333333,23424,883333.3333333333,7193.82837471269,81.43956650618141,0.00864395665061814,1.0,0.611111111111111,Unknown,0.0,0.05,0.7,"Significant premium with persistence score 0.61, liquidity score 1.00, and confidence 0.88.",True,False,-6417.2347160254385,-72.64794018142007,-0.619208891151308,2026-03-02 00:00:00+00:00,2026-03-10 00:00:00+00:00
2026-02-27 00:00:00+00:00,BNKE.L_^STOXX50E,CREATE,0.7594258174912313,2628,759425.8174912313,6201.218247270757,81.6566688206167,0.008665666882061671,0.1471290874561564,0.7666666666666666,Unknown,0.0,0.05,0.7,"Significant premium with persistence score 0.77, liquidity score 0.15, and confidence 0.76.",True,False,7006.928595758889,92.26613626208191,0.6992192598790119,2026-03-02 00:00:00+00:00,2026-03-11 00:00:00+00:00
2026-02-27 00:00:00+00:00,ESE.PA_^GSPC,CREATE,0.7145630320167097,24330,714563.0320167097,2490.088593049428,34.847710859343735,0.003984771085934373,0.15614849341688156,0.611111111111111,Unknown,0.0,0.05,0.7,"Significant premium with persistence score 0.61, liquidity score 0.16, and confidence 0.71.",True,False,-3580.8671382278717,-50.11268394506218,-0.5783045710603789,2026-03-02 00:00:00+00:00,2026-03-10 00:00:00+00:00
2026-02-27 00:00:00+00:00,QQQ_^NDX,HOLD,0.4321443382473499,0,0.0,0.0,0.0,0.00034598474336410326,1.0,0.3893869681977182,Unknown,0.0,0.05,0.7,Signal below confidence or profit threshold; no capital allocation recommended under conservative risk rules.,False,False,0.0,0.0,0.0,2026-02-27 00:00:00+00:00,2026-02-27 00:00:00+00:00
2026-02-27 00:00:00+00:00,FEZ_^STOXX50E,CREATE,0.8833333333333333,12905,883333.3333333333,2980.8006609779623,33.744913143146746,0.0038744913143146744,1.0,0.611111111111111,Unknown,0.0,0.05,0.7,"Significant premium with persistence score 0.61, liquidity score 1.00, and confidence 0.88.",True,False,-19387.680711104633,-219.4831778615619,-4.76800784739321,2026-03-02 00:00:00+00:00,2026-03-10 00:00:00+00:00
2026-02-27 00:00:00+00:00,BNK.PA_^FCHI,CREATE,0.7516977857907867,12077,751697.7857907867,6176.733530368432,82.17043667184016,0.008717043667184017,0.3418222622872671,0.611111111111111,Unknown,0.0,0.05,0.7,"Significant premium with persistence score 0.61, liquidity score 0.34, and confidence 0.75.",True,False,3268.901253630506,43.48690810884349,0.46874830236731485,2026-03-02 00:00:00+00:00,2026-03-11 00:00:00+00:00
2026-02-27 00:00:00+00:00,URTH_ACWI,HOLD,0.6956609546509871,0,0.0,0.0,0.0,0.0010731500728031794,1.0,0.4598142123886463,Unknown,0.0,0.05,0.7,Signal below confidence or profit threshold; no capital allocation recommended under conservative risk rules.,False,False,0.0,0.0,0.0,2026-02-27 00:00:00+00:00,2026-02-27 00:00:00+00:00
2026-02-27 00:00:00+00:00,SPY_^GSPC,HOLD,0.47026264504871923,0,0.0,0.0,0.0,0.00036783996057763405,1.0,0.4921644161872484,Unknown,0.0,0.05,0.7,Signal below confidence or profit threshold; no capital allocation recommended under conservative risk rules.,False,False,0.0,0.0,0.0,2026-02-27 00:00:00+00:00,2026-02-27 00:00:00+00:00
2026-03-02 00:00:00+00:00,QQQ_^NDX,HOLD,0.41721923649525705,0,0.0,0.0,0.0,0.0003076813267760117,1.0,0.3821959807886216,Unknown,0.0,0.05,0.7,Signal below confidence or profit threshold; no capital allocation recommended under conservative risk rules.,False,False,0.0,0.0,0.0,2026-03-02 00:00:00+00:00,2026-03-02 00:00:00+00:00
2026-03-02 00:00:00+00:00,BNKE.L_^STOXX50E,CREATE,0.7341860527018026,2642,734186.0527018026,5921.079773394337,80.64821923005456,0.008564821923005457,0.13759693017567953,0.6888888888888889,Unknown,0.0,0.05,0.7,"Significant premium with persistence score 0.69, liquidity score 0.14, and confidence 0.73.",True,False,-5608.197231161672,-76.38659452224027,-0.5894325305442522,2026-03-03 00:00:00+00:00,2026-03-12 00:00:00+00:00
2026-03-02 00:00:00+00:00,FEZ_^STOXX50E,CREATE,0.8833333333333333,13293,883333.3333333333,2771.145730807206,31.371461103477802,0.0036371461103477803,1.0,0.611111111111111,Unknown,0.0,0.05,0.7,"Significant premium with persistence score 0.61, liquidity score 1.00, and confidence 0.88.",True,False,-5013.405726071177,-56.75553652156051,-1.7926710497879266,2026-03-03 00:00:00+00:00,2026-03-11 00:00:00+00:00
2026-03-02 00:00:00+00:00,URTH_ACWI,CREATE,0.7404760847058813,3349,636942.1876967355,366.38449913990297,5.7522410387792995,0.00107522410387793,1.0,0.6068935002663487,Unknown,0.0,0.05,0.7,"Significant premium with persistence score 0.61, liquidity score 1.00, and confidence 0.74.",True,True,1536.1002783726167,24.116792827420525,0.7339530400399228,2026-03-03 00:00:00+00:00,2026-03-11 00:00:00+00:00
2026-03-02 00:00:00+00:00,SPY_^GSPC,HOLD,0.4608833065396883,0,0.0,0.0,0.0,0.0003520595554246864,1.0,0.47843373799375377,Unknown,0.0,0.05,0.7,Signal below confidence or profit threshold; no capital allocation recommended under conservative risk rules.,False,False,0.0,0.0,0.0,2026-03-02 00:00:00+00:00,2026-03-02 00:00:00+00:00
2026-03-02 00:00:00+00:00,BNK.PA_^FCHI,CREATE,0.7309473606720327,12133,730947.3606720327,6037.279206872177,82.59526652263311,0.008759526652263311,0.35473680336016333,0.5333333333333333,Unknown,0.0,0.05,0.7,"Significant premium with persistence score 0.53, liquidity score 0.35, and confidence 0.73.",True,False,-11538.463288090632,-157.85628225652493,-2.144666621918195,2026-03-03 00:00:00+00:00,2026-03-12 00:00:00+00:00
2026-03-02 00:00:00+00:00,ESE.PA_^GSPC,CREATE,0.739057323749808,24960,739057.323749808,2465.734359787613,33.363235577952736,0.003836323557795274,0.16195328541570664,0.6888888888888889,Unknown,0.0,0.05,0.7,"Significant premium with persistence score 0.69, liquidity score 0.16, and confidence 0.74.",True,True,3920.662571315454,53.04950570576728,0.9279217449240403,2026-03-03 00:00:00+00:00,2026-03-11 00:00:00+00:00
2026-03-02 00:00:00+00:00,EUFN_^STOXX,CREATE,0.8600000000000001,23439,860000.0000000001,7124.557617298669,82.84369322440313,0.008784369322440313,1.0,0.5333333333333333,Unknown,0.0,0.05,0.7,"Significant premium with persistence score 0.53, liquidity score 1.00, and confidence 0.86.",True,False,168.29637412683437,1.9569345828701668,0.12097409354805058,2026-03-03 00:00:00+00:00,2026-03-11 00:00:00+00:00
2026-03-03 00:00:00+00:00,SPY_^GSPC,HOLD,0.5090523022133775,0,0.0,0.0,0.0,0.00042352511223467263,1.0,0.5595908826727332,Unknown,0.0,0.05,0.7,Signal below confidence or profit threshold; no capital allocation recommended under conservative risk rules.,False,False,0.0,0.0,0.0,2026-03-03 00:00:00+00:00,2026-03-03 00:00:00+00:00
2026-03-03 00:00:00+00:00,BNK.PA_^FCHI,CREATE,0.7096158545197983,12292,709615.8545197983,5804.582492465561,81.79894030684474,0.008679894030684475,0.364745939265658,0.4555555555555555,Unknown,0.0,0.05,0.7,"Significant premium with persistence score 0.46, liquidity score 0.36, and confidence 0.71.",True,True,8597.211102903953,121.15303016618395,0.7666863390234614,2026-03-04 00:00:00+00:00,2026-03-13 00:00:00+00:00
2026-03-03 00:00:00+00:00,URTH_ACWI,CREATE,0.7858999089909144,4055,759304.8844129851,537.3598593881401,7.0769972697274355,0.0012076997269727435,1.0,0.611111111111111,Unknown,0.0,0.05,0.7,"Significant premium with persistence score 0.61, liquidity score 1.00, and confidence 0.79.",True,False,-1445.9197405413624,-19.04267666682002,-2.3916149224030767,2026-03-04 00:00:00+00:00,2026-03-12 00:00:00+00:00
2026-03-03 00:00:00+00:00,BNKE.L_^STOXX50E,CREATE,0.7110589358359375,2688,711058.9358359375,5857.521311921074,82.37743760346441,0.00873774376034644,0.13862801251302084,0.611111111111111,Unknown,0.0,0.05,0.7,"Significant premium with persistence score 0.61, liquidity score 0.14, and confidence 0.71.",True,True,973.4531136873576,13.690188880657878,0.25941679348906915,2026-03-04 00:00:00+00:00,2026-03-13 00:00:00+00:00
2026-03-03 00:00:00+00:00,QQQ_^NDX,HOLD,0.4340972750850819,0,0.0,0.0,0.0,0.00029793015253484897,1.0,0.44929074746710734,Unknown,0.0,0.05,0.7,Signal below confidence or profit threshold; no capital allocation recommended under conservative risk rules.,False,False,0.0,0.0,0.0,2026-03-03 00:00:00+00:00,2026-03-03 00:00:00+00:00
2026-03-03 00:00:00+00:00,FEZ_^STOXX50E,CREATE,0.9066666666666667,14111,906666.6666666667,3144.1339418685116,34.67794788825564,0.003967794788825564,1.0,0.6888888888888889,Unknown,0.0,0.05,0.7,"Significant premium with persistence score 0.69, liquidity score 1.00, and confidence 0.91.",True,False,-5021.942688884022,-55.389073774456115,-0.9949833740229252,2026-03-04 00:00:00+00:00,2026-03-12 00:00:00+00:00
2026-03-03 00:00:00+00:00,ESE.PA_^GSPC,CREATE,0.7352467735798061,24910,735246.7735798061,3041.377742965388,41.36540073691689,0.00463654007369169,0.1429005345656967,0.6888888888888889,Unknown,0.0,0.05,0.7,"Significant premium with persistence score 0.69, liquidity score 0.14, and confidence 0.74.",True,False,-6215.641952855944,-84.53817379698135,-4.0490807013949395,2026-03-04 00:00:00+00:00,2026-03-12 00:00:00+00:00
2026-03-03 00:00:00+00:00,EUFN_^STOXX,CREATE,0.8600000000000001,24328,860000.0000000001,7280.523068569611,84.65724498336755,0.008965724498336755,1.0,0.5333333333333333,Unknown,0.0,0.05,0.7,"Significant premium with persistence score 0.53, liquidity score 1.00, and confidence 0.86.",True,False,-18232.732509331345,-212.00851755036442,-11.030643920582126,2026-03-04 00:00:00+00:00,2026-03-12 00:00:00+00:00
2026-03-04 00:00:00+00:00,BNKE.L_^STOXX50E,CREATE,0.7364661897215169,2718,736466.1897215169,7399.470588994274,100.47264480386082,0.010547264480386082,0.14899761527425132,0.6888888888888889,Unknown,0.0,0.05,0.7,"Significant premium with persistence score 0.69, liquidity score 0.15, and confidence 0.74.",True,False,6698.528762205766,90.95500724532525,0.9159136555952471,2026-03-05 00:00:00+00:00,2026-03-16 00:00:00+00:00
2026-03-04 00:00:00+00:00,BNK.PA_^FCHI,CREATE,0.7358548648993836,12444,735854.8648993835,7084.173995218215,96.27134823912408,0.010127134823912408,0.3792743244969177,0.5333333333333333,Unknown,0.0,0.05,0.7,"Significant premium with persistence score 0.53, liquidity score 0.38, and confidence 0.74.",True,False,-2229.258253914376,-30.29480893924907,-2.292561491906385,2026-03-05 00:00:00+00:00,2026-03-16 00:00:00+00:00
2026-03-04 00:00:00+00:00,ESE.PA_^GSPC,CREATE,0.734092226232179,24632,734092.226232179,3320.2277168630912,45.229027065231016,0.005022902706523101,0.1371277978275617,0.6888888888888889,Unknown,0.0,0.05,0.7,"Significant premium with persistence score 0.69, liquidity score 0.14, and confidence 0.73.",True,False,-2408.615721087366,-32.810805441298434,-0.8528245719857327,2026-03-05 00:00:00+00:00,2026-03-13 00:00:00+00:00
2026-03-04 00:00:00+00:00,EUFN_^STOXX,CREATE,0.8833333333333333,24605,883333.3333333333,7990.181541735244,90.45488537813483,0.009545488537813484,1.0,0.611111111111111,Unknown,0.0,0.05,0.7,"Significant premium with persistence score 0.61, liquidity score 1.00, and confidence 0.88.",True,False,-2105.2863092998996,-23.83342991660264,-0.21931020741054746,2026-03-05 00:00:00+00:00,2026-03-13 00:00:00+00:00
2026-03-04 00:00:00+00:00,URTH_ACWI,CREATE,0.8833333333333333,4678,883333.3333333333,900.4837533388373,10.194155698175518,0.0015194155698175517,1.0,0.611111111111111,Unknown,0.0,0.05,0.7,"Significant premium with persistence score 0.61, liquidity score 1.00, and confidence 0.88.",True,True,670.5906759171463,7.5915925575526,0.5194693829740301,2026-03-05 00:00:00+00:00,2026-03-13 00:00:00+00:00
2026-03-04 00:00:00+00:00,QQQ_^NDX,HOLD,0.4935358314505296,0,0.0,0.0,0.0,0.0004797851550514426,1.0,0.44535815477794016,Unknown,0.0,0.05,0.7,Signal below confidence or profit threshold; no capital allocation recommended under conservative risk rules.,False,False,0.0,0.0,0.0,2026-03-04 00:00:00+00:00,2026-03-04 00:00:00+00:00
2026-03-04 00:00:00+00:00,SPY_^GSPC,HOLD,0.5027940304745617,0,0.0,0.0,0.0,0.0004592688220728171,1.0,0.4990147437231865,Unknown,0.0,0.05,0.7,Signal below confidence or profit threshold; no capital allocation recommended under conservative risk rules.,False,False,0.0,0.0,0.0,2026-03-04 00:00:00+00:00,2026-03-04 00:00:00+00:00
2026-03-04 00:00:00+00:00,FEZ_^STOXX50E,CREATE,0.9066666666666667,13942,906666.6666666667,3958.8442424710715,43.66372326254858,0.004866372326254858,1.0,0.6888888888888889,Unknown,0.0,0.05,0.7,"Significant premium with persistence score 0.69, liquidity score 1.00, and confidence 0.91.",True,False,-904.0804855356859,-9.971475943408299,-0.07141120857130365,2026-03-05 00:00:00+00:00,2026-03-13 00:00:00+00:00
2026-03-05 00:00:00+00:00,EUFN_^STOXX,CREATE,0.8600000000000001,24480,860000.0000000001,7495.518469548469,87.15719150637753,0.009215719150637753,1.0,0.5333333333333333,Unknown,0.0,0.05,0.7,"Significant premium with persistence score 0.53, liquidity score 1.00, and confidence 0.86.",True,False,-14216.460353122133,-165.30767852467596,-5.281596909620802,2026-03-06 00:00:00+00:00,2026-03-16 00:00:00+00:00
2026-03-05 00:00:00+00:00,ESE.PA_^GSPC,CREATE,0.7581212999724299,25499,758121.29997243,4212.949494805479,55.57091582783241,0.006057091582783241,0.14060649986214957,0.7666666666666666,Unknown,0.0,0.05,0.7,"Significant premium with persistence score 0.77, liquidity score 0.14, and confidence 0.76.",True,False,-5529.667314323349,-72.93908395034465,-3.4159914286439195,2026-03-06 00:00:00+00:00,2026-03-16 00:00:00+00:00
2026-03-05 00:00:00+00:00,QQQ_^NDX,HOLD,0.509916638309765,0,0.0,0.0,0.0,0.0006011580613123345,1.0,0.3651020595744005,Unknown,0.0,0.05,0.7,Signal below confidence or profit threshold; no capital allocation recommended under conservative risk rules.,False,False,0.0,0.0,0.0,2026-03-05 00:00:00+00:00,2026-03-05 00:00:00+00:00
2026-03-05 00:00:00+00:00,SPY_^GSPC,HOLD,0.5007356208328269,0,0.0,0.0,0.0,0.0004597230473911803,1.0,0.491648683452556,Unknown,0.0,0.05,0.7,Signal below confidence or profit threshold; no capital allocation recommended under conservative risk rules.,False,False,0.0,0.0,0.0,2026-03-05 00:00:00+00:00,2026-03-05 00:00:00+00:00
2026-03-05 00:00:00+00:00,BNK.PA_^FCHI,CREATE,0.7004129756030401,12037,700412.9756030401,6793.704413734133,96.99569611606499,0.0101995696116065,0.20206487801520032,0.5333333333333333,Unknown,0.0,0.05,0.7,"Significant premium with persistence score 0.53, liquidity score 0.20, and confidence 0.70.",True,False,724.0426732562801,10.337368073926605,0.26040598491174466,2026-03-09 00:00:00+00:00,2026-03-17 00:00:00+00:00
2026-03-05 00:00:00+00:00,BNKE.L_^STOXX50E,CREATE,0.7141696207798869,2705,714169.6207798868,7520.989220708658,105.31096537676292,0.011031096537676293,0.15418143723276773,0.611111111111111,Unknown,0.0,0.05,0.7,"Significant premium with persistence score 0.61, liquidity score 0.15, and confidence 0.71.",True,False,4339.836205002911,60.76758348057044,0.906538867466377,2026-03-09 00:00:00+00:00,2026-03-17 00:00:00+00:00
2026-03-05 00:00:00+00:00,URTH_ACWI,CREATE,0.9066666666666667,4846,906666.6666666667,1107.2581620135807,12.212406198679197,0.00172124061986792,1.0,0.6888888888888889,Unknown,0.0,0.05,0.7,"Significant premium with persistence score 0.69, liquidity score 1.00, and confidence 0.91.",True,False,-1485.233565669596,-16.381252562532307,-6.896536970560374,2026-03-06 00:00:00+00:00,2026-03-16 00:00:00+00:00
2026-03-05 00:00:00+00:00,FEZ_^STOXX50E,CREATE,0.8833333333333333,13888,883333.3333333333,4859.992372806944,55.018781578946545,0.006001878157894655,1.0,0.611111111111111,Unknown,0.0,0.05,0.7,"Significant premium with persistence score 0.61, liquidity score 1.00, and confidence 0.88.",True,False,-9941.198061307152,-112.54186484498662,-9.275661047746876,2026-03-06 00:00:00+00:00,2026-03-16 00:00:00+00:00
2026-03-06 00:00:00+00:00,ESE.PA_^GSPC,CREATE,0.7578331553243065,25780,757833.1553243065,4028.8267152862654,53.16244990049522,0.0058162449900495215,0.13916577662153243,0.7666666666666666,Unknown,0.0,0.05,0.7,"Significant premium with persistence score 0.77, liquidity score 0.14, and confidence 0.76.",True,False,7792.739381359221,102.82922206042045,0.8624896826187781,2026-03-09 00:00:00+00:00,2026-03-17 00:00:00+00:00
2026-03-06 00:00:00+00:00,QQQ_^NDX,HOLD,0.5107422742457961,0,0.0,0.0,0.0,0.000532849826451508,1.0,0.4437522180954226,Unknown,0.0,0.05,0.7,Signal below confidence or profit threshold; no capital allocation recommended under conservative risk rules.,False,False,0.0,0.0,0.0,2026-03-06 00:00:00+00:00,2026-03-06 00:00:00+00:00
2026-03-06 00:00:00+00:00,SPY_^GSPC,HOLD,0.49573094860748373,0,0.0,0.0,0.0,0.0004448493345554732,1.0,0.49149279029664217,Unknown,0.0,0.05,0.7,Signal below confidence or profit threshold; no capital allocation recommended under conservative risk rules.,False,False,0.0,0.0,0.0,2026-03-06 00:00:00+00:00,2026-03-06 00:00:00+00:00
2026-03-06 00:00:00+00:00,EUFN_^STOXX,CREATE,0.8833333333333333,25324,883333.3333333333,7614.996750420675,86.20751038212086,0.009120751038212086,1.0,0.611111111111111,Unknown,0.0,0.05,0.7,"Significant premium with persistence score 0.61, liquidity score 1.00, and confidence 0.88.",True,True,11921.767422152741,134.96340477908765,0.9046579292081496,2026-03-09 00:00:00+00:00,2026-03-17 00:00:00+00:00
2026-03-06 00:00:00+00:00,FEZ_^STOXX50E,CREATE,0.8833333333333333,14024,883333.3333333333,4721.585764509468,53.45191431520153,0.005845191431520153,1.0,0.611111111111111,Unknown,0.0,0.05,0.7,"Significant premium with persistence score 0.61, liquidity score 1.00, and confidence 0.88.",True,True,13858.276565062373,156.88614979315895,0.9519960878438856,2026-03-09 00:00:00+00:00,2026-03-17 00:00:00+00:00
2026-03-06 00:00:00+00:00,URTH_ACWI,CREATE,0.9066666666666667,4901,906666.6666666667,1268.787019895236,13.993974484138631,0.0018993974484138628,1.0,0.6888888888888889,Unknown,0.0,0.05,0.7,"Significant premium with persistence score 0.69, liquidity score 1.00, and confidence 0.91.",True,False,762.3321804724009,8.408075519916185,0.7782090615514701,2026-03-09 00:00:00+00:00,2026-03-17 00:00:00+00:00
2026-03-09 00:00:00+00:00,FEZ_^STOXX50E,CREATE,0.8833333333333333,13873,883333.3333333333,5233.747520596508,59.24997193128123,0.006424997193128124,1.0,0.611111111111111,Unknown,0.0,0.05,0.7,"Significant premium with persistence score 0.61, liquidity score 1.00, and confidence 0.88.",True,False,8558.053191000301,96.8836210301921,0.39266505663632995,2026-03-10 00:00:00+00:00,2026-03-18 00:00:00+00:00
2026-03-09 00:00:00+00:00,ESE.PA_^GSPC,CREATE,0.7609666015588201,25996,760966.6015588201,4234.085429438488,55.64088385436463,0.006064088385436464,0.15483300779410045,0.7666666666666666,Unknown,0.0,0.05,0.7,"Significant premium with persistence score 0.77, liquidity score 0.15, and confidence 0.76.",True,True,2777.585322993166,36.50075203436465,0.3370723365300925,2026-03-10 00:00:00+00:00,2026-03-18 00:00:00+00:00
2026-03-09 00:00:00+00:00,QQQ_^NDX,HOLD,0.5458622075643257,0,0.0,0.0,0.0,0.0005655186247169429,1.0,0.524519997751149,Unknown,0.0,0.05,0.7,Signal below confidence or profit threshold; no capital allocation recommended under conservative risk rules.,False,False,0.0,0.0,0.0,2026-03-09 00:00:00+00:00,2026-03-09 00:00:00+00:00
2026-03-09 00:00:00+00:00,URTH_ACWI,CREATE,0.9066666666666667,4862,906666.6666666667,1075.0244766066971,11.856887609632688,0.001685688760963269,1.0,0.6888888888888889,Unknown,0.0,0.05,0.7,"Significant premium with persistence score 0.69, liquidity score 1.00, and confidence 0.91.",True,False,-515.4994147676842,-5.685655309937694,-0.14205070277503634,2026-03-10 00:00:00+00:00,2026-03-18 00:00:00+00:00
2026-03-09 00:00:00+00:00,SPY_^GSPC,HOLD,0.5290345277946213,0,0.0,0.0,0.0,0.000472579001796689,1.0,0.5716939795413059,Unknown,0.0,0.05,0.7,Signal below confidence or profit threshold; no capital allocation recommended under conservative risk rules.,False,False,0.0,0.0,0.0,2026-03-09 00:00:00+00:00,2026-03-09 00:00:00+00:00
2026-03-09 00:00:00+00:00,BNKE.L_^STOXX50E,HOLD,0.692956597790975,0,0.0,0.0,0.0,0.011044632765758605,0.16478298895487467,0.5333333333333333,Unknown,0.0,0.05,0.7,Signal below confidence or profit threshold; no capital allocation recommended under conservative risk rules.,False,False,0.0,0.0,0.0,2026-03-09 00:00:00+00:00,2026-03-09 00:00:00+00:00
2026-03-09 00:00:00+00:00,BNK.PA_^FCHI,HOLD,0.6860573789518203,0,0.0,0.0,0.0,0.010003103250474467,0.24695356142576855,0.4555555555555555,Unknown,0.0,0.05,0.7,Signal below confidence or profit threshold; no capital allocation recommended under conservative risk rules.,False,False,0.0,0.0,0.0,2026-03-09 00:00:00+00:00,2026-03-09 00:00:00+00:00
2026-03-09 00:00:00+00:00,EUFN_^STOXX,CREATE,0.9066666666666667,25757,906666.6666666667,8311.197402424803,91.66761840909709,0.00966676184090971,1.0,0.6888888888888889,Unknown,0.0,0.05,0.7,"Significant premium with persistence score 0.69, liquidity score 1.00, and confidence 0.91.",True,False,8294.508187766138,91.48354618859712,0.5454224173209706,2026-03-10 00:00:00+00:00,2026-03-18 00:00:00+00:00
2026-03-10 00:00:00+00:00,BNKE.L_^STOXX50E,CREATE,0.7179093659576417,2676,717909.3659576416,7341.435766027118,102.26131757222792,0.010726131757222791,0.17288016312154134,0.611111111111111,Unknown,0.0,0.05,0.7,"Significant premium with persistence score 0.61, liquidity score 0.17, and confidence 0.72.",True,False,-3650.597345555609,-50.85039308110939,-1.0958339657409644,2026-03-11 00:00:00+00:00,2026-03-19 00:00:00+00:00
2026-03-10 00:00:00+00:00,SPY_^GSPC,HOLD,0.5924074721326498,0,0.0,0.0,0.0,0.0006559178439270532,1.0,0.57922730274544,Unknown,0.0,0.05,0.7,Signal below confidence or profit threshold; no capital allocation recommended under conservative risk rules.,False,False,0.0,0.0,0.0,2026-03-10 00:00:00+00:00,2026-03-10 00:00:00+00:00
2026-03-10 00:00:00+00:00,QQQ_^NDX,HOLD,0.5566096701548595,0,0.0,0.0,0.0,0.0005963219786914505,1.0,0.5261189241923643,Unknown,0.0,0.05,0.7,Signal below confidence or profit threshold; no capital allocation recommended under conservative risk rules.,False,False,0.0,0.0,0.0,2026-03-10 00:00:00+00:00,2026-03-10 00:00:00+00:00
2026-03-10 00:00:00+00:00,URTH_ACWI,CREATE,0.9066666666666667,4865,906666.6666666667,1181.7524016309208,13.034033841517505,0.0018034033841517506,1.0,0.6888888888888889,Unknown,0.0,0.05,0.7,"Significant premium with persistence score 0.69, liquidity score 1.00, and confidence 0.91.",True,False,407.10169595626866,4.490092234811787,0.8991597749635655,2026-03-11 00:00:00+00:00,2026-03-19 00:00:00+00:00
2026-03-10 00:00:00+00:00,FEZ_^STOXX50E,CREATE,0.8600000000000001,13496,860000.0000000001,7748.922759617081,90.10375301880326,0.009510375301880326,1.0,0.5333333333333333,Unknown,0.0,0.05,0.7,"Significant premium with persistence score 0.53, liquidity score 1.00, and confidence 0.86.",True,False,-16807.618191955527,-195.43742083669213,-2.361980446900946,2026-03-11 00:00:00+00:00,2026-03-19 00:00:00+00:00
2026-03-10 00:00:00+00:00,EUFN_^STOXX,CREATE,0.8833333333333333,25066,883333.3333333333,9284.566282715372,105.10829754017404,0.011010829754017402,1.0,0.611111111111111,Unknown,0.0,0.05,0.7,"Significant premium with persistence score 0.61, liquidity score 1.00, and confidence 0.88.",True,False,-18120.372325438017,-205.13629047665682,-3.959119661653235,2026-03-11 00:00:00+00:00,2026-03-19 00:00:00+00:00
2026-03-10 00:00:00+00:00,BNK.PA_^FCHI,CREATE,0.7203142843361079,12210,720314.2843361079,7428.258334945738,103.12523986376503,0.010812523986376504,0.30157142168053946,0.5333333333333333,Unknown,0.0,0.05,0.7,"Significant premium with persistence score 0.53, liquidity score 0.30, and confidence 0.72.",True,False,-3587.9709596753305,-49.81118711233467,-0.8154575068522456,2026-03-11 00:00:00+00:00,2026-03-19 00:00:00+00:00
2026-03-10 00:00:00+00:00,ESE.PA_^GSPC,CREATE,0.7842298792972641,26521,784229.879297264,5616.674523277107,71.62025665625136,0.007662025665625135,0.15448272981965383,0.8444444444444443,Unknown,0.0,0.05,0.7,"Significant premium with persistence score 0.84, liquidity score 0.15, and confidence 0.78.",True,False,-9208.317874945811,-117.41860541193915,-24.93140508091001,2026-03-11 00:00:00+00:00,2026-03-19 00:00:00+00:00
2026-03-11 00:00:00+00:00,BNK.PA_^FCHI,HOLD,0.6990119840197855,0,0.0,0.0,0.0,0.010073101309677304,0.3117265867655945,0.4555555555555555,Unknown,0.0,0.05,0.7,Signal below confidence or profit threshold; no capital allocation recommended under conservative risk rules.,False,False,0.0,0.0,0.0,2026-03-11 00:00:00+00:00,2026-03-11 00:00:00+00:00
2026-03-11 00:00:00+00:00,URTH_ACWI,CREATE,0.8833333333333333,4748,883333.3333333333,1066.2960063000032,12.071275543018904,0.0017071275543018905,1.0,0.611111111111111,Unknown,0.0,0.05,0.7,"Significant premium with persistence score 0.61, liquidity score 1.00, and confidence 0.88.",True,False,-316.1555626142255,-3.5791195767648176,0.07134973286279613,2026-03-12 00:00:00+00:00,2026-03-20 00:00:00+00:00
2026-03-11 00:00:00+00:00,QQQ_^NDX,HOLD,0.5493357301197348,0,0.0,0.0,0.0,0.0005732131605927093,1.0,0.5275489219627723,Unknown,0.0,0.05,0.7,Signal below confidence or profit threshold; no capital allocation recommended under conservative risk rules.,False,False,0.0,0.0,0.0,2026-03-11 00:00:00+00:00,2026-03-11 00:00:00+00:00
2026-03-11 00:00:00+00:00,EUFN_^STOXX,CREATE,0.8833333333333333,25087,883333.3333333333,9164.71811833953,103.75152586799469,0.010875152586799467,1.0,0.611111111111111,Unknown,0.0,0.05,0.7,"Significant premium with persistence score 0.61, liquidity score 1.00, and confidence 0.88.",True,False,6029.453114331686,68.25795978488702,0.32447302434118636,2026-03-12 00:00:00+00:00,2026-03-20 00:00:00+00:00
2026-03-11 00:00:00+00:00,FEZ_^STOXX50E,CREATE,0.8833333333333333,13851,883333.3333333333,8944.36784086666,101.2569944249056,0.010625699442490559,1.0,0.611111111111111,Unknown,0.0,0.05,0.7,"Significant premium with persistence score 0.61, liquidity score 1.00, and confidence 0.88.",True,False,-4502.413044851778,-50.97071371530315,-0.45501049517237396,2026-03-12 00:00:00+00:00,2026-03-20 00:00:00+00:00
2026-03-11 00:00:00+00:00,SPY_^GSPC,HOLD,0.598533748688191,0,0.0,0.0,0.0,0.0006674366964592933,1.0,0.5868494995614217,Unknown,0.0,0.05,0.7,Signal below confidence or profit threshold; no capital allocation recommended under conservative risk rules.,False,False,0.0,0.0,0.0,2026-03-11 00:00:00+00:00,2026-03-11 00:00:00+00:00
2026-03-11 00:00:00+00:00,BNKE.L_^STOXX50E,HOLD,0.6938623118780111,0,0.0,0.0,0.0,0.009964098864724984,0.16931155939005535,0.5333333333333333,Unknown,0.0,0.05,0.7,Signal below confidence or profit threshold; no capital allocation recommended under conservative risk rules.,False,False,0.0,0.0,0.0,2026-03-11 00:00:00+00:00,2026-03-11 00:00:00+00:00
2026-03-11 00:00:00+00:00,ESE.PA_^GSPC,CREATE,0.7605831991551806,25754,760583.1991551806,5221.22711550483,68.64767879837892,0.007364767879837891,0.15291599577590306,0.7666666666666666,Unknown,0.0,0.05,0.7,"Significant premium with persistence score 0.77, liquidity score 0.15, and confidence 0.76.",True,True,1055.8451412944532,13.882046598810433,0.19037835513457446,2026-03-12 00:00:00+00:00,2026-03-20 00:00:00+00:00
2026-03-12 00:00:00+00:00,BNK.PA_^FCHI,CREATE,0.7001319719366251,12321,700131.9719366251,7276.27393680847,103.92717699609793,0.010892717699609793,0.31732652634979247,0.4555555555555555,Unknown,0.0,0.05,0.7,"Significant premium with persistence score 0.46, liquidity score 0.32, and confidence 0.70.",True,False,-6590.176991557559,-94.12763958384251,-2.321626086692381,2026-03-13 00:00:00+00:00,2026-03-23 00:00:00+00:00
2026-03-12 00:00:00+00:00,URTH_ACWI,CREATE,0.8879889469494433,4848,887988.9469494433,838.2321209601014,9.4396684084833,0.00144396684084833,1.0,0.6888888888888889,Unknown,0.0,0.05,0.7,"Significant premium with persistence score 0.69, liquidity score 1.00, and confidence 0.89.",True,False,-1501.4094177934548,-16.907974169625966,-1.0223417894770241,2026-03-13 00:00:00+00:00,2026-03-23 00:00:00+00:00
2026-03-12 00:00:00+00:00,FEZ_^STOXX50E,CREATE,0.8833333333333333,14105,883333.3333333333,9037.081026982785,102.30657766395608,0.010730657766395606,1.0,0.611111111111111,Unknown,0.0,0.05,0.7,"Significant premium with persistence score 0.61, liquidity score 1.00, and confidence 0.88.",True,False,-8252.852826535036,-93.42852256454759,-1.1855427650873507,2026-03-13 00:00:00+00:00,2026-03-23 00:00:00+00:00
2026-03-12 00:00:00+00:00,BNKE.L_^STOXX50E,HOLD,0.6708944225916137,0,0.0,0.0,0.0,0.011318861303623003,0.17113877962473553,0.4555555555555555,Unknown,0.0,0.05,0.7,Signal below confidence or profit threshold; no capital allocation recommended under conservative risk rules.,False,False,0.0,0.0,0.0,2026-03-12 00:00:00+00:00,2026-03-12 00:00:00+00:00
2026-03-12 00:00:00+00:00,ESE.PA_^GSPC,CREATE,0.7851982121476224,26730,785198.2121476224,5327.6258324153305,67.85071272441591,0.007285071272441592,0.15932439407144547,0.8444444444444443,Unknown,0.0,0.05,0.7,"Significant premium with persistence score 0.84, liquidity score 0.16, and confidence 0.79.",True,False,-3002.417638627429,-38.237703450895715,-0.5501015202513144,2026-03-13 00:00:00+00:00,2026-03-23 00:00:00+00:00
2026-03-12 00:00:00+00:00,SPY_^GSPC,HOLD,0.6179407210070331,0,0.0,0.0,0.0,0.0006682534977203544,1.0,0.6506318503341608,Unknown,0.0,0.05,0.7,Signal below confidence or profit threshold; no capital allocation recommended under conservative risk rules.,False,False,0.0,0.0,0.0,2026-03-12 00:00:00+00:00,2026-03-12 00:00:00+00:00
2026-03-12 00:00:00+00:00,QQQ_^NDX,HOLD,0.555849030168309,0,0.0,0.0,0.0,0.0005261616700056902,1.0,0.6015393561102633,Unknown,0.0,0.05,0.7,Signal below confidence or profit threshold; no capital allocation recommended under conservative risk rules.,False,False,0.0,0.0,0.0,2026-03-12 00:00:00+00:00,2026-03-12 00:00:00+00:00
2026-03-12 00:00:00+00:00,EUFN_^STOXX,CREATE,0.8833333333333333,25828,883333.3333333333,9628.56568994832,109.00263045224514,0.011400263045224514,1.0,0.611111111111111,Unknown,0.0,0.05,0.7,"Significant premium with persistence score 0.61, liquidity score 1.00, and confidence 0.88.",True,False,-13545.33339415632,-153.34339691497723,-1.4167180773119532,2026-03-13 00:00:00+00:00,2026-03-23 00:00:00+00:00
2026-03-13 00:00:00+00:00,EUFN_^STOXX,CREATE,0.8833333333333333,26235,883333.3333333333,9746.062839846783,110.33278686619002,0.011533278686619,1.0,0.611111111111111,Unknown,0.0,0.05,0.7,"Significant premium with persistence score 0.61, liquidity score 1.00, and confidence 0.88.",True,True,3000.6291962607224,33.969387127479884,0.2043922569712296,2026-03-16 00:00:00+00:00,2026-03-24 00:00:00+00:00
2026-03-13 00:00:00+00:00,QQQ_^NDX,HOLD,0.5549612062250585,0,0.0,0.0,0.0,0.0005147912267136574,1.0,0.6112137688461312,Unknown,0.0,0.05,0.7,Signal below confidence or profit threshold; no capital allocation recommended under conservative risk rules.,False,False,0.0,0.0,0.0,2026-03-13 00:00:00+00:00,2026-03-13 00:00:00+00:00
2026-03-13 00:00:00+00:00,SPY_^GSPC,HOLD,0.6113994194450201,0,0.0,0.0,0.0,0.0006417661353579838,1.0,0.6582579144189737,Unknown,0.0,0.05,0.7,Signal below confidence or profit threshold; no capital allocation recommended under conservative risk rules.,False,False,0.0,0.0,0.0,2026-03-13 00:00:00+00:00,2026-03-13 00:00:00+00:00
2026-03-13 00:00:00+00:00,URTH_ACWI,CREATE,0.8833333333333333,4860,883333.3333333333,908.9258226149419,10.289726293754061,0.0015289726293754061,1.0,0.611111111111111,Unknown,0.0,0.05,0.7,"Significant premium with persistence score 0.61, liquidity score 1.00, and confidence 0.88.",True,False,-814.6373916286036,-9.222310093908721,-0.3240070501587596,2026-03-16 00:00:00+00:00,2026-03-24 00:00:00+00:00
2026-03-13 00:00:00+00:00,BNK.PA_^FCHI,HOLD,0.691766258747205,0,0.0,0.0,0.0,0.011394538626742315,0.27549796040269214,0.4555555555555555,Unknown,0.0,0.05,0.7,Signal below confidence or profit threshold; no capital allocation recommended under conservative risk rules.,False,False,0.0,0.0,0.0,2026-03-13 00:00:00+00:00,2026-03-13 00:00:00+00:00
2026-03-13 00:00:00+00:00,FEZ_^STOXX50E,CREATE,0.8833333333333333,14292,883333.3333333333,9431.508581954988,106.77179526741496,0.011177179526741495,1.0,0.611111111111111,Unknown,0.0,0.05,0.7,"Significant premium with persistence score 0.61, liquidity score 1.00, and confidence 0.88.",True,True,1243.990341521224,14.082909526655367,0.16017772759213422,2026-03-16 00:00:00+00:00,2026-03-24 00:00:00+00:00
2026-03-13 00:00:00+00:00,BNKE.L_^STOXX50E,HOLD,0.6707768185740762,0,0.0,0.0,0.0,0.010448925279685689,0.17055075953704835,0.4555555555555555,Unknown,0.0,0.05,0.7,Signal below confidence or profit threshold; no capital allocation recommended under conservative risk rules.,False,False,0.0,0.0,0.0,2026-03-13 00:00:00+00:00,2026-03-13 00:00:00+00:00
2026-03-13 00:00:00+00:00,ESE.PA_^GSPC,CREATE,0.7853716236367734,26736,785371.6236367733,5387.499985942731,68.59809832439778,0.007359809832439778,0.16019145151720046,0.8444444444444443,Unknown,0.0,0.05,0.7,"Significant premium with persistence score 0.84, liquidity score 0.16, and confidence 0.79.",True,False,4463.055048146105,56.8273020545268,0.7039619074999619,2026-03-16 00:00:00+00:00,2026-03-24 00:00:00+00:00
2026-03-16 00:00:00+00:00,FEZ_^STOXX50E,CREATE,0.8833333333333333,14069,883333.3333333333,9202.998392037181,104.1848874570247,0.010918488745702469,1.0,0.611111111111111,Unknown,0.0,0.05,0.7,"Significant premium with persistence score 0.61, liquidity score 1.00, and confidence 0.88.",True,False,-375.6716986437245,-4.252887154457259,0.09152401017385087,2026-03-17 00:00:00+00:00,2026-03-25 00:00:00+00:00
2026-03-16 00:00:00+00:00,URTH_ACWI,CREATE,0.8600000000000001,4672,860000.0000000001,908.6046793935634,10.565170690622828,0.001556517069062283,1.0,0.5333333333333333,Unknown,0.0,0.05,0.7,"Significant premium with persistence score 0.53, liquidity score 1.00, and confidence 0.86.",True,False,-1792.943047864276,-20.848174975165996,-4.147298503435588,2026-03-17 00:00:00+00:00,2026-03-25 00:00:00+00:00
2026-03-16 00:00:00+00:00,SPY_^GSPC,HOLD,0.605830246145765,0,0.0,0.0,0.0,0.0006425699053681749,1.0,0.6388009256323552,Unknown,0.0,0.05,0.7,Signal below confidence or profit threshold; no capital allocation recommended under conservative risk rules.,False,False,0.0,0.0,0.0,2026-03-16 00:00:00+00:00,2026-03-16 00:00:00+00:00
2026-03-16 00:00:00+00:00,BNKE.L_^STOXX50E,HOLD,0.6708067331375223,0,0.0,0.0,0.0,0.00943474752275571,0.17070033235427856,0.4555555555555555,Unknown,0.0,0.05,0.7,Signal below confidence or profit threshold; no capital allocation recommended under conservative risk rules.,False,False,0.0,0.0,0.0,2026-03-16 00:00:00+00:00,2026-03-16 00:00:00+00:00
2026-03-16 00:00:00+00:00,BNK.PA_^FCHI,CREATE,0.7157625858819835,12677,715762.5858819835,7556.560285344861,105.57355797011166,0.011057355797011165,0.2788129294099172,0.5333333333333333,Unknown,0.0,0.05,0.7,"Significant premium with persistence score 0.53, liquidity score 0.28, and confidence 0.72.",True,True,2442.4342300168764,34.12352473002257,0.8981413832688572,2026-03-17 00:00:00+00:00,2026-03-25 00:00:00+00:00
2026-03-16 00:00:00+00:00,ESE.PA_^GSPC,CREATE,0.7615499666941693,25890,761549.9666941693,5121.410140960648,67.2498242392722,0.007224982423927219,0.1577498334708468,0.7666666666666666,Unknown,0.0,0.05,0.7,"Significant premium with persistence score 0.77, liquidity score 0.16, and confidence 0.76.",True,False,705.2678124890555,9.260952574793873,0.8295273084829327,2026-03-17 00:00:00+00:00,2026-03-25 00:00:00+00:00
2026-03-16 00:00:00+00:00,QQQ_^NDX,HOLD,0.551598716426491,0,0.0,0.0,0.0,0.0005792769047947269,1.0,0.5283547160941625,Unknown,0.0,0.05,0.7,Signal below confidence or profit threshold; no capital allocation recommended under conservative risk rules.,False,False,0.0,0.0,0.0,2026-03-16 00:00:00+00:00,2026-03-16 00:00:00+00:00
2026-03-16 00:00:00+00:00,EUFN_^STOXX,CREATE,0.9066666666666667,26310,906666.6666666667,9755.38665525621,107.59617634473761,0.011259617634473761,1.0,0.6888888888888889,Unknown,0.0,0.05,0.7,"Significant premium with persistence score 0.69, liquidity score 1.00, and confidence 0.91.",True,False,-4785.917732918702,-52.78585734836804,-3.2395500742806855,2026-03-17 00:00:00+00:00,2026-03-25 00:00:00+00:00
2026-03-17 00:00:00+00:00,SPY_^GSPC,HOLD,0.6165630481246331,0,0.0,0.0,0.0,0.000621701538815387,1.0,0.6977640061761251,Unknown,0.0,0.05,0.7,Signal below confidence or profit threshold; no capital allocation recommended under conservative risk rules.,False,False,0.0,0.0,0.0,2026-03-17 00:00:00+00:00,2026-03-17 00:00:00+00:00
2026-03-17 00:00:00+00:00,ESE.PA_^GSPC,CREATE,0.737670332402841,25059,737670.332402841,4932.754755118872,66.86936614423989,0.007186936614423988,0.15501832868087134,0.6888888888888889,Unknown,0.0,0.05,0.7,"Significant premium with persistence score 0.69, liquidity score 0.16, and confidence 0.74.",True,True,199.13949675119034,2.6995730749063185,0.09433386919951325,2026-03-18 00:00:00+00:00,2026-03-26 00:00:00+00:00
2026-03-17 00:00:00+00:00,EUFN_^STOXX,CREATE,0.9066666666666667,26098,906666.6666666667,9835.748023202139,108.48251496178828,0.011348251496178829,1.0,0.6888888888888889,Unknown,0.0,0.05,0.7,"Significant premium with persistence score 0.69, liquidity score 1.00, and confidence 0.91.",True,False,-7098.578869826602,-78.29314929955811,-0.9114547126632754,2026-03-18 00:00:00+00:00,2026-03-26 00:00:00+00:00
2026-03-17 00:00:00+00:00,FEZ_^STOXX50E,CREATE,0.8833333333333333,14007,883333.3333333333,8111.530658780358,91.82864896732482,0.009682864896732481,1.0,0.611111111111111,Unknown,0.0,0.05,0.7,"Significant premium with persistence score 0.61, liquidity score 1.00, and confidence 0.88.",True,False,6806.491125697064,77.05461651732526,0.5207060625544697,2026-03-18 00:00:00+00:00,2026-03-26 00:00:00+00:00
2026-03-17 00:00:00+00:00,BNKE.L_^STOXX50E,HOLD,0.6717449932764994,0,0.0,0.0,0.0,0.009375809414881909,0.17539163304916383,0.4555555555555555,Unknown,0.0,0.05,0.7,Signal below confidence or profit threshold; no capital allocation recommended under conservative risk rules.,False,False,0.0,0.0,0.0,2026-03-17 00:00:00+00:00,2026-03-17 00:00:00+00:00
2026-03-17 00:00:00+00:00,BNK.PA_^FCHI,CREATE,0.7385759221100057,12961,738575.9221100056,7226.630256339591,97.84546232828906,0.010284546232828906,0.2762129438833618,0.611111111111111,Unknown,0.0,0.05,0.7,"Significant premium with persistence score 0.61, liquidity score 0.28, and confidence 0.74.",True,True,4559.2199421313,61.72987509674377,0.7094636249943181,2026-03-18 00:00:00+00:00,2026-03-26 00:00:00+00:00
2026-03-17 00:00:00+00:00,URTH_ACWI,CREATE,0.8600000000000001,4661,860000.0000000001,881.9360823439858,10.255070724930068,0.0015255070724930066,1.0,0.5333333333333333,Unknown,0.0,0.05,0.7,"Significant premium with persistence score 0.53, liquidity score 1.00, and confidence 0.86.",True,False,-3273.6564183822766,-38.065772306770654,-5.998336540100499,2026-03-18 00:00:00+00:00,2026-03-26 00:00:00+00:00
2026-03-17 00:00:00+00:00,QQQ_^NDX,HOLD,0.5237818812072228,0,0.0,0.0,0.0,0.0005639398053892643,1.0,0.45267315359155985,Unknown,0.0,0.05,0.7,Signal below confidence or profit threshold; no capital allocation recommended under conservative risk rules.,False,False,0.0,0.0,0.0,2026-03-17 00:00:00+00:00,2026-03-17 00:00:00+00:00
2026-03-18 00:00:00+00:00,QQQ_^NDX,HOLD,0.5437555336951863,0,0.0,0.0,0.0,0.00054466623027496,1.0,0.5406670786784431,Unknown,0.0,0.05,0.7,Signal below confidence or profit threshold; no capital allocation recommended under conservative risk rules.,False,False,0.0,0.0,0.0,2026-03-18 00:00:00+00:00,2026-03-18 00:00:00+00:00
2026-03-18 00:00:00+00:00,EUFN_^STOXX,CREATE,0.9066666666666667,26510,906666.6666666667,9453.1909598743,104.26313558684889,0.01092631355868489,1.0,0.6888888888888889,Unknown,0.0,0.05,0.7,"Significant premium with persistence score 0.69, liquidity score 1.00, and confidence 0.91.",True,True,21464.938771064764,236.74564821027312,0.964332623848365,2026-03-19 00:00:00+00:00,2026-03-27 00:00:00+00:00
2026-03-18 00:00:00+00:00,FEZ_^STOXX50E,CREATE,0.8833333333333333,14313,883333.3333333333,8543.646503200689,96.72052645132855,0.010172052645132856,1.0,0.611111111111111,Unknown,0.0,0.05,0.7,"Significant premium with persistence score 0.61, liquidity score 1.00, and confidence 0.88.",True,True,23402.454608333166,264.93344839622455,0.9958307362418527,2026-03-19 00:00:00+00:00,2026-03-27 00:00:00+00:00
2026-03-18 00:00:00+00:00,ESE.PA_^GSPC,CREATE,0.7353857768146146,25118,735385.7768146145,5223.113058708643,71.0254838124963,0.0076025483812496315,0.14359555073973973,0.6888888888888889,Unknown,0.0,0.05,0.7,"Significant premium with persistence score 0.69, liquidity score 0.14, and confidence 0.74.",True,False,6839.567209170089,93.00652018041811,0.8381803624729778,2026-03-19 00:00:00+00:00,2026-03-27 00:00:00+00:00
2026-03-18 00:00:00+00:00,BNK.PA_^FCHI,CREATE,0.7415432604617564,12899,741543.2604617565,7665.895374262379,103.37758810576811,0.010837758810576812,0.2910496356421153,0.611111111111111,Unknown,0.0,0.05,0.7,"Significant premium with persistence score 0.61, liquidity score 0.29, and confidence 0.74.",True,False,5977.926123806496,80.61466461287858,0.8581771712458134,2026-03-19 00:00:00+00:00,2026-03-27 00:00:00+00:00
2026-03-18 00:00:00+00:00,URTH_ACWI,CREATE,0.8488850903903034,4670,848885.0903903034,825.1929645770911,9.720903028202333,0.0014720903028202332,1.0,0.5272944092785298,Unknown,0.0,0.05,0.7,"Significant premium with persistence score 0.53, liquidity score 1.00, and confidence 0.85.",True,False,-1435.4084777685919,-16.90933783639214,-11.189746442383122,2026-03-19 00:00:00+00:00,2026-03-27 00:00:00+00:00
2026-03-18 00:00:00+00:00,SPY_^GSPC,HOLD,0.585342626090172,0,0.0,0.0,0.0,0.0005897926880255183,1.0,0.6291502113833306,Unknown,0.0,0.05,0.7,Signal below confidence or profit threshold; no capital allocation recommended under conservative risk rules.,False,False,0.0,0.0,0.0,2026-03-18 00:00:00+00:00,2026-03-18 00:00:00+00:00
2026-03-18 00:00:00+00:00,BNKE.L_^STOXX50E,HOLD,0.6699721514950866,0,0.0,0.0,0.0,0.010990537127445276,0.1665274241421,0.4555555555555555,Unknown,0.0,0.05,0.7,Signal below confidence or profit threshold; no capital allocation recommended under conservative risk rules.,False,False,0.0,0.0,0.0,2026-03-18 00:00:00+00:00,2026-03-18 00:00:00+00:00
2026-03-19 00:00:00+00:00,QQQ_^NDX,HOLD,0.5120138565809906,0,0.0,0.0,0.0,0.000511579547368701,1.0,0.47162446930474544,Unknown,0.0,0.05,0.7,Signal below confidence or profit threshold; no capital allocation recommended under conservative risk rules.,False,False,0.0,0.0,0.0,2026-03-19 00:00:00+00:00,2026-03-19 00:00:00+00:00
2026-03-19 00:00:00+00:00,ESE.PA_^GSPC,CREATE,0.7117803612673226,24668,711780.3612673226,4883.986373641038,68.61648114237258,0.007361648114237259,0.14223513966994605,0.611111111111111,Unknown,0.0,0.05,0.7,"Significant premium with persistence score 0.61, liquidity score 0.14, and confidence 0.71.",True,False,-470.32433093172193,-6.60771716283814,-0.020021473783798524,2026-03-20 00:00:00+00:00,2026-03-30 00:00:00+00:00
2026-03-19 00:00:00+00:00,BNK.PA_^FCHI,CREATE,0.7405830631998723,13285,740583.0631998724,7040.4247823383685,95.06597074902673,0.010006597074902673,0.286248649332695,0.611111111111111,Unknown,0.0,0.05,0.7,"Significant premium with persistence score 0.61, liquidity score 0.29, and confidence 0.74.",True,False,-2618.037498194589,-35.35103121157956,-2.584951306789904,2026-03-20 00:00:00+00:00,2026-03-30 00:00:00+00:00
2026-03-19 00:00:00+00:00,SPY_^GSPC,HOLD,0.5808145481918856,0,0.0,0.0,0.0,0.0005727645588820278,1.0,0.6329767618818101,Unknown,0.0,0.05,0.7,Signal below confidence or profit threshold; no capital allocation recommended under conservative risk rules.,False,False,0.0,0.0,0.0,2026-03-19 00:00:00+00:00,2026-03-19 00:00:00+00:00
2026-03-19 00:00:00+00:00,FEZ_^STOXX50E,CREATE,0.8833333333333333,14232,883333.3333333333,9158.28828992468,103.67873535763789,0.010867873535763788,1.0,0.611111111111111,Unknown,0.0,0.05,0.7,"Significant premium with persistence score 0.61, liquidity score 1.00, and confidence 0.88.",True,False,7212.612452857624,81.6522164474448,0.5894591555614118,2026-03-20 00:00:00+00:00,2026-03-30 00:00:00+00:00
2026-03-19 00:00:00+00:00,URTH_ACWI,CREATE,0.7932536140783708,4373,793253.6140783709,640.1190222296145,8.069538050240423,0.0013069538050240422,1.0,0.5253411524567446,Unknown,0.0,0.05,0.7,"Significant premium with persistence score 0.53, liquidity score 1.00, and confidence 0.79.",True,True,1022.2394471647157,12.88666611815426,0.9671905244663958,2026-03-20 00:00:00+00:00,2026-03-30 00:00:00+00:00
2026-03-19 00:00:00+00:00,BNKE.L_^STOXX50E,HOLD,0.6701976824111022,0,0.0,0.0,0.0,0.010030105121359389,0.16765507872217814,0.4555555555555555,Unknown,0.0,0.05,0.7,Signal below confidence or profit threshold; no capital allocation recommended under conservative risk rules.,False,False,0.0,0.0,0.0,2026-03-19 00:00:00+00:00,2026-03-19 00:00:00+00:00
2026-03-19 00:00:00+00:00,EUFN_^STOXX,CREATE,0.9066666666666667,26479,906666.6666666667,9520.651039038336,105.00718057762869,0.01100071805776287,1.0,0.6888888888888889,Unknown,0.0,0.05,0.7,"Significant premium with persistence score 0.69, liquidity score 1.00, and confidence 0.91.",True,False,9451.53462544161,104.24486719237069,0.7162788406834653,2026-03-20 00:00:00+00:00,2026-03-30 00:00:00+00:00
2026-03-20 00:00:00+00:00,EUFN_^STOXX,CREATE,0.8833333333333333,26678,883333.3333333333,9216.357230817779,104.33611959416355,0.010933611959416355,1.0,0.611111111111111,Unknown,0.0,0.05,0.7,"Significant premium with persistence score 0.61, liquidity score 1.00, and confidence 0.88.",True,False,-11943.987746962366,-135.21495562598906,-0.5145766703341838,2026-03-23 00:00:00+00:00,2026-03-31 00:00:00+00:00
2026-03-20 00:00:00+00:00,BNK.PA_^FCHI,CREATE,0.736206481311994,13468,736206.4813119939,7115.621416500555,96.65252340375763,0.010165252340375764,0.2643657398933029,0.611111111111111,Unknown,0.0,0.05,0.7,"Significant premium with persistence score 0.61, liquidity score 0.26, and confidence 0.74.",True,True,8038.774564345744,109.19184723856057,0.8954971867310937,2026-03-23 00:00:00+00:00,2026-03-31 00:00:00+00:00
2026-03-20 00:00:00+00:00,URTH_ACWI,CREATE,0.8324947685526523,4676,832494.7685526522,708.3574714037445,8.508851925103041,0.0013508851925103042,1.0,0.6073323479418367,Unknown,0.0,0.05,0.7,"Significant premium with persistence score 0.61, liquidity score 1.00, and confidence 0.83.",True,False,-212.86703018657835,-2.5569773916617144,0.10371251345680221,2026-03-23 00:00:00+00:00,2026-03-31 00:00:00+00:00
2026-03-20 00:00:00+00:00,FEZ_^STOXX50E,CREATE,0.8600000000000001,14355,860000.0000000001,8988.62626378715,104.51891004403662,0.010951891004403662,1.0,0.5333333333333333,Unknown,0.0,0.05,0.7,"Significant premium with persistence score 0.53, liquidity score 1.00, and confidence 0.86.",True,False,-14416.275127764915,-167.63110613680132,-0.9976292237228163,2026-03-23 00:00:00+00:00,2026-03-31 00:00:00+00:00
2026-03-20 00:00:00+00:00,SPY_^GSPC,HOLD,0.6127438497158146,0,0.0,0.0,0.0,0.0006581561739235814,1.0,0.6445281946931806,Unknown,0.0,0.05,0.7,Signal below confidence or profit threshold; no capital allocation recommended under conservative risk rules.,False,False,0.0,0.0,0.0,2026-03-20 00:00:00+00:00,2026-03-20 00:00:00+00:00
2026-03-20 00:00:00+00:00,BNKE.L_^STOXX50E,HOLD,0.6905776709003194,0,0.0,0.0,0.0,0.00993025179126248,0.15288835450159707,0.5333333333333333,Unknown,0.0,0.05,0.7,Signal below confidence or profit threshold; no capital allocation recommended under conservative risk rules.,False,False,0.0,0.0,0.0,2026-03-20 00:00:00+00:00,2026-03-20 00:00:00+00:00
2026-03-20 00:00:00+00:00,QQQ_^NDX,HOLD,0.5477560950771239,0,0.0,0.0,0.0,0.0006161376696748058,1.0,0.47458957284062825,Unknown,0.0,0.05,0.7,Signal below confidence or profit threshold; no capital allocation recommended under conservative risk rules.,False,False,0.0,0.0,0.0,2026-03-20 00:00:00+00:00,2026-03-20 00:00:00+00:00
2026-03-20 00:00:00+00:00,ESE.PA_^GSPC,CREATE,0.7359168047934812,25687,735916.8047934812,5100.124164379065,69.30299907759685,0.007430299907759686,0.14625069063407262,0.6888888888888889,Unknown,0.0,0.05,0.7,"Significant premium with persistence score 0.69, liquidity score 0.15, and confidence 0.74.",True,False,-15661.273682250849,-212.81310034285517,-2.218832997358209,2026-03-23 00:00:00+00:00,2026-03-31 00:00:00+00:00
2026-03-23 00:00:00+00:00,QQQ_^NDX,HOLD,0.5029779577182971,0,0.0,0.0,0.0,0.0005450226283737015,1.0,0.4043458275346551,Unknown,0.0,0.05,0.7,Signal below confidence or profit threshold; no capital allocation recommended under conservative risk rules.,False,False,0.0,0.0,0.0,2026-03-23 00:00:00+00:00,2026-03-23 00:00:00+00:00
2026-03-23 00:00:00+00:00,BNK.PA_^FCHI,CREATE,0.7377775933468933,13224,737777.5933468933,6996.834811220204,94.83664012455829,0.00998366401245583,0.2722213000677999,0.611111111111111,Unknown,0.0,0.05,0.7,"Significant premium with persistence score 0.61, liquidity score 0.27, and confidence 0.74.",True,False,-17699.97126305665,-239.90930902037243,-13.244288178460337,2026-03-24 00:00:00+00:00,2026-04-01 00:00:00+00:00
2026-03-23 00:00:00+00:00,SPY_^GSPC,HOLD,0.5642289782439176,0,0.0,0.0,0.0,0.000569855912407273,1.0,0.580923358138311,Unknown,0.0,0.05,0.7,Signal below confidence or profit threshold; no capital allocation recommended under conservative risk rules.,False,False,0.0,0.0,0.0,2026-03-23 00:00:00+00:00,2026-03-23 00:00:00+00:00
2026-03-23 00:00:00+00:00,ESE.PA_^GSPC,CREATE,0.7135094776822091,24853,713509.4776822091,5229.881168732512,73.29799157989399,0.0078297991579894,0.15088072174437842,0.611111111111111,Unknown,0.0,0.05,0.7,"Significant premium with persistence score 0.61, liquidity score 0.15, and confidence 0.71.",True,False,-5731.220080191909,-80.32437212760534,-2.8970553102399985,2026-03-24 00:00:00+00:00,2026-04-01 00:00:00+00:00
2026-03-23 00:00:00+00:00,EUFN_^STOXX,CREATE,0.9066666666666667,26549,906666.6666666667,9921.462114802542,109.42789097208686,0.011442789097208686,1.0,0.6888888888888889,Unknown,0.0,0.05,0.7,"Significant premium with persistence score 0.69, liquidity score 1.00, and confidence 0.91.",True,False,8628.879421157506,95.17146420394307,0.660367793615048,2026-03-24 00:00:00+00:00,2026-04-01 00:00:00+00:00
2026-03-23 00:00:00+00:00,BNKE.L_^STOXX50E,HOLD,0.688861044136078,0,0.0,0.0,0.0,0.009912830612641308,0.1443052206803894,0.5333333333333333,Unknown,0.0,0.05,0.7,Signal below confidence or profit threshold; no capital allocation recommended under conservative risk rules.,False,False,0.0,0.0,0.0,2026-03-23 00:00:00+00:00,2026-03-23 00:00:00+00:00
2026-03-23 00:00:00+00:00,URTH_ACWI,CREATE,0.8833333333333333,4892,883333.3333333333,887.6848984955658,10.049263001836596,0.0015049263001836594,1.0,0.611111111111111,Unknown,0.0,0.05,0.7,"Significant premium with persistence score 0.61, liquidity score 1.00, and confidence 0.88.",True,True,598.1978944753639,6.772051635570158,0.682285584426623,2026-03-24 00:00:00+00:00,2026-04-01 00:00:00+00:00
2026-03-23 00:00:00+00:00,FEZ_^STOXX50E,CREATE,0.8833333333333333,14321,883333.3333333333,9420.418989669795,106.64625271324297,0.011164625271324297,1.0,0.611111111111111,Unknown,0.0,0.05,0.7,"Significant premium with persistence score 0.61, liquidity score 1.00, and confidence 0.88.",True,False,-3791.7453843312464,-42.9254194452594,-0.37905352648043583,2026-03-24 00:00:00+00:00,2026-04-01 00:00:00+00:00
2026-03-24 00:00:00+00:00,URTH_ACWI,CREATE,0.9066666666666667,5041,906666.6666666667,944.2834724200512,10.414891239927035,0.0015414891239927035,1.0,0.6888888888888889,Unknown,0.0,0.05,0.7,"Significant premium with persistence score 0.69, liquidity score 1.00, and confidence 0.91.",True,False,285.8211839595482,3.152439528965605,0.41447111452127566,2026-03-25 00:00:00+00:00,2026-04-02 00:00:00+00:00
2026-03-24 00:00:00+00:00,BNK.PA_^FCHI,CREATE,0.736434429945249,13193,736434.429945249,6465.571126877875,87.7956117200898,0.00927956117200898,0.26550548305957794,0.611111111111111,Unknown,0.0,0.05,0.7,"Significant premium with persistence score 0.61, liquidity score 0.27, and confidence 0.74.",True,False,-7711.752134071458,-104.71743064273619,-22.473982528481347,2026-03-25 00:00:00+00:00,2026-04-02 00:00:00+00:00
2026-03-24 00:00:00+00:00,EUFN_^STOXX,CREATE,0.8833333333333333,26149,883333.3333333333,9573.924162076235,108.38404711784418,0.011338404711784418,1.0,0.611111111111111,Unknown,0.0,0.05,0.7,"Significant premium with persistence score 0.61, liquidity score 1.00, and confidence 0.88.",True,False,-61.77429319408953,-0.6993316210651646,0.06877039226715724,2026-03-25 00:00:00+00:00,2026-04-02 00:00:00+00:00
2026-03-24 00:00:00+00:00,BNKE.L_^STOXX50E,HOLD,0.687018365722463,0,0.0,0.0,0.0,0.009860707125871131,0.13509182861231486,0.5333333333333333,Unknown,0.0,0.05,0.7,Signal below confidence or profit threshold; no capital allocation recommended under conservative risk rules.,False,False,0.0,0.0,0.0,2026-03-24 00:00:00+00:00,2026-03-24 00:00:00+00:00
2026-03-24 00:00:00+00:00,ESE.PA_^GSPC,CREATE,0.738782444214185,25763,738782.444214185,5479.194729962188,74.16519941523786,0.007916519941523786,0.16057888773759207,0.6888888888888889,Unknown,0.0,0.05,0.7,"Significant premium with persistence score 0.69, liquidity score 0.16, and confidence 0.74.",True,False,-706.8017859065699,-9.567116699130125,-1.5583659232995728,2026-03-25 00:00:00+00:00,2026-04-02 00:00:00+00:00
2026-03-24 00:00:00+00:00,FEZ_^STOXX50E,CREATE,0.8600000000000001,14066,860000.0000000001,9103.035387740409,105.84924869465591,0.01108492486946559,1.0,0.5333333333333333,Unknown,0.0,0.05,0.7,"Significant premium with persistence score 0.53, liquidity score 1.00, and confidence 0.86.",True,False,-1862.926688051386,-21.66193823315565,-2.2467818326940425,2026-03-25 00:00:00+00:00,2026-04-02 00:00:00+00:00
2026-03-24 00:00:00+00:00,QQQ_^NDX,HOLD,0.5623608685465826,0,0.0,0.0,0.0,0.0006416261078649108,1.0,0.49495166419426373,Unknown,0.0,0.05,0.7,Signal below confidence or profit threshold; no capital allocation recommended under conservative risk rules.,False,False,0.0,0.0,0.0,2026-03-24 00:00:00+00:00,2026-03-24 00:00:00+00:00
2026-03-24 00:00:00+00:00,SPY_^GSPC,HOLD,0.6174454217074397,0,0.0,0.0,0.0,0.0006604603520413603,1.0,0.6576399034232875,Unknown,0.0,0.05,0.7,Signal below confidence or profit threshold; no capital allocation recommended under conservative risk rules.,False,False,0.0,0.0,0.0,2026-03-24 00:00:00+00:00,2026-03-24 00:00:00+00:00
2026-03-25 00:00:00+00:00,URTH_ACWI,CREATE,0.8531616437639051,4708,853161.6437639052,775.9376589593422,9.094849312917153,0.0014094849312917155,1.0,0.611111111111111,Unknown,0.0,0.05,0.7,"Significant premium with persistence score 0.61, liquidity score 1.00, and confidence 0.85.",True,True,2276.6498413569457,26.68485928777831,0.8213137944505322,2026-03-26 00:00:00+00:00,2026-04-06 00:00:00+00:00
2026-03-25 00:00:00+00:00,FEZ_^STOXX50E,CREATE,0.8600000000000001,13906,860000.0000000001,9135.622468998776,106.22816824417178,0.01112281682441718,1.0,0.5333333333333333,Unknown,0.0,0.05,0.7,"Significant premium with persistence score 0.53, liquidity score 1.00, and confidence 0.86.",True,False,-8590.190465489615,-99.88593564522807,-1.2562889006313884,2026-03-26 00:00:00+00:00,2026-04-07 00:00:00+00:00
2026-03-25 00:00:00+00:00,BNK.PA_^FCHI,CREATE,0.7268190323556722,12856,726819.0323556722,6161.80602629302,84.77771978978272,0.008977771978978272,0.21742849511169435,0.611111111111111,Unknown,0.0,0.05,0.7,"Significant premium with persistence score 0.61, liquidity score 0.22, and confidence 0.73.",True,False,-765.2140214581841,-10.52826064526779,-0.2023009018941006,2026-03-26 00:00:00+00:00,2026-04-07 00:00:00+00:00
2026-03-25 00:00:00+00:00,SPY_^GSPC,HOLD,0.5911273805724966,0,0.0,0.0,0.0,0.0005781790207805841,1.0,0.6613368010410059,Unknown,0.0,0.05,0.7,Signal below confidence or profit threshold; no capital allocation recommended under conservative risk rules.,False,False,0.0,0.0,0.0,2026-03-25 00:00:00+00:00,2026-03-25 00:00:00+00:00
2026-03-25 00:00:00+00:00,EUFN_^STOXX,CREATE,0.9066666666666667,26303,906666.6666666667,9633.859062399688,106.25579848234949,0.01112557984823495,1.0,0.6888888888888889,Unknown,0.0,0.05,0.7,"Significant premium with persistence score 0.69, liquidity score 1.00, and confidence 0.91.",True,False,-4693.126201981815,-51.762421345387665,-0.3042318578239061,2026-03-26 00:00:00+00:00,2026-04-07 00:00:00+00:00
2026-03-25 00:00:00+00:00,ESE.PA_^GSPC,CREATE,0.7362145992179769,25527,736214.5992179769,5244.518714361824,71.23627703026625,0.007623627703026626,0.14773966275655112,0.6888888888888889,Unknown,0.0,0.05,0.7,"Significant premium with persistence score 0.69, liquidity score 0.15, and confidence 0.74.",True,False,-2156.1824697938746,-29.287417990409566,-0.3285596469138212,2026-03-26 00:00:00+00:00,2026-04-07 00:00:00+00:00
2026-03-25 00:00:00+00:00,BNKE.L_^STOXX50E,CREATE,0.7085510023831075,2745,708551.0023831076,6631.626712094481,93.5942040839682,0.00985942040839682,0.12608834524887086,0.611111111111111,Unknown,0.0,0.05,0.7,"Significant premium with persistence score 0.61, liquidity score 0.13, and confidence 0.71.",True,False,-3826.87125472843,-54.00982063192782,-0.9265342740750205,2026-03-26 00:00:00+00:00,2026-04-07 00:00:00+00:00
2026-03-25 00:00:00+00:00,QQQ_^NDX,HOLD,0.5054686404078486,0,0.0,0.0,0.0,0.0005411145817373934,1.0,0.4169903772068356,Unknown,0.0,0.05,0.7,Signal below confidence or profit threshold; no capital allocation recommended under conservative risk rules.,False,False,0.0,0.0,0.0,2026-03-25 00:00:00+00:00,2026-03-25 00:00:00+00:00
2026-03-26 00:00:00+00:00,BNK.PA_^FCHI,CREATE,0.7173711658263601,12850,717371.1658263601,6223.816667542277,86.75866781421144,0.009175866781421144,0.17018916246513366,0.611111111111111,Unknown,0.0,0.05,0.7,"Significant premium with persistence score 0.61, liquidity score 0.17, and confidence 0.72.",True,False,-12797.149833591484,-178.38952056081158,-12.254779462662201,2026-03-27 00:00:00+00:00,2026-04-08 00:00:00+00:00
2026-03-26 00:00:00+00:00,URTH_ACWI,CREATE,0.8876013890763257,4985,887601.3890763257,836.8342884593887,9.428041672289773,0.0014428041672289774,1.0,0.6888888888888889,Unknown,0.0,0.05,0.7,"Significant premium with persistence score 0.69, liquidity score 1.00, and confidence 0.89.",True,False,147.89471281117815,1.666228947265207,0.5138284933283995,2026-03-27 00:00:00+00:00,2026-04-07 00:00:00+00:00
2026-03-26 00:00:00+00:00,ESE.PA_^GSPC,CREATE,0.7353764514322929,25756,735376.4514322929,5300.131299470699,72.07371529435885,0.007707371529435885,0.14354892382813136,0.6888888888888889,Unknown,0.0,0.05,0.7,"Significant premium with persistence score 0.69, liquidity score 0.14, and confidence 0.74.",True,False,-1652.9578565879383,-22.477709931674745,-0.9237103620766542,2026-03-27 00:00:00+00:00,2026-04-08 00:00:00+00:00
2026-03-26 00:00:00+00:00,BNKE.L_^STOXX50E,CREATE,0.7072002805006409,2796,707200.2805006409,6102.088568102504,86.28515480484137,0.009128515480484137,0.11933473583653768,0.611111111111111,Unknown,0.0,0.05,0.7,"Significant premium with persistence score 0.61, liquidity score 0.12, and confidence 0.71.",True,False,-7776.102371789845,-109.95615508360645,-3.189705466930621,2026-03-27 00:00:00+00:00,2026-04-08 00:00:00+00:00
2026-03-26 00:00:00+00:00,SPY_^GSPC,HOLD,0.5632638950361197,0,0.0,0.0,0.0,0.0005629815902865341,1.0,0.5853445498020281,Unknown,0.0,0.05,0.7,Signal below confidence or profit threshold; no capital allocation recommended under conservative risk rules.,False,False,0.0,0.0,0.0,2026-03-26 00:00:00+00:00,2026-03-26 00:00:00+00:00
2026-03-26 00:00:00+00:00,FEZ_^STOXX50E,CREATE,0.8600000000000001,14224,860000.0000000001,8301.518971182491,96.52929036258709,0.01015292903625871,1.0,0.5333333333333333,Unknown,0.0,0.05,0.7,"Significant premium with persistence score 0.53, liquidity score 1.00, and confidence 0.86.",True,False,-4247.566747827082,-49.39031102124513,-39.27874843693898,2026-03-27 00:00:00+00:00,2026-04-08 00:00:00+00:00
2026-03-26 00:00:00+00:00,QQQ_^NDX,HOLD,0.49384653414308477,0,0.0,0.0,0.0,0.000584435215784456,1.0,0.33011598516088714,Unknown,0.0,0.05,0.7,Signal below confidence or profit threshold; no capital allocation recommended under conservative risk rules.,False,False,0.0,0.0,0.0,2026-03-26 00:00:00+00:00,2026-03-26 00:00:00+00:00
2026-03-26 00:00:00+00:00,EUFN_^STOXX,CREATE,0.9066666666666667,27024,906666.6666666667,9539.302522394391,105.21289546758518,0.011021289546758519,1.0,0.6888888888888889,Unknown,0.0,0.05,0.7,"Significant premium with persistence score 0.69, liquidity score 1.00, and confidence 0.91.",True,False,-3925.009784109354,-43.290549089441406,-4.2824137700090885,2026-03-27 00:00:00+00:00,2026-04-08 00:00:00+00:00
2026-03-27 00:00:00+00:00,EUFN_^STOXX,CREATE,0.9066666666666667,27259,906666.6666666667,9591.528182712234,105.78891377991434,0.011078891377991435,1.0,0.6888888888888889,Unknown,0.0,0.05,0.7,"Significant premium with persistence score 0.69, liquidity score 1.00, and confidence 0.91.",True,False,905.5195658612759,9.987348152881719,0.34634916999708926,2026-03-30 00:00:00+00:00,2026-04-09 00:00:00+00:00
2026-03-27 00:00:00+00:00,SPY_^GSPC,HOLD,0.5369408811711698,0,0.0,0.0,0.0,0.0005454908371010094,1.0,0.517035340458333,Unknown,0.0,0.05,0.7,Signal below confidence or profit threshold; no capital allocation recommended under conservative risk rules.,False,False,0.0,0.0,0.0,2026-03-27 00:00:00+00:00,2026-03-27 00:00:00+00:00
2026-03-27 00:00:00+00:00,URTH_ACWI,CREATE,0.9066666666666667,5168,906666.6666666667,2244.956539326146,24.760550066097196,0.0029760550066097197,1.0,0.6888888888888889,Unknown,0.0,0.05,0.7,"Significant premium with persistence score 0.69, liquidity score 1.00, and confidence 0.91.",True,False,-3193.876238082144,-35.226576155317765,-49.81639553088631,2026-03-30 00:00:00+00:00,2026-04-08 00:00:00+00:00
2026-03-27 00:00:00+00:00,BNK.PA_^FCHI,CREATE,0.7171497874355978,12940,717149.7874355977,6232.194515312767,86.90227096905383,0.009190227096905383,0.16908227051132202,0.611111111111111,Unknown,0.0,0.05,0.7,"Significant premium with persistence score 0.61, liquidity score 0.17, and confidence 0.72.",True,False,1693.9577670753802,23.620696774277476,0.6799482441692914,2026-03-30 00:00:00+00:00,2026-04-09 00:00:00+00:00
2026-03-27 00:00:00+00:00,BNKE.L_^STOXX50E,CREATE,0.7300171756428121,2908,730017.175642812,6260.491615885945,85.75814138034914,0.009075814138034915,0.11675254488072714,0.6888888888888889,Unknown,0.0,0.05,0.7,"Significant premium with persistence score 0.69, liquidity score 0.12, and confidence 0.73.",True,False,3370.5429876848043,46.17073543121631,0.7949211941491608,2026-03-30 00:00:00+00:00,2026-04-09 00:00:00+00:00
2026-03-27 00:00:00+00:00,QQQ_^NDX,HOLD,0.45510787198460245,0,0.0,0.0,0.0,0.00046121512130783705,1.0,0.3378983273844114,Unknown,0.0,0.05,0.7,Signal below confidence or profit threshold; no capital allocation recommended under conservative risk rules.,False,False,0.0,0.0,0.0,2026-03-27 00:00:00+00:00,2026-03-27 00:00:00+00:00
2026-03-27 00:00:00+00:00,FEZ_^STOXX50E,CREATE,0.8366666666666667,13991,836666.6666666666,8071.937915456651,96.47734560306756,0.010147734560306754,1.0,0.4555555555555555,Unknown,0.0,0.05,0.7,"Significant premium with persistence score 0.46, liquidity score 1.00, and confidence 0.84.",True,False,1322.973111510969,15.812427627621144,0.3448580841216143,2026-03-30 00:00:00+00:00,2026-04-09 00:00:00+00:00
2026-03-27 00:00:00+00:00,ESE.PA_^GSPC,CREATE,0.7599682983493741,27018,759968.2983493741,5056.564141566477,66.53651412235439,0.007153651412235441,0.14984149174687067,0.7666666666666666,Unknown,0.0,0.05,0.7,"Significant premium with persistence score 0.77, liquidity score 0.15, and confidence 0.76.",True,True,4690.36071229988,61.71784694818439,0.8145525409733247,2026-03-30 00:00:00+00:00,2026-04-09 00:00:00+00:00
2026-03-30 00:00:00+00:00,URTH_ACWI,CREATE,0.9027936678395434,5160,902793.6678395434,892.3041113895126,9.8838100351863,0.00148838100351863,1.0,0.6888888888888889,Unknown,0.0,0.05,0.7,"Significant premium with persistence score 0.69, liquidity score 1.00, and confidence 0.90.",True,False,896.3141628634072,9.928228285078227,0.707073576813356,2026-03-31 00:00:00+00:00,2026-04-09 00:00:00+00:00
2026-03-30 00:00:00+00:00,ESE.PA_^GSPC,CREATE,0.783706514157917,27745,783706.514157917,5565.466913510853,71.01468232008865,0.007601468232008865,0.15186590412291845,0.8444444444444443,Unknown,0.0,0.05,0.7,"Significant premium with persistence score 0.84, liquidity score 0.15, and confidence 0.78.",True,False,20667.009484811908,263.70853261336424,0.8913221655993677,2026-03-31 00:00:00+00:00,2026-04-10 00:00:00+00:00
2026-03-30 00:00:00+00:00,QQQ_^NDX,HOLD,0.519479075703727,0,0.0,0.0,0.0,0.0005867725248204985,1.0,0.41296078032298045,Unknown,0.0,0.05,0.7,Signal below confidence or profit threshold; no capital allocation recommended under conservative risk rules.,False,False,0.0,0.0,0.0,2026-03-30 00:00:00+00:00,2026-03-30 00:00:00+00:00
2026-03-30 00:00:00+00:00,EUFN_^STOXX,CREATE,0.8833333333333333,26423,883333.3333333333,8371.62869291094,94.77315501408611,0.009977315501408611,1.0,0.611111111111111,Unknown,0.0,0.05,0.7,"Significant premium with persistence score 0.61, liquidity score 1.00, and confidence 0.88.",True,True,33254.40503718782,376.46496268514517,0.9952968205003141,2026-03-31 00:00:00+00:00,2026-04-10 00:00:00+00:00
2026-03-30 00:00:00+00:00,FEZ_^STOXX50E,CREATE,0.8366666666666667,13984,836666.6666666666,7941.16301453028,94.91429897844955,0.009991429897844956,1.0,0.4555555555555555,Unknown,0.0,0.05,0.7,"Significant premium with persistence score 0.46, liquidity score 1.00, and confidence 0.84.",True,True,24758.920130783747,295.9233481766982,0.9240735705675515,2026-03-31 00:00:00+00:00,2026-04-10 00:00:00+00:00
2026-03-30 00:00:00+00:00,SPY_^GSPC,HOLD,0.5667429536638413,0,0.0,0.0,0.0,0.0006209174610413255,1.0,0.5325682221668869,Unknown,0.0,0.05,0.7,Signal below confidence or profit threshold; no capital allocation recommended under conservative risk rules.,False,False,0.0,0.0,0.0,2026-03-30 00:00:00+00:00,2026-03-30 00:00:00+00:00
2026-03-30 00:00:00+00:00,BNK.PA_^FCHI,HOLD,0.6921575467448019,0,0.0,0.0,0.0,0.008500989757560471,0.1607877337240092,0.5333333333333333,Unknown,0.0,0.05,0.7,Signal below confidence or profit threshold; no capital allocation recommended under conservative risk rules.,False,False,0.0,0.0,0.0,2026-03-30 00:00:00+00:00,2026-03-30 00:00:00+00:00
2026-03-30 00:00:00+00:00,BNKE.L_^STOXX50E,CREATE,0.7267708239751892,2895,726770.8239751892,6264.5826718594735,86.19749809980452,0.009119749809980452,0.1005207865426127,0.6888888888888889,Unknown,0.0,0.05,0.7,"Significant premium with persistence score 0.69, liquidity score 0.10, and confidence 0.73.",True,False,-476.02931551946443,-6.549923302035516,-0.014359891658874281,2026-03-31 00:00:00+00:00,2026-04-10 00:00:00+00:00
2026-03-31 00:00:00+00:00,EUFN_^STOXX,CREATE,0.9066666666666667,26016,906666.6666666667,9843.181093989553,108.56449736017888,0.011356449736017888,1.0,0.6888888888888889,Unknown,0.0,0.05,0.7,"Significant premium with persistence score 0.69, liquidity score 1.00, and confidence 0.91.",True,False,-9820.914867655645,-108.31891398149607,-2.0054545713481344,2026-04-01 00:00:00+00:00,2026-04-13 00:00:00+00:00
2026-03-31 00:00:00+00:00,SPY_^GSPC,HOLD,0.5430560724408682,0,0.0,0.0,0.0,0.0005583426994204745,1.0,0.5231394643357,Unknown,0.0,0.05,0.7,Signal below confidence or profit threshold; no capital allocation recommended under conservative risk rules.,False,False,0.0,0.0,0.0,2026-03-31 00:00:00+00:00,2026-03-31 00:00:00+00:00
2026-03-31 00:00:00+00:00,QQQ_^NDX,HOLD,0.5513368499087992,0,0.0,0.0,0.0,0.0007515909759259314,1.0,0.3360217486671847,Unknown,0.0,0.05,0.7,Signal below confidence or profit threshold; no capital allocation recommended under conservative risk rules.,False,False,0.0,0.0,0.0,2026-03-31 00:00:00+00:00,2026-03-31 00:00:00+00:00
2026-03-31 00:00:00+00:00,URTH_ACWI,CREATE,0.8833333333333333,4906,883333.3333333333,2405.1938617721594,27.22860975591124,0.003222860975591124,1.0,0.611111111111111,Unknown,0.0,0.05,0.7,"Significant premium with persistence score 0.61, liquidity score 1.00, and confidence 0.88.",True,False,-234.0093071922331,-2.64916196821396,0.42884448047025386,2026-04-01 00:00:00+00:00,2026-04-10 00:00:00+00:00
2026-03-31 00:00:00+00:00,FEZ_^STOXX50E,CREATE,0.8600000000000001,13853,860000.0000000001,9311.541589116538,108.27373940833182,0.011327373940833182,1.0,0.5333333333333333,Unknown,0.0,0.05,0.7,"Significant premium with persistence score 0.53, liquidity score 1.00, and confidence 0.86.",True,False,2115.3896442991722,24.59755400347874,0.2145086685350731,2026-04-01 00:00:00+00:00,2026-04-13 00:00:00+00:00
2026-03-31 00:00:00+00:00,BNKE.L_^STOXX50E,CREATE,0.7258235554316915,2846,725823.5554316916,6277.6173955845625,86.48957930072798,0.009148957930072798,0.0957844438251241,0.6888888888888889,Unknown,0.0,0.05,0.7,"Significant premium with persistence score 0.69, liquidity score 0.10, and confidence 0.73.",True,True,10943.402433080964,150.7722138691442,0.937220238435857,2026-04-01 00:00:00+00:00,2026-04-13 00:00:00+00:00
2026-03-31 00:00:00+00:00,ESE.PA_^GSPC,CREATE,0.760628480109492,26955,760628.480109492,7850.696699338845,103.21328880833838,0.010821328880833836,0.15314240054745992,0.7666666666666666,Unknown,0.0,0.05,0.7,"Significant premium with persistence score 0.77, liquidity score 0.15, and confidence 0.76.",True,False,-411.35206111594283,-5.408054942364622,-0.0040272013076034984,2026-04-01 00:00:00+00:00,2026-04-13 00:00:00+00:00
2026-03-31 00:00:00+00:00,BNK.PA_^FCHI,HOLD,0.6915115424810588,0,0.0,0.0,0.0,0.008414776147584865,0.1575577124052938,0.5333333333333333,Unknown,0.0,0.05,0.7,Signal below confidence or profit threshold; no capital allocation recommended under conservative risk rules.,False,False,0.0,0.0,0.0,2026-03-31 00:00:00+00:00,2026-03-31 00:00:00+00:00
2026-04-01 00:00:00+00:00,BNKE.L_^STOXX50E,CREATE,0.7564863405886637,2836,756486.3405886637,8080.760548708717,106.8196491482005,0.01118196491482005,0.13243170294331869,0.7666666666666666,Unknown,0.0,0.05,0.7,"Significant premium with persistence score 0.77, liquidity score 0.13, and confidence 0.76.",True,False,-302.940004691194,-4.004566750742118,0.011819796182559513,2026-04-02 00:00:00+00:00,2026-04-14 00:00:00+00:00
2026-04-01 00:00:00+00:00,QQQ_^NDX,HOLD,0.4526600521923639,0,0.0,0.0,0.0,0.0003776080336928593,1.0,0.4226356920935916,Unknown,0.0,0.05,0.7,Signal below confidence or profit threshold; no capital allocation recommended under conservative risk rules.,False,False,0.0,0.0,0.0,2026-04-01 00:00:00+00:00,2026-04-01 00:00:00+00:00
2026-04-01 00:00:00+00:00,URTH_ACWI,CREATE,0.8833333333333333,4858,883333.3333333333,1409.6887356433417,15.95874040350953,0.0020958740403509532,1.0,0.611111111111111,Unknown,0.0,0.05,0.7,"Significant premium with persistence score 0.61, liquidity score 1.00, and confidence 0.88.",True,False,-218.60578608092075,-2.474782483934952,0.21925885977216544,2026-04-02 00:00:00+00:00,2026-04-13 00:00:00+00:00
2026-04-01 00:00:00+00:00,BNK.PA_^FCHI,CREATE,0.714827232436849,12181,714827.232436849,8496.834687755196,118.86557061892354,0.012386557061892354,0.15746949551757813,0.611111111111111,Unknown,0.0,0.05,0.7,"Significant premium with persistence score 0.61, liquidity score 0.16, and confidence 0.71.",True,False,162.89286403369573,2.278772501131403,0.06988441399145329,2026-04-02 00:00:00+00:00,2026-04-14 00:00:00+00:00
2026-04-01 00:00:00+00:00,ESE.PA_^GSPC,CREATE,0.785536233496165,27364,785536.233496165,8751.033627293262,111.4020366488414,0.01164020366488414,0.1610145008141581,0.8444444444444443,Unknown,0.0,0.05,0.7,"Significant premium with persistence score 0.84, liquidity score 0.16, and confidence 0.79.",True,False,-278.20665357113853,-3.5416145265881838,0.19450779120082676,2026-04-02 00:00:00+00:00,2026-04-14 00:00:00+00:00
2026-04-01 00:00:00+00:00,SPY_^GSPC,HOLD,0.4880935733337614,0,0.0,0.0,0.0,0.0003910105068590893,1.0,0.5258557923802164,Unknown,0.0,0.05,0.7,Signal below confidence or profit threshold; no capital allocation recommended under conservative risk rules.,False,False,0.0,0.0,0.0,2026-04-01 00:00:00+00:00,2026-04-01 00:00:00+00:00
2026-04-01 00:00:00+00:00,FEZ_^STOXX50E,CREATE,0.8366666666666667,13271,836666.6666666666,10143.961578998511,121.24256867328897,0.012624256867328898,1.0,0.4555555555555555,Unknown,0.0,0.05,0.7,"Significant premium with persistence score 0.46, liquidity score 1.00, and confidence 0.84.",True,False,-722.9316506159109,-8.640617338038776,-0.1512019211164725,2026-04-02 00:00:00+00:00,2026-04-14 00:00:00+00:00
2026-04-01 00:00:00+00:00,EUFN_^STOXX,CREATE,0.8833333333333333,24854,883333.3333333333,10064.911668386683,113.94239624588698,0.0118942396245887,1.0,0.611111111111111,Unknown,0.0,0.05,0.7,"Significant premium with persistence score 0.61, liquidity score 1.00, and confidence 0.88.",True,False,3640.135400567461,41.209080006424095,0.7934801967000504,2026-04-02 00:00:00+00:00,2026-04-14 00:00:00+00:00
2026-04-02 00:00:00+00:00,URTH_ACWI,CREATE,0.8833333333333333,4860,883333.3333333333,1513.6046150484335,17.135146585453967,0.002213514658545397,1.0,0.611111111111111,Unknown,0.0,0.05,0.7,"Significant premium with persistence score 0.61, liquidity score 1.00, and confidence 0.88.",True,False,-744.1132019578861,-8.423923041032673,-0.4966955880346798,2026-04-06 00:00:00+00:00,2026-04-14 00:00:00+00:00
2026-04-02 00:00:00+00:00,FEZ_^STOXX50E,CREATE,0.8366666666666667,13397,836666.6666666666,9977.868249198675,119.2573894326535,0.01242573894326535,1.0,0.4555555555555555,Unknown,0.0,0.05,0.7,"Significant premium with persistence score 0.46, liquidity score 1.00, and confidence 0.84.",True,True,13397.646373589676,160.13123155684872,0.9689964618454691,2026-04-07 00:00:00+00:00,2026-04-15 00:00:00+00:00
2026-04-02 00:00:00+00:00,ESE.PA_^GSPC,CREATE,0.7866731268466834,27353,786673.1268466834,8946.765310458299,113.72913355157681,0.01187291335515768,0.16669896756675084,0.8444444444444443,Unknown,0.0,0.05,0.7,"Significant premium with persistence score 0.84, liquidity score 0.17, and confidence 0.79.",True,False,6010.39969447929,76.40275852019374,0.82887862631042,2026-04-07 00:00:00+00:00,2026-04-15 00:00:00+00:00
2026-04-02 00:00:00+00:00,QQQ_^NDX,HOLD,0.4463611504337466,0,0.0,0.0,0.0,0.0003648340331824516,1.0,0.4158326867986534,Unknown,0.0,0.05,0.7,Signal below confidence or profit threshold; no capital allocation recommended under conservative risk rules.,False,False,0.0,0.0,0.0,2026-04-02 00:00:00+00:00,2026-04-02 00:00:00+00:00
2026-04-02 00:00:00+00:00,SPY_^GSPC,HOLD,0.47728360151695354,0,0.0,0.0,0.0,0.00044604074332295964,1.0,0.428677845808779,Unknown,0.0,0.05,0.7,Signal below confidence or profit threshold; no capital allocation recommended under conservative risk rules.,False,False,0.0,0.0,0.0,2026-04-02 00:00:00+00:00,2026-04-02 00:00:00+00:00
2026-04-02 00:00:00+00:00,EUFN_^STOXX,CREATE,0.8833333333333333,25044,883333.3333333333,10115.638623041361,114.51666365707202,0.011951666365707202,1.0,0.611111111111111,Unknown,0.0,0.05,0.7,"Significant premium with persistence score 0.61, liquidity score 1.00, and confidence 0.88.",True,True,10679.524373240787,120.90027592348063,0.6280288237603847,2026-04-07 00:00:00+00:00,2026-04-15 00:00:00+00:00
2026-04-02 00:00:00+00:00,BNKE.L_^STOXX50E,CREATE,0.7388192365193889,2813,738819.2365193889,8099.4391428541485,109.62680372280202,0.0114626803722802,0.16076284926361084,0.6888888888888889,Unknown,0.0,0.05,0.7,"Significant premium with persistence score 0.69, liquidity score 0.16, and confidence 0.74.",True,True,99.3212506001668,1.344324101089649,0.06225682912094764,2026-04-07 00:00:00+00:00,2026-04-15 00:00:00+00:00
2026-04-02 00:00:00+00:00,BNK.PA_^FCHI,CREATE,0.7151174707501272,12344,715117.4707501272,8734.668873326811,122.14313354929676,0.012714313354929676,0.15892068708396911,0.611111111111111,Unknown,0.0,0.05,0.7,"Significant premium with persistence score 0.61, liquidity score 0.16, and confidence 0.72.",True,False,-1291.7040064172152,-18.062822672508247,-0.3975879070601722,2026-04-07 00:00:00+00:00,2026-04-15 00:00:00+00:00
2026-04-06 00:00:00+00:00,URTH_ACWI,CREATE,0.8833333333333333,4839,883333.3333333333,1588.6000332020571,17.984151319268573,0.0022984151319268573,1.0,0.611111111111111,Unknown,0.0,0.05,0.7,"Significant premium with persistence score 0.61, liquidity score 1.00, and confidence 0.88.",True,False,-1888.2443303222458,-21.376350909308446,-2.596364077946223,2026-04-07 00:00:00+00:00,2026-04-15 00:00:00+00:00
2026-04-06 00:00:00+00:00,SPY_^GSPC,HOLD,0.5049629373057376,0,0.0,0.0,0.0,0.0004786737421809588,1.0,0.48468341081806005,Unknown,0.0,0.05,0.7,Signal below confidence or profit threshold; no capital allocation recommended under conservative risk rules.,False,False,0.0,0.0,0.0,2026-04-06 00:00:00+00:00,2026-04-06 00:00:00+00:00
2026-04-06 00:00:00+00:00,QQQ_^NDX,HOLD,0.45784578863442954,0,0.0,0.0,0.0,0.0004170817130931275,1.0,0.3960618364557346,Unknown,0.0,0.05,0.7,Signal below confidence or profit threshold; no capital allocation recommended under conservative risk rules.,False,False,0.0,0.0,0.0,2026-04-06 00:00:00+00:00,2026-04-06 00:00:00+00:00
2026-04-07 00:00:00+00:00,EUFN_^STOXX,CREATE,0.8833333333333333,24798,883333.3333333333,9947.887810991086,112.61759786027645,0.011761759786027644,1.0,0.611111111111111,Unknown,0.0,0.05,0.7,"Significant premium with persistence score 0.61, liquidity score 1.00, and confidence 0.88.",True,False,-2940.826428817465,-33.2923746658581,-0.5990099231266565,2026-04-08 00:00:00+00:00,2026-04-16 00:00:00+00:00
2026-04-07 00:00:00+00:00,BNK.PA_^FCHI,CREATE,0.7120617699024658,12334,712061.7699024659,8395.876236208513,117.90938077406587,0.012290938077406588,0.14364218284566244,0.611111111111111,Unknown,0.0,0.05,0.7,"Significant premium with persistence score 0.61, liquidity score 0.14, and confidence 0.71.",True,True,8025.932969614205,112.71399910591396,0.6276799590077698,2026-04-08 00:00:00+00:00,2026-04-16 00:00:00+00:00
2026-04-07 00:00:00+00:00,BNKE.L_^STOXX50E,CREATE,0.7383688853800455,2812,738368.8853800455,7831.101818967136,106.05947750542595,0.011105947750542593,0.15851109356689452,0.6888888888888889,Unknown,0.0,0.05,0.7,"Significant premium with persistence score 0.69, liquidity score 0.16, and confidence 0.74.",True,True,2673.6733343512196,36.21053632257343,0.2989285828609545,2026-04-08 00:00:00+00:00,2026-04-16 00:00:00+00:00
2026-04-07 00:00:00+00:00,URTH_ACWI,CREATE,0.8600000000000001,4713,860000.0000000001,1469.6015604132674,17.088390237363573,0.0022088390237363573,1.0,0.5333333333333333,Unknown,0.0,0.05,0.7,"Significant premium with persistence score 0.53, liquidity score 1.00, and confidence 0.86.",True,False,1866.1940120615589,21.699930372808822,0.8659436197858824,2026-04-08 00:00:00+00:00,2026-04-16 00:00:00+00:00
2026-04-07 00:00:00+00:00,QQQ_^NDX,HOLD,0.43592158198667386,0,0.0,0.0,0.0,0.0004390092992326472,1.0,0.29861716303041586,Unknown,0.0,0.05,0.7,Signal below confidence or profit threshold; no capital allocation recommended under conservative risk rules.,False,False,0.0,0.0,0.0,2026-04-07 00:00:00+00:00,2026-04-07 00:00:00+00:00
2026-04-07 00:00:00+00:00,SPY_^GSPC,HOLD,0.45848074281317136,0,0.0,0.0,0.0,0.0004112236809532817,1.0,0.40468727498470247,Unknown,0.0,0.05,0.7,Signal below confidence or profit threshold; no capital allocation recommended under conservative risk rules.,False,False,0.0,0.0,0.0,2026-04-07 00:00:00+00:00,2026-04-07 00:00:00+00:00
2026-04-07 00:00:00+00:00,ESE.PA_^GSPC,CREATE,0.7880107137477569,27527,788010.7137477569,9000.046586545881,114.2122363253402,0.011921223632534018,0.1733869020721181,0.8444444444444443,Unknown,0.0,0.05,0.7,"Significant premium with persistence score 0.84, liquidity score 0.17, and confidence 0.79.",True,False,-1945.5572162962615,-24.689476708295572,-0.5409358661718728,2026-04-08 00:00:00+00:00,2026-04-16 00:00:00+00:00
2026-04-07 00:00:00+00:00,FEZ_^STOXX50E,CREATE,0.8366666666666667,13310,836666.6666666666,10076.69750804784,120.43861563403793,0.012543861563403796,1.0,0.4555555555555555,Unknown,0.0,0.05,0.7,"Significant premium with persistence score 0.46, liquidity score 1.00, and confidence 0.84.",True,False,-509.6637033978925,-6.091598048580389,-0.02398038969650558,2026-04-08 00:00:00+00:00,2026-04-16 00:00:00+00:00
2026-04-08 00:00:00+00:00,BNK.PA_^FCHI,CREATE,0.7381779945413742,12021,738177.9945413743,9329.106388468985,126.38017466593683,0.013138017466593682,0.1575566393735377,0.6888888888888889,Unknown,0.0,0.05,0.7,"Significant premium with persistence score 0.69, liquidity score 0.16, and confidence 0.74.",True,False,-4453.419411840667,-60.3298858103668,-4.107099401561069,2026-04-09 00:00:00+00:00,2026-04-17 00:00:00+00:00
2026-04-08 00:00:00+00:00,QQQ_^NDX,HOLD,0.4613995113924201,0,0.0,0.0,0.0,0.000425532409165632,1.0,0.3985179166795869,Unknown,0.0,0.05,0.7,Signal below confidence or profit threshold; no capital allocation recommended under conservative risk rules.,False,False,0.0,0.0,0.0,2026-04-08 00:00:00+00:00,2026-04-08 00:00:00+00:00
2026-04-08 00:00:00+00:00,URTH_ACWI,CREATE,0.8600000000000001,4582,860000.0000000001,1524.1239972569003,17.722372061126745,0.0022722372061126745,1.0,0.5333333333333333,Unknown,0.0,0.05,0.7,"Significant premium with persistence score 0.53, liquidity score 1.00, and confidence 0.86.",True,False,-731.8072186999988,-8.509386263953473,-0.5674517811710791,2026-04-09 00:00:00+00:00,2026-04-17 00:00:00+00:00
2026-04-08 00:00:00+00:00,SPY_^GSPC,HOLD,0.4714499200113977,0,0.0,0.0,0.0,0.0004430960496989225,1.0,0.4125041225947451,Unknown,0.0,0.05,0.7,Signal below confidence or profit threshold; no capital allocation recommended under conservative risk rules.,False,False,0.0,0.0,0.0,2026-04-08 00:00:00+00:00,2026-04-08 00:00:00+00:00
2026-04-08 00:00:00+00:00,ESE.PA_^GSPC,CREATE,0.7646648500230764,26150,764664.8500230764,8575.206418449228,112.14333205181906,0.011714333205181907,0.17332425011538188,0.7666666666666666,Unknown,0.0,0.05,0.7,"Significant premium with persistence score 0.77, liquidity score 0.17, and confidence 0.76.",True,False,162.7574602267007,2.1284809968941154,0.4693028473633063,2026-04-09 00:00:00+00:00,2026-04-17 00:00:00+00:00
2026-04-08 00:00:00+00:00,FEZ_^STOXX50E,CREATE,0.8366666666666667,12734,836666.6666666666,10093.676814276098,120.6415555491167,0.012564155554911671,1.0,0.4555555555555555,Unknown,0.0,0.05,0.7,"Significant premium with persistence score 0.46, liquidity score 1.00, and confidence 0.84.",True,True,2132.3899977580672,25.48673304093308,0.7710688735407659,2026-04-09 00:00:00+00:00,2026-04-17 00:00:00+00:00
2026-04-08 00:00:00+00:00,EUFN_^STOXX,CREATE,0.9066666666666667,24392,906666.6666666667,10164.895745161015,112.11282071868766,0.011711282071868766,1.0,0.6888888888888889,Unknown,0.0,0.05,0.7,"Significant premium with persistence score 0.69, liquidity score 1.00, and confidence 0.91.",True,False,-2060.3389484985164,-22.724326637851284,-0.6266330303813905,2026-04-09 00:00:00+00:00,2026-04-17 00:00:00+00:00
2026-04-08 00:00:00+00:00,BNKE.L_^STOXX50E,CREATE,0.7613238621666667,2726,761323.8621666667,8311.851809583695,109.17629438185257,0.01141762943818526,0.15661931083333333,0.7666666666666666,Unknown,0.0,0.05,0.7,"Significant premium with persistence score 0.77, liquidity score 0.16, and confidence 0.76.",True,False,-8938.449823474033,-117.40666840568903,-8.514785534063007,2026-04-09 00:00:00+00:00,2026-04-17 00:00:00+00:00
2026-04-09 00:00:00+00:00,ESE.PA_^GSPC,CREATE,0.7404992848464915,25207,740499.2848464915,7946.867375391229,107.31769142813752,0.011231769142813751,0.16916309089912415,0.6888888888888889,Unknown,0.0,0.05,0.7,"Significant premium with persistence score 0.69, liquidity score 0.17, and confidence 0.74.",True,True,1544.698535259122,20.860229940388724,0.7893046400884425,2026-04-10 00:00:00+00:00,2026-04-20 00:00:00+00:00
2026-04-09 00:00:00+00:00,FEZ_^STOXX50E,CREATE,0.8600000000000001,13075,860000.0000000001,10334.587763403712,120.16962515585709,0.012516962515585709,1.0,0.5333333333333333,Unknown,0.0,0.05,0.7,"Significant premium with persistence score 0.53, liquidity score 1.00, and confidence 0.86.",True,False,-5782.574168179074,-67.23923451371016,-2.517224381024034,2026-04-10 00:00:00+00:00,2026-04-20 00:00:00+00:00
2026-04-09 00:00:00+00:00,URTH_ACWI,CREATE,0.8600000000000001,4565,860000.0000000001,1444.2033635065638,16.79306236635539,0.002179306236635539,1.0,0.5333333333333333,Unknown,0.0,0.05,0.7,"Significant premium with persistence score 0.53, liquidity score 1.00, and confidence 0.86.",True,False,-1723.3760760590876,-20.03925669836148,-4.8034039488281595,2026-04-10 00:00:00+00:00,2026-04-20 00:00:00+00:00
2026-04-09 00:00:00+00:00,EUFN_^STOXX,CREATE,0.9066666666666667,24359,906666.6666666667,10147.097312093165,111.91651447161577,0.011691651447161578,1.0,0.6888888888888889,Unknown,0.0,0.05,0.7,"Significant premium with persistence score 0.69, liquidity score 1.00, and confidence 0.91.",True,False,-2800.218693250936,-30.884764999091203,-14.359874176819062,2026-04-10 00:00:00+00:00,2026-04-20 00:00:00+00:00
2026-04-09 00:00:00+00:00,QQQ_^NDX,HOLD,0.444465295640514,0,0.0,0.0,0.0,0.00036303553711950425,1.0,0.4115114997800419,Unknown,0.0,0.05,0.7,Signal below confidence or profit threshold; no capital allocation recommended under conservative risk rules.,False,False,0.0,0.0,0.0,2026-04-09 00:00:00+00:00,2026-04-09 00:00:00+00:00
2026-04-09 00:00:00+00:00,BNK.PA_^FCHI,CREATE,0.7374268854116744,12051,737426.8854116745,9024.141105475748,122.3733672313554,0.01273733672313554,0.15380109372503917,0.6888888888888889,Unknown,0.0,0.05,0.7,"Significant premium with persistence score 0.69, liquidity score 0.15, and confidence 0.74.",True,True,2596.688580965198,35.21282763531975,0.3971263519624287,2026-04-10 00:00:00+00:00,2026-04-20 00:00:00+00:00
2026-04-09 00:00:00+00:00,SPY_^GSPC,HOLD,0.4563432005609512,0,0.0,0.0,0.0,0.0003993250735730983,1.0,0.41078280901083913,Unknown,0.0,0.05,0.7,Signal below confidence or profit threshold; no capital allocation recommended under conservative risk rules.,False,False,0.0,0.0,0.0,2026-04-09 00:00:00+00:00,2026-04-09 00:00:00+00:00
2026-04-09 00:00:00+00:00,BNKE.L_^STOXX50E,CREATE,0.737525069779541,2652,737525.069779541,7708.932177919895,104.52434085019279,0.010952434085019279,0.15429201556437175,0.6888888888888889,Unknown,0.0,0.05,0.7,"Significant premium with persistence score 0.69, liquidity score 0.15, and confidence 0.74.",True,True,2189.1421216264553,29.682274017896475,0.31677905011606394,2026-04-10 00:00:00+00:00,2026-04-20 00:00:00+00:00
2026-04-10 00:00:00+00:00,BNKE.L_^STOXX50E,CREATE,0.760651106082784,2692,760651.106082784,8197.36513880553,107.76774099521765,0.011276774099521764,0.15325553041392007,0.7666666666666666,Unknown,0.0,0.05,0.7,"Significant premium with persistence score 0.77, liquidity score 0.15, and confidence 0.76.",True,False,218.01453177294218,2.8661567705551327,0.7538667722823309,2026-04-13 00:00:00+00:00,2026-04-21 00:00:00+00:00
2026-04-10 00:00:00+00:00,ESE.PA_^GSPC,CREATE,0.7383106439604136,25079,738310.6439604135,8017.698219499606,108.59518666142237,0.011359518666142238,0.15821988646873475,0.6888888888888889,Unknown,0.0,0.05,0.7,"Significant premium with persistence score 0.69, liquidity score 0.16, and confidence 0.74.",True,False,1164.9111275367256,15.778062216304516,0.20424162642789095,2026-04-13 00:00:00+00:00,2026-04-21 00:00:00+00:00
2026-04-10 00:00:00+00:00,URTH_ACWI,CREATE,0.8833333333333333,4689,883333.3333333333,1618.1013817304638,18.318128849778837,0.0023318128849778835,1.0,0.611111111111111,Unknown,0.0,0.05,0.7,"Significant premium with persistence score 0.61, liquidity score 1.00, and confidence 0.88.",True,False,84.899249396271,0.9611235780709926,0.6629479296816139,2026-04-13 00:00:00+00:00,2026-04-21 00:00:00+00:00
2026-04-10 00:00:00+00:00,BNK.PA_^FCHI,CREATE,0.7557625834775289,12207,755762.5834775289,9297.336731046744,123.01927793602106,0.012801927793602105,0.12881291738764444,0.7666666666666666,Unknown,0.0,0.05,0.7,"Significant premium with persistence score 0.77, liquidity score 0.13, and confidence 0.76.",True,False,-3349.5824666794206,-44.32056494867497,-4.05458697982628,2026-04-13 00:00:00+00:00,2026-04-21 00:00:00+00:00
2026-04-10 00:00:00+00:00,FEZ_^STOXX50E,CREATE,0.8600000000000001,13042,860000.0000000001,10278.687370573658,119.51962058806578,0.012451962058806576,1.0,0.5333333333333333,Unknown,0.0,0.05,0.7,"Significant premium with persistence score 0.53, liquidity score 1.00, and confidence 0.86.",True,False,-3113.501529689365,-36.20350615917866,-0.2879062049518142,2026-04-13 00:00:00+00:00,2026-04-21 00:00:00+00:00
2026-04-10 00:00:00+00:00,QQQ_^NDX,HOLD,0.48145871953588426,0,0.0,0.0,0.0,0.000410099079915755,1.0,0.482530087435442,Unknown,0.0,0.05,0.7,Signal below confidence or profit threshold; no capital allocation recommended under conservative risk rules.,False,False,0.0,0.0,0.0,2026-04-10 00:00:00+00:00,2026-04-10 00:00:00+00:00
2026-04-10 00:00:00+00:00,SPY_^GSPC,HOLD,0.49266210011599426,0,0.0,0.0,0.0,0.00043388075499275407,1.0,0.49345060595025403,Unknown,0.0,0.05,0.7,Signal below confidence or profit threshold; no capital allocation recommended under conservative risk rules.,False,False,0.0,0.0,0.0,2026-04-10 00:00:00+00:00,2026-04-10 00:00:00+00:00
2026-04-10 00:00:00+00:00,EUFN_^STOXX,CREATE,0.9066666666666667,24274,906666.6666666667,10316.763004142398,113.78782725157056,0.011878782725157057,1.0,0.6888888888888889,Unknown,0.0,0.05,0.7,"Significant premium with persistence score 0.69, liquidity score 1.00, and confidence 0.91.",True,True,3448.9821447258464,38.040244243299774,0.27796976210999974,2026-04-13 00:00:00+00:00,2026-04-21 00:00:00+00:00
2026-04-13 00:00:00+00:00,URTH_ACWI,CREATE,0.8833333333333333,4649,883333.3333333333,1453.2662772478384,16.452071063183077,0.002145207106318308,1.0,0.611111111111111,Unknown,0.0,0.05,0.7,"Significant premium with persistence score 0.61, liquidity score 1.00, and confidence 0.88.",True,False,-527.5383550453913,-5.972132321268582,-0.09422327863091323,2026-04-14 00:00:00+00:00,2026-04-22 00:00:00+00:00
2026-04-13 00:00:00+00:00,SPY_^GSPC,HOLD,0.4891297131894323,0,0.0,0.0,0.0,0.000499325872644317,1.0,0.4089591854710889,Unknown,0.0,0.05,0.7,Signal below confidence or profit threshold; no capital allocation recommended under conservative risk rules.,False,False,0.0,0.0,0.0,2026-04-13 00:00:00+00:00,2026-04-13 00:00:00+00:00
2026-04-13 00:00:00+00:00,QQQ_^NDX,HOLD,0.4791838843355275,0,0.0,0.0,0.0,0.000467521751792188,1.0,0.4111443346826606,Unknown,0.0,0.05,0.7,Signal below confidence or profit threshold; no capital allocation recommended under conservative risk rules.,False,False,0.0,0.0,0.0,2026-04-13 00:00:00+00:00,2026-04-13 00:00:00+00:00
2026-04-13 00:00:00+00:00,BNK.PA_^FCHI,CREATE,0.7558478400509491,12231,755847.840050949,6899.948104966244,91.28752824776402,0.009628752824776403,0.12923920025474547,0.7666666666666666,Unknown,0.0,0.05,0.7,"Significant premium with persistence score 0.77, liquidity score 0.13, and confidence 0.76.",True,True,6200.950360556889,82.03966502224714,0.8984677048238702,2026-04-14 00:00:00+00:00,2026-04-22 00:00:00+00:00
2026-04-13 00:00:00+00:00,ESE.PA_^GSPC,CREATE,0.7129505872922439,24217,712950.587292244,7863.05386275808,110.28890364788988,0.011528890364788989,0.14808626979455314,0.611111111111111,Unknown,0.0,0.05,0.7,"Significant premium with persistence score 0.61, liquidity score 0.15, and confidence 0.71.",True,False,-2371.887622902542,-33.26861167070316,-4.680667682455503,2026-04-14 00:00:00+00:00,2026-04-22 00:00:00+00:00
2026-04-13 00:00:00+00:00,BNKE.L_^STOXX50E,CREATE,0.7369207177312622,2620,736920.7177312622,6564.717508698239,89.08309063299043,0.009408309063299043,0.1512702553229777,0.6888888888888889,Unknown,0.0,0.05,0.7,"Significant premium with persistence score 0.69, liquidity score 0.15, and confidence 0.74.",True,False,-1430.8666862601988,-19.41683347789935,-0.1732333794049453,2026-04-14 00:00:00+00:00,2026-04-22 00:00:00+00:00
2026-04-13 00:00:00+00:00,FEZ_^STOXX50E,CREATE,0.8833333333333333,13299,883333.3333333333,10447.58924042083,118.27459517457544,0.012327459517457543,1.0,0.611111111111111,Unknown,0.0,0.05,0.7,"Significant premium with persistence score 0.61, liquidity score 1.00, and confidence 0.88.",True,False,-3048.5622676321823,-34.512025671307725,-1.0647062181640519,2026-04-14 00:00:00+00:00,2026-04-22 00:00:00+00:00
2026-04-13 00:00:00+00:00,EUFN_^STOXX,CREATE,0.9066666666666667,23941,906666.6666666667,10642.830683024857,117.38416194512708,0.012238416194512708,1.0,0.6888888888888889,Unknown,0.0,0.05,0.7,"Significant premium with persistence score 0.69, liquidity score 1.00, and confidence 0.91.",True,False,-2288.0311551213504,-25.23563774030901,-1.6825344436024645,2026-04-14 00:00:00+00:00,2026-04-22 00:00:00+00:00
2026-04-14 00:00:00+00:00,URTH_ACWI,CREATE,0.8829909393541431,4598,882990.9393541431,1293.1339064295807,14.644928376903092,0.0019644928376903095,1.0,0.6099697978471439,Unknown,0.0,0.05,0.7,"Significant premium with persistence score 0.61, liquidity score 1.00, and confidence 0.88.",True,True,1134.9018606848465,12.852927590796817,0.7870353667192389,2026-04-15 00:00:00+00:00,2026-04-23 00:00:00+00:00
2026-04-14 00:00:00+00:00,ESE.PA_^GSPC,HOLD,0.6895526510323435,0,0.0,0.0,0.0,0.010192812437496191,0.14776325516171773,0.5333333333333333,Unknown,0.0,0.05,0.7,Signal below confidence or profit threshold; no capital allocation recommended under conservative risk rules.,False,False,0.0,0.0,0.0,2026-04-14 00:00:00+00:00,2026-04-14 00:00:00+00:00
2026-04-14 00:00:00+00:00,SPY_^GSPC,HOLD,0.49683348296095403,0,0.0,0.0,0.0,0.00044227319349489494,1.0,0.49803028376440783,Unknown,0.0,0.05,0.7,Signal below confidence or profit threshold; no capital allocation recommended under conservative risk rules.,False,False,0.0,0.0,0.0,2026-04-14 00:00:00+00:00,2026-04-14 00:00:00+00:00
2026-04-14 00:00:00+00:00,QQQ_^NDX,HOLD,0.48077488722604955,0,0.0,0.0,0.0,0.0004119452409470305,1.0,0.47819935636790906,Unknown,0.0,0.05,0.7,Signal below confidence or profit threshold; no capital allocation recommended under conservative risk rules.,False,False,0.0,0.0,0.0,2026-04-14 00:00:00+00:00,2026-04-14 00:00:00+00:00
2026-04-14 00:00:00+00:00,BNKE.L_^STOXX50E,CREATE,0.7620187179095256,2652,762018.7179095256,6347.492338727046,83.29837823590947,0.008829837823590947,0.16009358954762778,0.7666666666666666,Unknown,0.0,0.05,0.7,"Significant premium with persistence score 0.77, liquidity score 0.16, and confidence 0.76.",True,False,-940.8443949533995,-12.346736016333733,-0.07687978521763415,2026-04-15 00:00:00+00:00,2026-04-23 00:00:00+00:00
2026-04-14 00:00:00+00:00,BNK.PA_^FCHI,CREATE,0.7790640822203776,12350,779064.0822203776,6972.333582880067,89.49627818816282,0.009449627818816283,0.12865374443522135,0.8444444444444443,Unknown,0.0,0.05,0.7,"Significant premium with persistence score 0.84, liquidity score 0.13, and confidence 0.78.",True,False,-11636.694679338709,-149.3676187223708,-3.1440308157345407,2026-04-15 00:00:00+00:00,2026-04-23 00:00:00+00:00
2026-04-14 00:00:00+00:00,EUFN_^STOXX,CREATE,0.9299999999999999,24288,929999.9999999999,10953.243276834162,117.77680942832434,0.012277680942832435,1.0,0.7666666666666666,Unknown,0.0,0.05,0.7,"Significant premium with persistence score 0.77, liquidity score 1.00, and confidence 0.93.",True,False,-11937.284878732878,-128.3579019218589,-1.6542859479302237,2026-04-15 00:00:00+00:00,2026-04-23 00:00:00+00:00
2026-04-14 00:00:00+00:00,FEZ_^STOXX50E,CREATE,0.8833333333333333,13158,883333.3333333333,10564.840983466815,119.60197339773752,0.012460197339773754,1.0,0.611111111111111,Unknown,0.0,0.05,0.7,"Significant premium with persistence score 0.61, liquidity score 1.00, and confidence 0.88.",True,False,-7633.756179748279,-86.4198812801692,-15.41033846313002,2026-04-15 00:00:00+00:00,2026-04-23 00:00:00+00:00
2026-04-15 00:00:00+00:00,SPY_^GSPC,HOLD,0.46923286535093417,0,0.0,0.0,0.0,0.0004379060989550499,1.0,0.4108805523308362,Unknown,0.0,0.05,0.7,Signal below confidence or profit threshold; no capital allocation recommended under conservative risk rules.,False,False,0.0,0.0,0.0,2026-04-15 00:00:00+00:00,2026-04-15 00:00:00+00:00
2026-04-15 00:00:00+00:00,URTH_ACWI,CREATE,0.8833333333333333,4569,883333.3333333333,1366.7514582434715,15.472658017850621,0.0020472658017850623,1.0,0.611111111111111,Unknown,0.0,0.05,0.7,"Significant premium with persistence score 0.61, liquidity score 1.00, and confidence 0.88.",True,False,-807.1475170705356,-9.137519061175876,-1.0009952278331649,2026-04-16 00:00:00+00:00,2026-04-24 00:00:00+00:00
2026-04-15 00:00:00+00:00,FEZ_^STOXX50E,CREATE,0.8833333333333333,13249,883333.3333333333,10498.444014304616,118.85030959590132,0.012385030959590131,1.0,0.611111111111111,Unknown,0.0,0.05,0.7,"Significant premium with persistence score 0.61, liquidity score 1.00, and confidence 0.88.",True,False,-8706.513015740902,-98.56429829140644,-2.0072987357819185,2026-04-16 00:00:00+00:00,2026-04-24 00:00:00+00:00
2026-04-15 00:00:00+00:00,ESE.PA_^GSPC,HOLD,0.6902057290909768,0,0.0,0.0,0.0,0.01033219198951599,0.15102864545488356,0.5333333333333333,Unknown,0.0,0.05,0.7,Signal below confidence or profit threshold; no capital allocation recommended under conservative risk rules.,False,False,0.0,0.0,0.0,2026-04-15 00:00:00+00:00,2026-04-15 00:00:00+00:00
2026-04-15 00:00:00+00:00,QQQ_^NDX,HOLD,0.4640792006498803,0,0.0,0.0,0.0,0.0004479385133359392,1.0,0.38255454290411306,Unknown,0.0,0.05,0.7,Signal below confidence or profit threshold; no capital allocation recommended under conservative risk rules.,False,False,0.0,0.0,0.0,2026-04-15 00:00:00+00:00,2026-04-15 00:00:00+00:00
2026-04-15 00:00:00+00:00,BNKE.L_^STOXX50E,CREATE,0.7617376797842611,2645,761737.6797842612,6480.290734829703,85.07247188645107,0.009007247188645108,0.15868839892130535,0.7666666666666666,Unknown,0.0,0.05,0.7,"Significant premium with persistence score 0.77, liquidity score 0.16, and confidence 0.76.",True,False,-43.852865528046266,-0.5756951072771699,0.0457764345776063,2026-04-16 00:00:00+00:00,2026-04-24 00:00:00+00:00
2026-04-15 00:00:00+00:00,EUFN_^STOXX,CREATE,0.9299999999999999,24212,929999.9999999999,10801.447990322378,116.1446020464772,0.01211446020464772,1.0,0.7666666666666666,Unknown,0.0,0.05,0.7,"Significant premium with persistence score 0.77, liquidity score 1.00, and confidence 0.93.",True,False,-6326.583923789311,-68.02778412676679,-0.8345368076999152,2026-04-16 00:00:00+00:00,2026-04-24 00:00:00+00:00
2026-04-15 00:00:00+00:00,BNK.PA_^FCHI,CREATE,0.7786111787586644,12365,778611.1787586644,7033.4819073753115,90.3336877154622,0.009533368771546221,0.12638922712665557,0.8444444444444443,Unknown,0.0,0.05,0.7,"Significant premium with persistence score 0.84, liquidity score 0.13, and confidence 0.78.",True,False,4076.42292311103,52.355052615736255,0.8214202723948325,2026-04-16 00:00:00+00:00,2026-04-24 00:00:00+00:00
2026-04-16 00:00:00+00:00,BNKE.L_^STOXX50E,CREATE,0.7386252715622559,2593,738625.2715622559,6659.199462950011,90.15666968536335,0.009515666968536335,0.15979302447794597,0.6888888888888889,Unknown,0.0,0.05,0.7,"Significant premium with persistence score 0.69, liquidity score 0.16, and confidence 0.74.",True,True,2916.541096948722,39.48607242722669,0.3541658630479664,2026-04-17 00:00:00+00:00,2026-04-27 00:00:00+00:00
2026-04-16 00:00:00+00:00,URTH_ACWI,CREATE,0.8600000000000001,4447,860000.0000000001,1443.0452252344664,16.779595642261235,0.0021779595642261234,1.0,0.5333333333333333,Unknown,0.0,0.05,0.7,"Significant premium with persistence score 0.53, liquidity score 1.00, and confidence 0.86.",True,False,-274.81440931891166,-3.1955163874292047,0.18614721557240038,2026-04-17 00:00:00+00:00,2026-04-27 00:00:00+00:00
2026-04-16 00:00:00+00:00,BNK.PA_^FCHI,CREATE,0.7542170522506078,12079,754217.0522506078,7432.203882183096,98.54197621235376,0.010354197621235375,0.12108526125303903,0.7666666666666666,Unknown,0.0,0.05,0.7,"Significant premium with persistence score 0.77, liquidity score 0.12, and confidence 0.75.",True,True,1216.5608025422973,16.13011531510778,0.3071163915387575,2026-04-17 00:00:00+00:00,2026-04-27 00:00:00+00:00
2026-04-16 00:00:00+00:00,FEZ_^STOXX50E,CREATE,0.8833333333333333,13327,883333.3333333333,9994.083960150585,113.14057313378022,0.01181405731337802,1.0,0.611111111111111,Unknown,0.0,0.05,0.7,"Significant premium with persistence score 0.61, liquidity score 1.00, and confidence 0.88.",True,False,-1783.5303618186308,-20.190909756437332,-1.6782676473618756,2026-04-17 00:00:00+00:00,2026-04-27 00:00:00+00:00
2026-04-16 00:00:00+00:00,QQQ_^NDX,HOLD,0.43865876716720115,0,0.0,0.0,0.0,0.0004416493328773015,1.0,0.3048077429158911,Unknown,0.0,0.05,0.7,Signal below confidence or profit threshold; no capital allocation recommended under conservative risk rules.,False,False,0.0,0.0,0.0,2026-04-16 00:00:00+00:00,2026-04-16 00:00:00+00:00
2026-04-16 00:00:00+00:00,ESE.PA_^GSPC,HOLD,0.6898043448219566,0,0.0,0.0,0.0,0.010161257375070162,0.14902172410978318,0.5333333333333333,Unknown,0.0,0.05,0.7,Signal below confidence or profit threshold; no capital allocation recommended under conservative risk rules.,False,False,0.0,0.0,0.0,2026-04-16 00:00:00+00:00,2026-04-16 00:00:00+00:00
2026-04-16 00:00:00+00:00,SPY_^GSPC,HOLD,0.45333887712685417,0,0.0,0.0,0.0,0.000392256850513874,1.0,0.408621978740765,Unknown,0.0,0.05,0.7,Signal below confidence or profit threshold; no capital allocation recommended under conservative risk rules.,False,False,0.0,0.0,0.0,2026-04-16 00:00:00+00:00,2026-04-16 00:00:00+00:00
2026-04-16 00:00:00+00:00,EUFN_^STOXX,CREATE,0.9299999999999999,24409,929999.9999999999,9863.764523948696,106.0619841284806,0.01110619841284806,1.0,0.7666666666666666,Unknown,0.0,0.05,0.7,"Significant premium with persistence score 0.77, liquidity score 1.00, and confidence 0.93.",True,True,2050.649174302543,22.049991121532724,0.587923849951429,2026-04-17 00:00:00+00:00,2026-04-27 00:00:00+00:00
2026-04-17 00:00:00+00:00,EUFN_^STOXX,CREATE,0.9533333333333334,24526,953333.3333333334,10196.735769869512,106.95876681681307,0.011195876681681306,1.0,0.8444444444444443,Unknown,0.0,0.05,0.7,"Significant premium with persistence score 0.84, liquidity score 1.00, and confidence 0.95.",True,False,-3924.2059366650283,-41.16299933564715,-1.3061203420134966,2026-04-20 00:00:00+00:00,2026-04-28 00:00:00+00:00
2026-04-17 00:00:00+00:00,FEZ_^STOXX50E,CREATE,0.8833333333333333,13065,883333.3333333333,10227.015504129457,115.77753400901273,0.012077753400901272,1.0,0.611111111111111,Unknown,0.0,0.05,0.7,"Significant premium with persistence score 0.61, liquidity score 1.00, and confidence 0.88.",True,True,4697.724721886321,53.18178930437345,0.6690286024908615,2026-04-20 00:00:00+00:00,2026-04-28 00:00:00+00:00
2026-04-17 00:00:00+00:00,URTH_ACWI,CREATE,0.8600000000000001,4392,860000.0000000001,1378.6881055905208,16.03125704175024,0.002103125704175024,1.0,0.5333333333333333,Unknown,0.0,0.05,0.7,"Significant premium with persistence score 0.53, liquidity score 1.00, and confidence 0.86.",True,True,535.3886349926922,6.225449244101071,0.617793974551667,2026-04-20 00:00:00+00:00,2026-04-28 00:00:00+00:00
2026-04-17 00:00:00+00:00,ESE.PA_^GSPC,HOLD,0.6660701736018358,0,0.0,0.0,0.0,0.00893352617655529,0.1470175346758461,0.4555555555555555,Unknown,0.0,0.05,0.7,Signal below confidence or profit threshold; no capital allocation recommended under conservative risk rules.,False,False,0.0,0.0,0.0,2026-04-17 00:00:00+00:00,2026-04-17 00:00:00+00:00
2026-04-17 00:00:00+00:00,BNK.PA_^FCHI,CREATE,0.7818070116052831,12197,781807.0116052831,6914.095837216051,88.43737309312881,0.009343737309312882,0.14236839135974885,0.8444444444444443,Unknown,0.0,0.05,0.7,"Significant premium with persistence score 0.84, liquidity score 0.14, and confidence 0.78.",True,False,-7152.500242520761,-91.48677533390936,-1.4167313285417118,2026-04-20 00:00:00+00:00,2026-04-28 00:00:00+00:00
2026-04-17 00:00:00+00:00,BNKE.L_^STOXX50E,CREATE,0.7637084779368692,2594,763708.4779368693,6568.343375821052,86.00589839679657,0.009100589839679655,0.1685423896843465,0.7666666666666666,Unknown,0.0,0.05,0.7,"Significant premium with persistence score 0.77, liquidity score 0.17, and confidence 0.76.",True,False,-9838.242852972267,-128.82196724527563,-1.655333147925586,2026-04-20 00:00:00+00:00,2026-04-28 00:00:00+00:00
2026-04-17 00:00:00+00:00,SPY_^GSPC,HOLD,0.4812374257982032,0,0.0,0.0,0.0,0.0004835962977756599,1.0,0.4001288662432776,Unknown,0.0,0.05,0.7,Signal below confidence or profit threshold; no capital allocation recommended under conservative risk rules.,False,False,0.0,0.0,0.0,2026-04-17 00:00:00+00:00,2026-04-17 00:00:00+00:00
2026-04-17 00:00:00+00:00,QQQ_^NDX,HOLD,0.4639865834624231,0,0.0,0.0,0.0,0.0004442389474444771,1.0,0.38635644771421357,Unknown,0.0,0.05,0.7,Signal below confidence or profit threshold; no capital allocation recommended under conservative risk rules.,False,False,0.0,0.0,0.0,2026-04-17 00:00:00+00:00,2026-04-17 00:00:00+00:00
2026-04-20 00:00:00+00:00,URTH_ACWI,CREATE,0.8833333333333333,4518,883333.3333333333,1324.4013892129642,14.993223274109031,0.001999322327410903,1.0,0.611111111111111,Unknown,0.0,0.05,0.7,"Significant premium with persistence score 0.61, liquidity score 1.00, and confidence 0.88.",True,False,-463.59574421966784,-5.248253708147184,-0.08191247316527435,2026-04-21 00:00:00+00:00,2026-04-29 00:00:00+00:00
2026-04-20 00:00:00+00:00,QQQ_^NDX,HOLD,0.46238619641764794,0,0.0,0.0,0.0,0.00044458202904750876,1.0,0.3806406224504834,Unknown,0.0,0.05,0.7,Signal below confidence or profit threshold; no capital allocation recommended under conservative risk rules.,False,False,0.0,0.0,0.0,2026-04-20 00:00:00+00:00,2026-04-20 00:00:00+00:00
2026-04-20 00:00:00+00:00,BNK.PA_^FCHI,CREATE,0.7601666176196772,12068,760166.6176196772,6916.549624322269,90.98728441904196,0.009598728441904196,0.15083308809838614,0.7666666666666666,Unknown,0.0,0.05,0.7,"Significant premium with persistence score 0.77, liquidity score 0.15, and confidence 0.76.",True,True,1300.579482255279,17.109137024824975,0.45103785105442523,2026-04-21 00:00:00+00:00,2026-04-29 00:00:00+00:00
2026-04-20 00:00:00+00:00,EUFN_^STOXX,CREATE,0.9533333333333334,24659,953333.3333333334,10237.4757256185,107.38610900998427,0.011238610900998426,1.0,0.8444444444444443,Unknown,0.0,0.05,0.7,"Significant premium with persistence score 0.84, liquidity score 1.00, and confidence 0.95.",True,False,2654.8029002785515,27.847582870054737,0.2938128997621684,2026-04-21 00:00:00+00:00,2026-04-29 00:00:00+00:00
2026-04-20 00:00:00+00:00,BNKE.L_^STOXX50E,CREATE,0.7408281536035359,2567,740828.153603536,6413.156871218494,86.56740217044425,0.009156740217044424,0.1708074346843465,0.6888888888888889,Unknown,0.0,0.05,0.7,"Significant premium with persistence score 0.69, liquidity score 0.17, and confidence 0.74.",True,False,-363.0361379805045,-4.900409578316163,0.038777457307733514,2026-04-21 00:00:00+00:00,2026-04-29 00:00:00+00:00
2026-04-20 00:00:00+00:00,ESE.PA_^GSPC,HOLD,0.6674373223969243,0,0.0,0.0,0.0,0.008341361114763265,0.15385327865128837,0.4555555555555555,Unknown,0.0,0.05,0.7,Signal below confidence or profit threshold; no capital allocation recommended under conservative risk rules.,False,False,0.0,0.0,0.0,2026-04-20 00:00:00+00:00,2026-04-20 00:00:00+00:00
2026-04-20 00:00:00+00:00,SPY_^GSPC,HOLD,0.47327576328965476,0,0.0,0.0,0.0,0.0003880453786166943,1.0,0.4797576791691889,Unknown,0.0,0.05,0.7,Signal below confidence or profit threshold; no capital allocation recommended under conservative risk rules.,False,False,0.0,0.0,0.0,2026-04-20 00:00:00+00:00,2026-04-20 00:00:00+00:00
2026-04-20 00:00:00+00:00,FEZ_^STOXX50E,CREATE,0.8833333333333333,13113,883333.3333333333,9693.962156905596,109.74296781402562,0.011474296781402563,1.0,0.611111111111111,Unknown,0.0,0.05,0.7,"Significant premium with persistence score 0.61, liquidity score 1.00, and confidence 0.88.",True,False,6316.026042015212,71.50218160771938,0.5480714928415119,2026-04-21 00:00:00+00:00,2026-04-29 00:00:00+00:00
2026-04-21 00:00:00+00:00,FEZ_^STOXX50E,CREATE,0.8833333333333333,13418,883333.3333333333,9710.688075682137,109.932317837911,0.0114932317837911,1.0,0.611111111111111,Unknown,0.0,0.05,0.7,"Significant premium with persistence score 0.61, liquidity score 1.00, and confidence 0.88.",True,False,-5362.195237463511,-60.70409702788881,-0.9733289555619103,2026-04-22 00:00:00+00:00,2026-04-30 00:00:00+00:00
2026-04-21 00:00:00+00:00,EUFN_^STOXX,CREATE,0.9299999999999999,24544,929999.9999999999,10005.107134606782,107.5817971463095,0.01125817971463095,1.0,0.7666666666666666,Unknown,0.0,0.05,0.7,"Significant premium with persistence score 0.77, liquidity score 1.00, and confidence 0.93.",True,False,-2734.0068265982627,-29.397922866647992,-0.7562312405633963,2026-04-22 00:00:00+00:00,2026-04-30 00:00:00+00:00
2026-04-21 00:00:00+00:00,BNK.PA_^FCHI,CREATE,0.759045185244044,12129,759045.1852440439,6695.312328641577,88.20703245076164,0.009320703245076164,0.14522592622021993,0.7666666666666666,Unknown,0.0,0.05,0.7,"Significant premium with persistence score 0.77, liquidity score 0.15, and confidence 0.76.",True,False,-636.9211911661453,-8.391084003271372,-0.3447621692717697,2026-04-22 00:00:00+00:00,2026-04-30 00:00:00+00:00
2026-04-21 00:00:00+00:00,SPY_^GSPC,HOLD,0.4341341392089051,0,0.0,0.0,0.0,0.00034630277034188354,1.0,0.39566627476092425,Unknown,0.0,0.05,0.7,Signal below confidence or profit threshold; no capital allocation recommended under conservative risk rules.,False,False,0.0,0.0,0.0,2026-04-21 00:00:00+00:00,2026-04-21 00:00:00+00:00
2026-04-21 00:00:00+00:00,URTH_ACWI,CREATE,0.8796698863851689,4551,879669.8863851689,1322.3767777355142,15.032648021743276,0.0020032648021743277,1.0,0.5988996212838964,Unknown,0.0,0.05,0.7,"Significant premium with persistence score 0.60, liquidity score 1.00, and confidence 0.88.",True,False,-1442.25221047147,-16.395380048737636,-1.0093823200658074,2026-04-22 00:00:00+00:00,2026-04-30 00:00:00+00:00
2026-04-21 00:00:00+00:00,QQQ_^NDX,HOLD,0.426089699626092,0,0.0,0.0,0.0,0.0003479927185969404,1.0,0.3669737558681505,Unknown,0.0,0.05,0.7,Signal below confidence or profit threshold; no capital allocation recommended under conservative risk rules.,False,False,0.0,0.0,0.0,2026-04-21 00:00:00+00:00,2026-04-21 00:00:00+00:00
2026-04-21 00:00:00+00:00,ESE.PA_^GSPC,HOLD,0.6892542484432196,0,0.0,0.0,0.0,0.008761641407661405,0.1462712422160975,0.5333333333333333,Unknown,0.0,0.05,0.7,Signal below confidence or profit threshold; no capital allocation recommended under conservative risk rules.,False,False,0.0,0.0,0.0,2026-04-21 00:00:00+00:00,2026-04-21 00:00:00+00:00
2026-04-21 00:00:00+00:00,BNKE.L_^STOXX50E,CREATE,0.7098159826665039,2482,709815.9826665039,6083.615926850738,85.70694483374335,0.009070694483374336,0.13241324666585286,0.611111111111111,Unknown,0.0,0.05,0.7,"Significant premium with persistence score 0.61, liquidity score 0.13, and confidence 0.71.",True,False,-5479.3759819141815,-77.19431677672694,-0.7394014462097722,2026-04-22 00:00:00+00:00,2026-04-30 00:00:00+00:00
2026-04-22 00:00:00+00:00,QQQ_^NDX,HOLD,0.47151709791959534,0,0.0,0.0,0.0,0.00048011424086802037,1.0,0.371596725434184,Unknown,0.0,0.05,0.7,Signal below confidence or profit threshold; no capital allocation recommended under conservative risk rules.,False,False,0.0,0.0,0.0,2026-04-22 00:00:00+00:00,2026-04-22 00:00:00+00:00
2026-04-22 00:00:00+00:00,BNK.PA_^FCHI,CREATE,0.7596691353775584,12270,759669.1353775584,6673.428572455645,87.84651451106969,0.00928465145110697,0.14834567688779196,0.7666666666666666,Unknown,0.0,0.05,0.7,"Significant premium with persistence score 0.77, liquidity score 0.15, and confidence 0.76.",True,False,7465.546986216448,98.27366465936572,0.5427297308577257,2026-04-23 00:00:00+00:00,2026-05-04 00:00:00+00:00
2026-04-22 00:00:00+00:00,EUFN_^STOXX,CREATE,0.9299999999999999,24551,929999.9999999999,9402.838700953205,101.10579248336782,0.010610579248336782,1.0,0.7666666666666666,Unknown,0.0,0.05,0.7,"Significant premium with persistence score 0.77, liquidity score 1.00, and confidence 0.93.",True,False,2058.771290643578,22.13732570584493,0.1371080473251532,2026-04-23 00:00:00+00:00,2026-05-04 00:00:00+00:00
2026-04-22 00:00:00+00:00,BNKE.L_^STOXX50E,CREATE,0.7027370430795492,2492,702737.0430795492,6225.910121676616,88.5951606363783,0.00935951606363783,0.0970185487310791,0.611111111111111,Unknown,0.0,0.05,0.7,"Significant premium with persistence score 0.61, liquidity score 0.10, and confidence 0.70.",True,False,2178.6487800583327,31.002332970964666,0.34984941006577125,2026-04-23 00:00:00+00:00,2026-05-05 00:00:00+00:00
2026-04-22 00:00:00+00:00,FEZ_^STOXX50E,CREATE,0.8833333333333333,13396,883333.3333333333,9562.774396837174,108.25782336042086,0.011325782336042084,1.0,0.611111111111111,Unknown,0.0,0.05,0.7,"Significant premium with persistence score 0.61, liquidity score 1.00, and confidence 0.88.",True,False,2161.368926370665,24.468327468347155,0.33987534502515965,2026-04-23 00:00:00+00:00,2026-05-04 00:00:00+00:00
2026-04-22 00:00:00+00:00,URTH_ACWI,CREATE,0.8600000000000001,4412,860000.0000000001,1461.9642855992831,16.999584716270732,0.002199958471627073,1.0,0.5333333333333333,Unknown,0.0,0.05,0.7,"Significant premium with persistence score 0.53, liquidity score 1.00, and confidence 0.86.",True,False,-252.29326685639896,-2.9336426378651037,0.42774284145611746,2026-04-23 00:00:00+00:00,2026-05-01 00:00:00+00:00
2026-04-22 00:00:00+00:00,SPY_^GSPC,HOLD,0.4744582940164717,0,0.0,0.0,0.0,0.0004693015855842293,1.0,0.3934147738502064,Unknown,0.0,0.05,0.7,Signal below confidence or profit threshold; no capital allocation recommended under conservative risk rules.,False,False,0.0,0.0,0.0,2026-04-22 00:00:00+00:00,2026-04-22 00:00:00+00:00
2026-04-22 00:00:00+00:00,ESE.PA_^GSPC,HOLD,0.6884574335654869,0,0.0,0.0,0.0,0.008089443818734079,0.14228716782743453,0.5333333333333333,Unknown,0.0,0.05,0.7,Signal below confidence or profit threshold; no capital allocation recommended under conservative risk rules.,False,False,0.0,0.0,0.0,2026-04-22 00:00:00+00:00,2026-04-22 00:00:00+00:00
2026-04-23 00:00:00+00:00,BNKE.L_^STOXX50E,HOLD,0.6800529275116578,0,0.0,0.0,0.0,0.009733091581858037,0.10026463755828857,0.5333333333333333,Unknown,0.0,0.05,0.7,Signal below confidence or profit threshold; no capital allocation recommended under conservative risk rules.,False,False,0.0,0.0,0.0,2026-04-23 00:00:00+00:00,2026-04-23 00:00:00+00:00
2026-04-23 00:00:00+00:00,SPY_^GSPC,HOLD,0.43959651746923634,0,0.0,0.0,0.0,0.00037145414373792153,1.0,0.3859282318553194,Unknown,0.0,0.05,0.7,Signal below confidence or profit threshold; no capital allocation recommended under conservative risk rules.,False,False,0.0,0.0,0.0,2026-04-23 00:00:00+00:00,2026-04-23 00:00:00+00:00
2026-04-23 00:00:00+00:00,BNK.PA_^FCHI,CREATE,0.7385713454453481,12053,738571.3454453481,8549.916500940817,115.76290569173568,0.01207629056917357,0.1595233938934072,0.6888888888888889,Unknown,0.0,0.05,0.7,"Significant premium with persistence score 0.69, liquidity score 0.16, and confidence 0.74.",True,False,-2644.5110230500504,-35.80576256252465,-2.470549398196781,2026-04-24 00:00:00+00:00,2026-05-05 00:00:00+00:00
2026-04-23 00:00:00+00:00,ESE.PA_^GSPC,HOLD,0.6921191677233252,0,0.0,0.0,0.0,0.008240799448500058,0.16059583861662546,0.5333333333333333,Unknown,0.0,0.05,0.7,Signal below confidence or profit threshold; no capital allocation recommended under conservative risk rules.,False,False,0.0,0.0,0.0,2026-04-23 00:00:00+00:00,2026-04-23 00:00:00+00:00
2026-04-23 00:00:00+00:00,QQQ_^NDX,HOLD,0.4329334393488793,0,0.0,0.0,0.0,0.000363410912963595,1.0,0.3726548945367142,Unknown,0.0,0.05,0.7,Signal below confidence or profit threshold; no capital allocation recommended under conservative risk rules.,False,False,0.0,0.0,0.0,2026-04-23 00:00:00+00:00,2026-04-23 00:00:00+00:00
2026-04-23 00:00:00+00:00,FEZ_^STOXX50E,CREATE,0.8833333333333333,13539,883333.3333333333,9581.187191272345,108.46627008987562,0.01134662700898756,1.0,0.611111111111111,Unknown,0.0,0.05,0.7,"Significant premium with persistence score 0.61, liquidity score 1.00, and confidence 0.88.",True,True,7847.935069518468,88.84454795681285,0.6694749341427081,2026-04-24 00:00:00+00:00,2026-05-05 00:00:00+00:00
2026-04-23 00:00:00+00:00,EUFN_^STOXX,CREATE,0.9299999999999999,25033,929999.9999999999,10642.560746205803,114.43613705597639,0.01194361370559764,1.0,0.7666666666666666,Unknown,0.0,0.05,0.7,"Significant premium with persistence score 0.77, liquidity score 1.00, and confidence 0.93.",True,True,8752.882982501964,94.11702131722544,0.7153774885447953,2026-04-24 00:00:00+00:00,2026-05-05 00:00:00+00:00
2026-04-23 00:00:00+00:00,URTH_ACWI,CREATE,0.8600000000000001,4437,860000.0000000001,1234.0913041603526,14.349898885585493,0.0019349898885585492,1.0,0.5333333333333333,Unknown,0.0,0.05,0.7,"Significant premium with persistence score 0.53, liquidity score 1.00, and confidence 0.86.",True,False,82.46108980240957,0.958849881423367,0.720457540510115,2026-04-24 00:00:00+00:00,2026-05-04 00:00:00+00:00
2026-04-24 00:00:00+00:00,BNK.PA_^FCHI,CREATE,0.711476856986318,11725,711476.856986318,7967.751618289326,111.98890786186948,0.011698890786186947,0.1407176182649231,0.611111111111111,Unknown,0.0,0.05,0.7,"Significant premium with persistence score 0.61, liquidity score 0.14, and confidence 0.71.",True,False,-1462.6196368350263,-20.557515293335157,-0.326348092392549,2026-04-27 00:00:00+00:00,2026-05-06 00:00:00+00:00
2026-04-24 00:00:00+00:00,FEZ_^STOXX50E,CREATE,0.8833333333333333,13377,883333.3333333333,9730.89545263883,110.16108059591129,0.011516108059591128,1.0,0.611111111111111,Unknown,0.0,0.05,0.7,"Significant premium with persistence score 0.61, liquidity score 1.00, and confidence 0.88.",True,False,-4422.844924187911,-50.06994253797636,-1.8591330352404165,2026-04-27 00:00:00+00:00,2026-05-06 00:00:00+00:00
2026-04-24 00:00:00+00:00,ESE.PA_^GSPC,HOLD,0.6898199098304596,0,0.0,0.0,0.0,0.00840869968597258,0.14909954915229798,0.5333333333333333,Unknown,0.0,0.05,0.7,Signal below confidence or profit threshold; no capital allocation recommended under conservative risk rules.,False,False,0.0,0.0,0.0,2026-04-24 00:00:00+00:00,2026-04-24 00:00:00+00:00
2026-04-24 00:00:00+00:00,EUFN_^STOXX,CREATE,0.9299999999999999,24833,929999.9999999999,10990.37414774718,118.17606610480838,0.01231760661048084,1.0,0.7666666666666666,Unknown,0.0,0.05,0.7,"Significant premium with persistence score 0.77, liquidity score 1.00, and confidence 0.93.",True,False,-12397.593242108554,-133.30745421622103,-6.767501491510198,2026-04-27 00:00:00+00:00,2026-05-06 00:00:00+00:00
2026-04-24 00:00:00+00:00,SPY_^GSPC,HOLD,0.4249627476961206,0,0.0,0.0,0.0,0.00033284739421192384,1.0,0.3800453876404865,Unknown,0.0,0.05,0.7,Signal below confidence or profit threshold; no capital allocation recommended under conservative risk rules.,False,False,0.0,0.0,0.0,2026-04-24 00:00:00+00:00,2026-04-24 00:00:00+00:00
2026-04-24 00:00:00+00:00,URTH_ACWI,CREATE,0.741706310553794,3479,679473.5503582924,438.3412508993076,6.451189316613817,0.0011451189316613816,1.0,0.5333333333333333,Unknown,0.0,0.05,0.7,"Significant premium with persistence score 0.53, liquidity score 1.00, and confidence 0.74.",True,False,-2135.6861091333058,-31.43148262367445,-3.3502658695853627,2026-04-27 00:00:00+00:00,2026-05-05 00:00:00+00:00
2026-04-24 00:00:00+00:00,QQQ_^NDX,HOLD,0.43388289120683987,0,0.0,0.0,0.0,0.00036554773571470886,1.0,0.373445486562012,Unknown,0.0,0.05,0.7,Signal below confidence or profit threshold; no capital allocation recommended under conservative risk rules.,False,False,0.0,0.0,0.0,2026-04-24 00:00:00+00:00,2026-04-24 00:00:00+00:00
2026-04-24 00:00:00+00:00,BNKE.L_^STOXX50E,HOLD,0.6783300500442099,0,0.0,0.0,0.0,0.01051590829619524,0.09165025022104899,0.5333333333333333,Unknown,0.0,0.05,0.7,Signal below confidence or profit threshold; no capital allocation recommended under conservative risk rules.,False,False,0.0,0.0,0.0,2026-04-24 00:00:00+00:00,2026-04-24 00:00:00+00:00
2026-04-27 00:00:00+00:00,FEZ_^STOXX50E,CREATE,0.8833333333333333,13463,883333.3333333333,9798.454713191852,110.92590241349266,0.011592590241349267,1.0,0.611111111111111,Unknown,0.0,0.05,0.7,"Significant premium with persistence score 0.61, liquidity score 1.00, and confidence 0.88.",True,False,-8628.796658042676,-97.68449046840766,-3.220136005876313,2026-04-28 00:00:00+00:00,2026-05-07 00:00:00+00:00
2026-04-27 00:00:00+00:00,ESE.PA_^GSPC,HOLD,0.6897737690634385,0,0.0,0.0,0.0,0.008269531711749574,0.14886884531719208,0.5333333333333333,Unknown,0.0,0.05,0.7,Signal below confidence or profit threshold; no capital allocation recommended under conservative risk rules.,False,False,0.0,0.0,0.0,2026-04-27 00:00:00+00:00,2026-04-27 00:00:00+00:00
2026-04-27 00:00:00+00:00,SPY_^GSPC,HOLD,0.428357989912155,0,0.0,0.0,0.0,0.00034038066043025,1.0,0.3829925658957946,Unknown,0.0,0.05,0.7,Signal below confidence or profit threshold; no capital allocation recommended under conservative risk rules.,False,False,0.0,0.0,0.0,2026-04-27 00:00:00+00:00,2026-04-27 00:00:00+00:00
2026-04-27 00:00:00+00:00,BNKE.L_^STOXX50E,HOLD,0.6782522584679159,0,0.0,0.0,0.0,0.010452298557833117,0.09126129233957926,0.5333333333333333,Unknown,0.0,0.05,0.7,Signal below confidence or profit threshold; no capital allocation recommended under conservative risk rules.,False,False,0.0,0.0,0.0,2026-04-27 00:00:00+00:00,2026-04-27 00:00:00+00:00
2026-04-27 00:00:00+00:00,URTH_ACWI,CREATE,0.7011478601734673,2736,534816.474476784,242.5210473297227,4.534659250483698,0.0009534659250483698,1.0,0.6110862838578136,Unknown,0.0,0.05,0.7,"Significant premium with persistence score 0.61, liquidity score 1.00, and confidence 0.70.",True,False,-830.9837634658477,-15.53773683353354,-1.5173639324329489,2026-04-28 00:00:00+00:00,2026-05-06 00:00:00+00:00
2026-04-27 00:00:00+00:00,QQQ_^NDX,HOLD,0.45833441850262485,0,0.0,0.0,0.0,0.0004283841589135888,1.0,0.3851323295492065,Unknown,0.0,0.05,0.7,Signal below confidence or profit threshold; no capital allocation recommended under conservative risk rules.,False,False,0.0,0.0,0.0,2026-04-27 00:00:00+00:00,2026-04-27 00:00:00+00:00
2026-04-27 00:00:00+00:00,BNK.PA_^FCHI,CREATE,0.7116621786025417,11695,711662.1786025417,8048.100065291474,113.08877030805765,0.011808877030805767,0.14164422634604135,0.611111111111111,Unknown,0.0,0.05,0.7,"Significant premium with persistence score 0.61, liquidity score 0.14, and confidence 0.71.",True,True,4235.0409900439945,59.50914798310836,0.4372509149518662,2026-04-28 00:00:00+00:00,2026-05-07 00:00:00+00:00
2026-04-27 00:00:00+00:00,EUFN_^STOXX,CREATE,0.9299999999999999,24859,929999.9999999999,9884.585606954983,106.28586674145144,0.011128586674145144,1.0,0.7666666666666666,Unknown,0.0,0.05,0.7,"Significant premium with persistence score 0.77, liquidity score 1.00, and confidence 0.93.",True,False,-3911.7531804709674,-42.06186215560181,-0.5804489364241163,2026-04-28 00:00:00+00:00,2026-05-07 00:00:00+00:00
2026-04-28 00:00:00+00:00,EUFN_^STOXX,CREATE,0.9299999999999999,24793,929999.9999999999,9719.299968521764,104.50860181206198,0.010950860181206199,1.0,0.7666666666666666,Unknown,0.0,0.05,0.7,"Significant premium with persistence score 0.77, liquidity score 1.00, and confidence 0.93.",True,False,-8961.381966416375,-96.3589458754449,-1.1571742001425418,2026-04-29 00:00:00+00:00,2026-05-08 00:00:00+00:00
2026-04-28 00:00:00+00:00,URTH_ACWI,HOLD,0.6866252577370704,0,0.0,0.0,0.0,0.0009571151246648429,1.0,0.5586229428292981,Unknown,0.0,0.05,0.7,Signal below confidence or profit threshold; no capital allocation recommended under conservative risk rules.,False,False,0.0,0.0,0.0,2026-04-28 00:00:00+00:00,2026-04-28 00:00:00+00:00
2026-04-28 00:00:00+00:00,SPY_^GSPC,HOLD,0.45147003332454966,0,0.0,0.0,0.0,0.0003414137415366237,1.0,0.45888484270780583,Unknown,0.0,0.05,0.7,Signal below confidence or profit threshold; no capital allocation recommended under conservative risk rules.,False,False,0.0,0.0,0.0,2026-04-28 00:00:00+00:00,2026-04-28 00:00:00+00:00
2026-04-28 00:00:00+00:00,QQQ_^NDX,HOLD,0.4741741610293781,0,0.0,0.0,0.0,0.00040457241443829294,1.0,0.46438896516649036,Unknown,0.0,0.05,0.7,Signal below confidence or profit threshold; no capital allocation recommended under conservative risk rules.,False,False,0.0,0.0,0.0,2026-04-28 00:00:00+00:00,2026-04-28 00:00:00+00:00
2026-04-28 00:00:00+00:00,FEZ_^STOXX50E,CREATE,0.8600000000000001,13200,860000.0000000001,9387.392472075822,109.1557264194863,0.011415572641948629,1.0,0.5333333333333333,Unknown,0.0,0.05,0.7,"Significant premium with persistence score 0.53, liquidity score 1.00, and confidence 0.86.",True,False,-10915.217740401591,-126.92113651629755,-1.9327365458498227,2026-04-29 00:00:00+00:00,2026-05-08 00:00:00+00:00
2026-04-28 00:00:00+00:00,BNKE.L_^STOXX50E,HOLD,0.6769254210691935,0,0.0,0.0,0.0,0.011608886445157281,0.08462710534596762,0.5333333333333333,Unknown,0.0,0.05,0.7,Signal below confidence or profit threshold; no capital allocation recommended under conservative risk rules.,False,False,0.0,0.0,0.0,2026-04-28 00:00:00+00:00,2026-04-28 00:00:00+00:00
2026-04-28 00:00:00+00:00,BNK.PA_^FCHI,CREATE,0.712046508141299,11584,712046.508141299,8287.354830310087,116.38783050763222,0.01213878305076322,0.14356587403982798,0.611111111111111,Unknown,0.0,0.05,0.7,"Significant premium with persistence score 0.61, liquidity score 0.14, and confidence 0.71.",True,False,-711.3243889606358,-9.989858539120595,-0.18543300274146896,2026-04-29 00:00:00+00:00,2026-05-08 00:00:00+00:00
2026-04-28 00:00:00+00:00,ESE.PA_^GSPC,CREATE,0.7145527236166509,23256,714552.7236166509,5537.357717414814,77.49403975941657,0.008249403975941656,0.15609695141658783,0.611111111111111,Unknown,0.0,0.05,0.7,"Significant premium with persistence score 0.61, liquidity score 0.16, and confidence 0.71.",True,False,-2381.8341801137763,-33.33321812921397,-0.8184643303351934,2026-04-29 00:00:00+00:00,2026-05-08 00:00:00+00:00
2026-04-29 00:00:00+00:00,FEZ_^STOXX50E,CREATE,0.8600000000000001,13329,860000.0000000001,9019.69247839925,104.88014509766569,0.01098801450976657,1.0,0.5333333333333333,Unknown,0.0,0.05,0.7,"Significant premium with persistence score 0.53, liquidity score 1.00, and confidence 0.86.",True,True,6365.151061670893,74.01338443803363,0.6996384691690919,2026-04-30 00:00:00+00:00,2026-05-11 00:00:00+00:00
2026-04-29 00:00:00+00:00,BNKE.L_^STOXX50E,CREATE,0.7005464242287598,2501,700546.4242287598,7968.145707542792,113.74186537765888,0.01187418653776589,0.08606545447713217,0.611111111111111,Unknown,0.0,0.05,0.7,"Significant premium with persistence score 0.61, liquidity score 0.09, and confidence 0.70.",True,False,7996.310576142537,114.14390680740073,0.7015349221484467,2026-04-30 00:00:00+00:00,2026-05-12 00:00:00+00:00
2026-04-29 00:00:00+00:00,EUFN_^STOXX,CREATE,0.9299999999999999,25141,929999.9999999999,10215.782367538755,109.84712223159953,0.011484712223159953,1.0,0.7666666666666666,Unknown,0.0,0.05,0.7,"Significant premium with persistence score 0.77, liquidity score 1.00, and confidence 0.93.",True,True,1128.3746795917132,12.13306107087864,0.30238136637005747,2026-04-30 00:00:00+00:00,2026-05-11 00:00:00+00:00
2026-04-29 00:00:00+00:00,ESE.PA_^GSPC,CREATE,0.7140739069759217,23169,714073.9069759217,4624.818801600794,64.76666849775735,0.006976666849775735,0.1537028682129415,0.611111111111111,Unknown,0.0,0.05,0.7,"Significant premium with persistence score 0.61, liquidity score 0.15, and confidence 0.71.",True,False,4133.958445440184,57.892585137963586,0.8058305640075036,2026-04-30 00:00:00+00:00,2026-05-11 00:00:00+00:00
2026-04-29 00:00:00+00:00,BNK.PA_^FCHI,CREATE,0.7356317451076126,11983,735631.7451076127,8666.41800511937,117.80919002960638,0.012280919002960638,0.1448253922047297,0.6888888888888889,Unknown,0.0,0.05,0.7,"Significant premium with persistence score 0.69, liquidity score 0.14, and confidence 0.74.",True,False,-7548.389306200258,-102.61097833802745,-7.379624076049336,2026-04-30 00:00:00+00:00,2026-05-11 00:00:00+00:00
2026-04-29 00:00:00+00:00,SPY_^GSPC,HOLD,0.46270718659317217,0,0.0,0.0,0.0,0.000302365598950998,1.0,0.5397288453650205,Unknown,0.0,0.05,0.7,Signal below confidence or profit threshold; no capital allocation recommended under conservative risk rules.,False,False,0.0,0.0,0.0,2026-04-29 00:00:00+00:00,2026-04-29 00:00:00+00:00
2026-04-29 00:00:00+00:00,QQQ_^NDX,HOLD,0.5035069680751815,0,0.0,0.0,0.0,0.000417025743767966,1.0,0.548327956063976,Unknown,0.0,0.05,0.7,Signal below confidence or profit threshold; no capital allocation recommended under conservative risk rules.,False,False,0.0,0.0,0.0,2026-04-29 00:00:00+00:00,2026-04-29 00:00:00+00:00
2026-04-29 00:00:00+00:00,URTH_ACWI,CREATE,0.8003219404061379,4064,788008.8080685859,575.8519910036795,7.307684699808063,0.0012307684699808064,1.0,0.6335526124862307,Unknown,0.0,0.05,0.7,"Significant premium with persistence score 0.63, liquidity score 1.00, and confidence 0.80.",True,False,-14.06801805824331,-0.17852615242619052,0.212541684507923,2026-04-30 00:00:00+00:00,2026-05-08 00:00:00+00:00
2026-04-30 00:00:00+00:00,ESE.PA_^GSPC,CREATE,0.7147602746931534,23135,714760.2746931534,3646.812328262041,51.02147471510805,0.005602147471510804,0.15713470679910024,0.611111111111111,Unknown,0.0,0.05,0.7,"Significant premium with persistence score 0.61, liquidity score 0.16, and confidence 0.71.",True,True,3145.2134790774094,44.00375329235595,0.5708765465537475,2026-05-04 00:00:00+00:00,2026-05-12 00:00:00+00:00
2026-04-30 00:00:00+00:00,EUFN_^STOXX,CREATE,0.9299999999999999,24661,929999.9999999999,9003.90629466315,96.81619671680807,0.010181619671680808,1.0,0.7666666666666666,Unknown,0.0,0.05,0.7,"Significant premium with persistence score 0.77, liquidity score 1.00, and confidence 0.93.",True,False,15207.259247670358,163.51891664161678,0.9867068388712733,2026-05-04 00:00:00+00:00,2026-05-12 00:00:00+00:00
2026-04-30 00:00:00+00:00,FEZ_^STOXX50E,CREATE,0.8833333333333333,13389,883333.3333333333,7027.347465425621,79.5548769670825,0.008455487696708251,1.0,0.611111111111111,Unknown,0.0,0.05,0.7,"Significant premium with persistence score 0.61, liquidity score 1.00, and confidence 0.88.",True,False,985.63443716107,11.158125703710226,0.2823119118199693,2026-05-04 00:00:00+00:00,2026-05-12 00:00:00+00:00
2026-04-30 00:00:00+00:00,BNK.PA_^FCHI,CREATE,0.7366451930035274,11921,736645.1930035274,7009.224017900955,95.15061096539854,0.010015061096539853,0.14989263168430328,0.6888888888888889,Unknown,0.0,0.05,0.7,"Significant premium with persistence score 0.69, liquidity score 0.15, and confidence 0.74.",True,False,-751.2942235859038,-10.19886141552961,-0.05974881553557052,2026-05-04 00:00:00+00:00,2026-05-12 00:00:00+00:00
2026-04-30 00:00:00+00:00,URTH_ACWI,CREATE,0.8873301876361843,4514,887330.1876361843,845.4661731718109,9.52820252204089,0.0014528202522040893,1.0,0.6768559007827378,Unknown,0.0,0.05,0.7,"Significant premium with persistence score 0.68, liquidity score 1.00, and confidence 0.89.",True,False,-403.21653581882987,-4.54415437947608,0.16489362698696358,2026-05-01 00:00:00+00:00,2026-05-11 00:00:00+00:00
2026-04-30 00:00:00+00:00,QQQ_^NDX,HOLD,0.47262184540009944,0,0.0,0.0,0.0,0.0003874137260453216,1.0,0.47827978906108526,Unknown,0.0,0.05,0.7,Signal below confidence or profit threshold; no capital allocation recommended under conservative risk rules.,False,False,0.0,0.0,0.0,2026-04-30 00:00:00+00:00,2026-04-30 00:00:00+00:00
2026-04-30 00:00:00+00:00,SPY_^GSPC,HOLD,0.4460506677935475,0,0.0,0.0,0.0,0.0003150943109457845,1.0,0.47006410270539783,Unknown,0.0,0.05,0.7,Signal below confidence or profit threshold; no capital allocation recommended under conservative risk rules.,False,False,0.0,0.0,0.0,2026-04-30 00:00:00+00:00,2026-04-30 00:00:00+00:00
2026-04-30 00:00:00+00:00,BNKE.L_^STOXX50E,CREATE,0.7144839192815552,2566,714483.9192815552,7676.82786890514,107.44577535943043,0.011244577535943044,0.27241959640777585,0.5333333333333333,Unknown,0.0,0.05,0.7,"Significant premium with persistence score 0.53, liquidity score 0.27, and confidence 0.71.",False,False,0.0,0.0,0.0,2026-05-05 00:00:00+00:00,2026-05-05 00:00:00+00:00
2026-05-01 00:00:00+00:00,URTH_ACWI,CREATE,0.8713400933043445,4428,871340.0933043445,828.7029521800127,9.510671648740038,0.0014510671648740037,1.0,0.6255034611544773,Unknown,0.0,0.05,0.7,"Significant premium with persistence score 0.63, liquidity score 1.00, and confidence 0.87.",True,False,-3819.692430025501,-43.83698695121729,-16.797463026877338,2026-05-04 00:00:00+00:00,2026-05-12 00:00:00+00:00
2026-05-01 00:00:00+00:00,QQQ_^NDX,HOLD,0.484349511696804,0,0.0,0.0,0.0,0.000349731025698756,1.0,0.55924167710184,Unknown,0.0,0.05,0.7,Signal below confidence or profit threshold; no capital allocation recommended under conservative risk rules.,False,False,0.0,0.0,0.0,2026-05-01 00:00:00+00:00,2026-05-01 00:00:00+00:00
2026-05-01 00:00:00+00:00,SPY_^GSPC,HOLD,0.4224025164048522,0,0.0,0.0,0.0,0.00032061455688405806,1.0,0.3851033248116651,Unknown,0.0,0.05,0.7,Signal below confidence or profit threshold; no capital allocation recommended under conservative risk rules.,False,False,0.0,0.0,0.0,2026-05-01 00:00:00+00:00,2026-05-01 00:00:00+00:00
2026-05-04 00:00:00+00:00,SPY_^GSPC,HOLD,0.44554339401461773,0,0.0,0.0,0.0,0.0003140348341334841,1.0,0.4695503865670768,Unknown,0.0,0.05,0.7,Signal below confidence or profit threshold; no capital allocation recommended under conservative risk rules.,False,False,0.0,0.0,0.0,2026-05-04 00:00:00+00:00,2026-05-04 00:00:00+00:00
2026-05-04 00:00:00+00:00,FEZ_^STOXX50E,CREATE,0.8600000000000001,13381,860000.0000000001,5638.682179243004,65.56607185166283,0.007056607185166283,1.0,0.5333333333333333,Unknown,0.0,0.05,0.7,"Significant premium with persistence score 0.53, liquidity score 1.00, and confidence 0.86.",False,False,0.0,0.0,0.0,2026-05-05 00:00:00+00:00,2026-05-05 00:00:00+00:00
2026-05-04 00:00:00+00:00,ESE.PA_^GSPC,CREATE,0.7403246204940211,23786,740324.6204940211,3632.806494965263,49.07045361453843,0.0054070453614538435,0.16828976913677215,0.6888888888888889,Unknown,0.0,0.05,0.7,"Significant premium with persistence score 0.69, liquidity score 0.17, and confidence 0.74.",False,False,0.0,0.0,0.0,2026-05-05 00:00:00+00:00,2026-05-05 00:00:00+00:00
2026-05-04 00:00:00+00:00,EUFN_^STOXX,CREATE,0.9066666666666667,24698,906666.6666666667,9146.653559057087,100.88220837195317,0.010588220837195317,1.0,0.6888888888888889,Unknown,0.0,0.05,0.7,"Significant premium with persistence score 0.69, liquidity score 1.00, and confidence 0.91.",False,False,0.0,0.0,0.0,2026-05-05 00:00:00+00:00,2026-05-05 00:00:00+00:00
2026-05-04 00:00:00+00:00,BNK.PA_^FCHI,CREATE,0.7377831207753474,12255,737783.1207753473,6394.890284715869,86.67710204586116,0.009167710204586116,0.15558227054340362,0.6888888888888889,Unknown,0.0,0.05,0.7,"Significant premium with persistence score 0.69, liquidity score 0.16, and confidence 0.74.",False,False,0.0,0.0,0.0,2026-05-05 00:00:00+00:00,2026-05-05 00:00:00+00:00
2026-05-04 00:00:00+00:00,QQQ_^NDX,HOLD,0.47973453944775873,0,0.0,0.0,0.0,0.0003400122524081401,1.0,0.5546570732612623,Unknown,0.0,0.05,0.7,Signal below confidence or profit threshold; no capital allocation recommended under conservative risk rules.,False,False,0.0,0.0,0.0,2026-05-04 00:00:00+00:00,2026-05-04 00:00:00+00:00
2026-05-04 00:00:00+00:00,URTH_ACWI,CREATE,0.9066565850631221,4636,906656.5850631221,896.8398281422118,9.891725741778771,0.001489172574177877,1.0,0.7008857566794326,Unknown,0.0,0.05,0.7,"Significant premium with persistence score 0.70, liquidity score 1.00, and confidence 0.91.",False,False,0.0,0.0,0.0,2026-05-05 00:00:00+00:00,2026-05-05 00:00:00+00:00
2026-05-05 00:00:00+00:00,BNKE.L_^STOXX50E,CREATE,0.7161359319146322,2594,716135.9319146322,7228.2201170157905,100.9336327768209,0.01059336327768209,0.2806796595731608,0.5333333333333333,Unknown,0.0,0.05,0.7,"Significant premium with persistence score 0.53, liquidity score 0.28, and confidence 0.72.",False,False,0.0,0.0,0.0,2026-05-06 00:00:00+00:00,2026-05-06 00:00:00+00:00
2026-05-05 00:00:00+00:00,ESE.PA_^GSPC,CREATE,0.7170767036013769,22891,717076.7036013769,3347.8927829728245,46.68807069255898,0.005168807069255898,0.16871685134021758,0.611111111111111,Unknown,0.0,0.05,0.7,"Significant premium with persistence score 0.61, liquidity score 0.17, and confidence 0.72.",False,False,0.0,0.0,0.0,2026-05-06 00:00:00+00:00,2026-05-06 00:00:00+00:00
2026-05-05 00:00:00+00:00,SPY_^GSPC,HOLD,0.43906808598649993,0,0.0,0.0,0.0,0.000301675586397286,1.0,0.4616985239580154,Unknown,0.0,0.05,0.7,Signal below confidence or profit threshold; no capital allocation recommended under conservative risk rules.,False,False,0.0,0.0,0.0,2026-05-05 00:00:00+00:00,2026-05-05 00:00:00+00:00
2026-05-05 00:00:00+00:00,FEZ_^STOXX50E,CREATE,0.8833333333333333,13434,883333.3333333333,4739.498095425096,53.65469541990675,0.005865469541990675,1.0,0.611111111111111,Unknown,0.0,0.05,0.7,"Significant premium with persistence score 0.61, liquidity score 1.00, and confidence 0.88.",False,False,0.0,0.0,0.0,2026-05-06 00:00:00+00:00,2026-05-06 00:00:00+00:00
2026-05-05 00:00:00+00:00,QQQ_^NDX,HOLD,0.4813293145595452,0,0.0,0.0,0.0,0.0003566921893924949,1.0,0.5414397269846007,Unknown,0.0,0.05,0.7,Signal below confidence or profit threshold; no capital allocation recommended under conservative risk rules.,False,False,0.0,0.0,0.0,2026-05-05 00:00:00+00:00,2026-05-05 00:00:00+00:00
2026-05-05 00:00:00+00:00,BNK.PA_^FCHI,CREATE,0.7138764662152787,11782,713876.4662152787,6028.147947427912,84.44245233894635,0.008944245233894636,0.15271566440972648,0.611111111111111,Unknown,0.0,0.05,0.7,"Significant premium with persistence score 0.61, liquidity score 0.15, and confidence 0.71.",False,False,0.0,0.0,0.0,2026-05-06 00:00:00+00:00,2026-05-06 00:00:00+00:00
2026-05-05 00:00:00+00:00,EUFN_^STOXX,CREATE,0.9299999999999999,25060,929999.9999999999,9061.154576210321,97.43176963667014,0.010243176963667014,1.0,0.7666666666666666,Unknown,0.0,0.05,0.7,"Significant premium with persistence score 0.77, liquidity score 1.00, and confidence 0.93.",False,False,0.0,0.0,0.0,2026-05-06 00:00:00+00:00,2026-05-06 00:00:00+00:00
2026-05-05 00:00:00+00:00,URTH_ACWI,CREATE,0.9299999999999999,4720,929999.9999999999,935.5195546516197,10.059350050017418,0.0015059350050017418,1.0,0.7666666666666666,Unknown,0.0,0.05,0.7,"Significant premium with persistence score 0.77, liquidity score 1.00, and confidence 0.93.",False,False,0.0,0.0,0.0,2026-05-06 00:00:00+00:00,2026-05-06 00:00:00+00:00
2026-05-06 00:00:00+00:00,QQQ_^NDX,HOLD,0.447532255665134,0,0.0,0.0,0.0,0.00032629010799702465,1.0,0.46256295444264156,Unknown,0.0,0.05,0.7,Signal below confidence or profit threshold; no capital allocation recommended under conservative risk rules.,False,False,0.0,0.0,0.0,2026-05-06 00:00:00+00:00,2026-05-06 00:00:00+00:00
2026-05-06 00:00:00+00:00,BNKE.L_^STOXX50E,CREATE,0.739381575220988,2578,739381.575220988,7124.957129309621,96.36373650750086,0.010136373650750086,0.28024120943827313,0.611111111111111,Unknown,0.0,0.05,0.7,"Significant premium with persistence score 0.61, liquidity score 0.28, and confidence 0.74.",False,False,0.0,0.0,0.0,2026-05-07 00:00:00+00:00,2026-05-07 00:00:00+00:00
2026-05-06 00:00:00+00:00,FEZ_^STOXX50E,CREATE,0.8833333333333333,12995,883333.3333333333,4959.167101009678,56.14151435105296,0.006114151435105296,1.0,0.611111111111111,Unknown,0.0,0.05,0.7,"Significant premium with persistence score 0.61, liquidity score 1.00, and confidence 0.88.",False,False,0.0,0.0,0.0,2026-05-07 00:00:00+00:00,2026-05-07 00:00:00+00:00
2026-05-06 00:00:00+00:00,SPY_^GSPC,HOLD,0.4504178214289652,0,0.0,0.0,0.0,0.0003926223960590665,1.0,0.3984789646975878,Unknown,0.0,0.05,0.7,Signal below confidence or profit threshold; no capital allocation recommended under conservative risk rules.,False,False,0.0,0.0,0.0,2026-05-06 00:00:00+00:00,2026-05-06 00:00:00+00:00
2026-05-06 00:00:00+00:00,BNK.PA_^FCHI,CREATE,0.7336618525994161,11691,733661.852599416,6552.575213201542,89.31328772220203,0.009431328772220204,0.13497592966374716,0.6888888888888889,Unknown,0.0,0.05,0.7,"Significant premium with persistence score 0.69, liquidity score 0.13, and confidence 0.73.",False,False,0.0,0.0,0.0,2026-05-07 00:00:00+00:00,2026-05-07 00:00:00+00:00
2026-05-06 00:00:00+00:00,EUFN_^STOXX,CREATE,0.9299999999999999,24168,929999.9999999999,9157.060810323488,98.46301946584397,0.010346301946584396,1.0,0.7666666666666666,Unknown,0.0,0.05,0.7,"Significant premium with persistence score 0.77, liquidity score 1.00, and confidence 0.93.",False,False,0.0,0.0,0.0,2026-05-07 00:00:00+00:00,2026-05-07 00:00:00+00:00
2026-05-06 00:00:00+00:00,ESE.PA_^GSPC,CREATE,0.7184853402664337,22743,718485.3402664338,3284.275028699766,45.71109310987289,0.00507110931098729,0.1757600346655019,0.611111111111111,Unknown,0.0,0.05,0.7,"Significant premium with persistence score 0.61, liquidity score 0.18, and confidence 0.72.",False,False,0.0,0.0,0.0,2026-05-07 00:00:00+00:00,2026-05-07 00:00:00+00:00
2026-05-06 00:00:00+00:00,URTH_ACWI,CREATE,0.8936495267961633,4454,893649.5267961633,858.7512441396186,9.609485803884896,0.0014609485803884895,1.0,0.6888888888888889,Unknown,0.0,0.05,0.7,"Significant premium with persistence score 0.69, liquidity score 1.00, and confidence 0.89.",False,False,0.0,0.0,0.0,2026-05-07 00:00:00+00:00,2026-05-07 00:00:00+00:00
2026-05-07 00:00:00+00:00,EUFN_^STOXX,CREATE,0.9299999999999999,24688,929999.9999999999,9226.862283630107,99.21357294225923,0.010421357294225922,1.0,0.7666666666666666,Unknown,0.0,0.05,0.7,"Significant premium with persistence score 0.77, liquidity score 1.00, and confidence 0.93.",False,False,0.0,0.0,0.0,2026-05-08 00:00:00+00:00,2026-05-08 00:00:00+00:00
2026-05-07 00:00:00+00:00,FEZ_^STOXX50E,CREATE,0.8833333333333333,13277,883333.3333333333,4838.8890302023365,54.77987581361136,0.005977987581361137,1.0,0.611111111111111,Unknown,0.0,0.05,0.7,"Significant premium with persistence score 0.61, liquidity score 1.00, and confidence 0.88.",False,False,0.0,0.0,0.0,2026-05-08 00:00:00+00:00,2026-05-08 00:00:00+00:00
2026-05-07 00:00:00+00:00,BNKE.L_^STOXX50E,CREATE,0.7605952034670613,2652,760595.2034670613,7695.569183098388,101.17825024427275,0.010617825024427275,0.26964268400197344,0.6888888888888889,Unknown,0.0,0.05,0.7,"Significant premium with persistence score 0.69, liquidity score 0.27, and confidence 0.76.",False,False,0.0,0.0,0.0,2026-05-08 00:00:00+00:00,2026-05-08 00:00:00+00:00
2026-05-07 00:00:00+00:00,BNK.PA_^FCHI,CREATE,0.753661565294576,12051,753661.565294576,5685.241805000445,75.43494410224187,0.008043494410224188,0.11830782647288005,0.7666666666666666,Unknown,0.0,0.05,0.7,"Significant premium with persistence score 0.77, liquidity score 0.12, and confidence 0.75.",False,False,0.0,0.0,0.0,2026-05-08 00:00:00+00:00,2026-05-08 00:00:00+00:00
2026-05-07 00:00:00+00:00,URTH_ACWI,CREATE,0.9006743585269974,4523,900674.3585269974,821.4357985607294,9.120230755809922,0.001412023075580992,1.0,0.7666666666666666,Unknown,0.0,0.05,0.7,"Significant premium with persistence score 0.77, liquidity score 1.00, and confidence 0.90.",False,False,0.0,0.0,0.0,2026-05-08 00:00:00+00:00,2026-05-08 00:00:00+00:00
2026-05-07 00:00:00+00:00,ESE.PA_^GSPC,CREATE,0.7183819506792246,22675,718381.9506792246,3446.199502528491,47.97168830968172,0.005297168830968172,0.1752430867294566,0.611111111111111,Unknown,0.0,0.05,0.7,"Significant premium with persistence score 0.61, liquidity score 0.18, and confidence 0.72.",False,False,0.0,0.0,0.0,2026-05-08 00:00:00+00:00,2026-05-08 00:00:00+00:00
2026-05-07 00:00:00+00:00,QQQ_^NDX,HOLD,0.4501450505891419,0,0.0,0.0,0.0,0.00027277761899045225,1.0,0.530730591974415,Unknown,0.0,0.05,0.7,Signal below confidence or profit threshold; no capital allocation recommended under conservative risk rules.,False,False,0.0,0.0,0.0,2026-05-07 00:00:00+00:00,2026-05-07 00:00:00+00:00
2026-05-07 00:00:00+00:00,SPY_^GSPC,HOLD,0.4704791884250345,0,0.0,0.0,0.0,0.0003674285470720594,1.0,0.49334335355893777,Unknown,0.0,0.05,0.7,Signal below confidence or profit threshold; no capital allocation recommended under conservative risk rules.,False,False,0.0,0.0,0.0,2026-05-07 00:00:00+00:00,2026-05-07 00:00:00+00:00
2026-05-08 00:00:00+00:00,BNKE.L_^STOXX50E,CREATE,0.7598414053764038,2681,759841.4053764037,7502.762713241071,98.74116704030385,0.010374116704030385,0.26587369354868573,0.6888888888888889,Unknown,0.0,0.05,0.7,"Significant premium with persistence score 0.69, liquidity score 0.27, and confidence 0.76.",False,False,0.0,0.0,0.0,2026-05-11 00:00:00+00:00,2026-05-11 00:00:00+00:00
2026-05-08 00:00:00+00:00,ESE.PA_^GSPC,CREATE,0.7190114732174187,22646,719011.4732174187,3442.766770179175,47.88194484259826,0.005288194484259825,0.17839069942042668,0.611111111111111,Unknown,0.0,0.05,0.7,"Significant premium with persistence score 0.61, liquidity score 0.18, and confidence 0.72.",False,False,0.0,0.0,0.0,2026-05-11 00:00:00+00:00,2026-05-11 00:00:00+00:00
2026-05-08 00:00:00+00:00,QQQ_^NDX,HOLD,0.33871548263620377,0,0.0,0.0,0.0,0.00039443235642991993,1.0,0.4395589955680219,Calm,0.986511,0.96,0.672,Signal below confidence or profit threshold; no capital allocation recommended under conservative risk rules.,False,False,0.0,0.0,0.0,2026-05-08 00:00:00+00:00,2026-05-08 00:00:00+00:00
2026-05-08 00:00:00+00:00,URTH_ACWI,HOLD,0.45704474801448325,0,0.0,0.0,0.0,0.0015717961380518769,1.0,0.6888888888888889,High_Vol,0.274616,0.52,0.812,Signal below confidence or profit threshold; no capital allocation recommended under conservative risk rules.,False,False,0.0,0.0,0.0,2026-05-08 00:00:00+00:00,2026-05-08 00:00:00+00:00
2026-05-08 00:00:00+00:00,FEZ_^STOXX50E,CREATE,0.8833333333333333,13168,883333.3333333333,4879.732322447278,55.24225270695033,0.006024225270695033,1.0,0.611111111111111,Unknown,0.0,0.05,0.7,"Significant premium with persistence score 0.61, liquidity score 1.00, and confidence 0.88.",False,False,0.0,0.0,0.0,2026-05-11 00:00:00+00:00,2026-05-11 00:00:00+00:00
2026-05-08 00:00:00+00:00,EUFN_^STOXX,CREATE,0.9299999999999999,24441,929999.9999999999,9186.162582247414,98.77594174459587,0.010377594174459586,1.0,0.7666666666666666,Unknown,0.0,0.05,0.7,"Significant premium with persistence score 0.77, liquidity score 1.00, and confidence 0.93.",False,False,0.0,0.0,0.0,2026-05-11 00:00:00+00:00,2026-05-11 00:00:00+00:00
2026-05-08 00:00:00+00:00,SPY_^GSPC,HOLD,0.32795766652198943,0,0.0,0.0,0.0,0.00037416878314097056,1.0,0.40487226901189943,Calm,0.999571,0.96,0.672,Signal below confidence or profit threshold; no capital allocation recommended under conservative risk rules.,False,False,0.0,0.0,0.0,2026-05-08 00:00:00+00:00,2026-05-08 00:00:00+00:00
2026-05-08 00:00:00+00:00,BNK.PA_^FCHI,HOLD,0.4219391165260096,0,0.0,0.0,0.0,0.008372502033665978,0.11624922554098764,0.8444444444444443,Calm,0.924581,0.96,0.672,Signal below confidence or profit threshold; no capital allocation recommended under conservative risk rules.,False,False,0.0,0.0,0.0,2026-05-08 00:00:00+00:00,2026-05-08 00:00:00+00:00
2026-05-11 00:00:00+00:00,BNKE.L_^STOXX50E,CREATE,0.7837022289544271,2760,783702.2289544271,7768.813990492796,99.12966562386234,0.010412966562386234,0.26851114477213545,0.7666666666666666,Unknown,0.0,0.05,0.7,"Significant premium with persistence score 0.77, liquidity score 0.27, and confidence 0.78.",False,False,0.0,0.0,0.0,2026-05-12 00:00:00+00:00,2026-05-12 00:00:00+00:00
2026-05-11 00:00:00+00:00,SPY_^GSPC,HOLD,0.3323635992287969,0,0.0,0.0,0.0,0.0004151729456762103,1.0,0.41718578529528294,Calm,0.999571,0.96,0.672,Signal below confidence or profit threshold; no capital allocation recommended under conservative risk rules.,False,False,0.0,0.0,0.0,2026-05-11 00:00:00+00:00,2026-05-11 00:00:00+00:00
2026-05-11 00:00:00+00:00,QQQ_^NDX,HOLD,0.3137201663211394,0,0.0,0.0,0.0,0.00032264766663878943,1.0,0.3603954811029421,Calm,0.986511,0.96,0.672,Signal below confidence or profit threshold; no capital allocation recommended under conservative risk rules.,False,False,0.0,0.0,0.0,2026-05-11 00:00:00+00:00,2026-05-11 00:00:00+00:00
2026-05-11 00:00:00+00:00,BNK.PA_^FCHI,HOLD,0.426904928194076,0,0.0,0.0,0.0,0.008710016830625946,0.11178012442298889,0.8444444444444443,Calm,0.924581,0.96,0.672,Signal below confidence or profit threshold; no capital allocation recommended under conservative risk rules.,False,False,0.0,0.0,0.0,2026-05-11 00:00:00+00:00,2026-05-11 00:00:00+00:00
2026-05-11 00:00:00+00:00,FEZ_^STOXX50E,CREATE,0.8833333333333333,13249,883333.3333333333,5871.269054755845,66.4671968462926,0.00714671968462926,1.0,0.611111111111111,Unknown,0.0,0.05,0.7,"Significant premium with persistence score 0.61, liquidity score 1.00, and confidence 0.88.",False,False,0.0,0.0,0.0,2026-05-12 00:00:00+00:00,2026-05-12 00:00:00+00:00
2026-05-11 00:00:00+00:00,URTH_ACWI,HOLD,0.45655371567332026,0,0.0,0.0,0.0,0.0015564759290075919,1.0,0.6888888888888889,High_Vol,0.274616,0.52,0.812,Signal below confidence or profit threshold; no capital allocation recommended under conservative risk rules.,False,False,0.0,0.0,0.0,2026-05-11 00:00:00+00:00,2026-05-11 00:00:00+00:00
2026-05-11 00:00:00+00:00,EUFN_^STOXX,CREATE,0.9066666666666667,23897,906666.6666666667,9031.06089383882,99.60728927028109,0.01046072892702811,1.0,0.6888888888888889,Unknown,0.0,0.05,0.7,"Significant premium with persistence score 0.69, liquidity score 1.00, and confidence 0.91.",False,False,0.0,0.0,0.0,2026-05-12 00:00:00+00:00,2026-05-12 00:00:00+00:00
2026-05-11 00:00:00+00:00,ESE.PA_^GSPC,CREATE,0.7449642654310558,23384,744964.2654310558,3537.446767486312,47.48478459486178,0.005248478459486178,0.1914879938219452,0.6888888888888889,Unknown,0.0,0.05,0.7,"Significant premium with persistence score 0.69, liquidity score 0.19, and confidence 0.74.",False,False,0.0,0.0,0.0,2026-05-12 00:00:00+00:00,2026-05-12 00:00:00+00:00
